timestamp_utc,station_id,status,diesel
2026-09-01T03:00:57Z,4c8cac28-e631-42aa-8206-db8f9acf8919,open,2.188
2026-09-01T03:00:57Z,005056ba-7cb6-1ed2-bceb-8b9067120d33,open,2.189
2026-09-01T03:00:57Z,51d4b52a-a095-1aa0-e100-80009459e03a,open,2.169
2026-09-01T04:01:00Z,4910a275-9695-403e-bb77-bf059a03713b,open,2.189
2026-09-01T04:01:00Z,e1a15081-2513-9107-e040-0b0a3dfe563c,open,2.189
2026-09-01T04:01:00Z,0644af18-e91e-4f5c-b23b-ecee706482ce,open,2.199
2026-09-01T04:01:00Z,51d4b662-a095-1aa0-e100-80009459e03a,open,2.189
2026-09-01T04:01:00Z,515bab29-79a3-4a95-937b-3a13c7907955,open,2.179
2026-09-01T04:30:56Z,0644af18-e91e-4f5c-b23b-ecee706482ce,open,2.189
2026-09-01T04:30:56Z,6cc0da1b-3d06-4abf-a2e9-3a4f67469658,open,2.199
2026-09-01T04:30:56Z,3d5d33e1-982e-4bd9-831c-7710f4b2bd72,open,2.189
2026-09-01T04:59:52Z,4910a275-9695-403e-bb77-bf059a03713b,open,2.179
2026-09-01T04:59:52Z,ff84eb62-9c83-4c6a-b3e3-d7dad141e8d5,open,2.189
2026-09-01T05:03:00Z,3bc75820-2e63-4a74-92cf-ef078b21accf,open,2.189
2026-09-01T05:33:05Z,4c8cac28-e631-42aa-8206-db8f9acf8919,open,2.178
2026-09-01T05:33:05Z,e1a15081-2513-9107-e040-0b0a3dfe563c,open,2.179
2026-09-01T05:33:05Z,005056ba-7cb6-1ed2-bceb-8b9067120d33,open,2.179
2026-09-01T05:33:05Z,695e738d-6386-4189-b454-af4a2947e89d,open,2.189
2026-09-01T05:33:05Z,03344243-1c82-4fe4-9191-9d9bc9cc4d14,open,2.189
2026-09-01T05:33:05Z,51d4b662-a095-1aa0-e100-80009459e03a,open,2.179
2026-09-01T07:01:02Z,77d0b269-a3f2-4a90-aebb-264d45748583,open,2.219
2026-09-01T07:01:02Z,0014c75b-2b35-4fad-b162-8b3fb9125cd2,open,2.219
2026-09-01T07:01:02Z,23cb9e76-f277-4ab3-b64b-d5d8a71eee0a,open,2.229
2026-09-01T07:30:54Z,77d0b269-a3f2-4a90-aebb-264d45748583,open,2.209
2026-09-01T07:30:54Z,0014c75b-2b35-4fad-b162-8b3fb9125cd2,open,2.209
2026-09-01T07:30:54Z,23cb9e76-f277-4ab3-b64b-d5d8a71eee0a,open,2.219
2026-09-01T07:30:54Z,3d5d33e1-982e-4bd9-831c-7710f4b2bd72,open,2.169
2026-09-01T08:01:06Z,51d4b52a-a095-1aa0-e100-80009459e03a,open,2.159
2026-09-01T08:30:54Z,005056a9-779e-1eee-bfc4-26f2ed85158d,open,2.159
2026-09-01T08:30:54Z,f3f3b1ad-72ef-424a-8237-96c84ef806af,open,2.169
2026-09-01T08:30:54Z,515bab29-79a3-4a95-937b-3a13c7907955,open,2.169
2026-09-01T10:30:51Z,4910a275-9695-403e-bb77-bf059a03713b,open,2.429
2026-09-01T10:30:51Z,ff84eb62-9c83-4c6a-b3e3-d7dad141e8d5,open,2.449
2026-09-01T10:30:51Z,4c8cac28-e631-42aa-8206-db8f9acf8919,open,2.528
2026-09-01T10:30:51Z,77d0b269-a3f2-4a90-aebb-264d45748583,open,2.469
2026-09-01T10:30:51Z,e1a15081-2513-9107-e040-0b0a3dfe563c,open,2.419
2026-09-01T10:30:51Z,3bc75820-2e63-4a74-92cf-ef078b21accf,open,2.449
2026-09-01T10:30:51Z,0014c75b-2b35-4fad-b162-8b3fb9125cd2,open,2.469
2026-09-01T10:30:51Z,0644af18-e91e-4f5c-b23b-ecee706482ce,open,2.409
2026-09-01T10:30:51Z,6cc0da1b-3d06-4abf-a2e9-3a4f67469658,open,2.409
2026-09-01T10:30:51Z,23cb9e76-f277-4ab3-b64b-d5d8a71eee0a,open,2.469
2026-09-01T10:30:51Z,005056a9-779e-1eee-bfc4-26f2ed85158d,open,2.399
2026-09-01T10:30:51Z,3d5d33e1-982e-4bd9-831c-7710f4b2bd72,open,2.459
2026-09-01T10:30:51Z,005056ba-7cb6-1ed2-bceb-8b9067120d33,open,2.399
2026-09-01T10:30:51Z,695e738d-6386-4189-b454-af4a2947e89d,open,2.409
2026-09-01T10:30:51Z,f3f3b1ad-72ef-424a-8237-96c84ef806af,open,2.449
2026-09-01T10:30:51Z,9cc82fee-ffbf-4cf3-948a-9c5e494588a8,open,2.559
2026-09-01T10:30:51Z,51d4b52a-a095-1aa0-e100-80009459e03a,open,2.399
2026-09-01T10:30:51Z,03344243-1c82-4fe4-9191-9d9bc9cc4d14,open,2.449
2026-09-01T10:30:51Z,51d4b662-a095-1aa0-e100-80009459e03a,open,2.399
2026-09-01T10:30:51Z,515bab29-79a3-4a95-937b-3a13c7907955,open,2.449
2026-09-01T11:01:03Z,4910a275-9695-403e-bb77-bf059a03713b,open,2.399
2026-09-01T11:01:03Z,4c8cac28-e631-42aa-8206-db8f9acf8919,open,2.398
2026-09-01T11:01:03Z,e1a15081-2513-9107-e040-0b0a3dfe563c,open,2.399
2026-09-01T11:01:03Z,3bc75820-2e63-4a74-92cf-ef078b21accf,open,2.409
2026-09-01T11:01:03Z,9cc82fee-ffbf-4cf3-948a-9c5e494588a8,open,2.419
2026-09-01T11:01:03Z,03344243-1c82-4fe4-9191-9d9bc9cc4d14,open,2.399
2026-09-01T11:01:03Z,51d4b662-a095-1aa0-e100-80009459e03a,open,2.389
2026-09-01T11:01:03Z,515bab29-79a3-4a95-937b-3a13c7907955,open,2.409
2026-09-01T11:30:49Z,4910a275-9695-403e-bb77-bf059a03713b,open,2.389
2026-09-01T11:30:49Z,ff84eb62-9c83-4c6a-b3e3-d7dad141e8d5,open,2.409
2026-09-01T11:30:49Z,4c8cac28-e631-42aa-8206-db8f9acf8919,open,2.388
2026-09-01T11:30:49Z,e1a15081-2513-9107-e040-0b0a3dfe563c,open,2.389
2026-09-01T11:30:49Z,0644af18-e91e-4f5c-b23b-ecee706482ce,open,2.399
2026-09-01T11:30:49Z,3d5d33e1-982e-4bd9-831c-7710f4b2bd72,open,2.399
2026-09-01T11:30:49Z,005056ba-7cb6-1ed2-bceb-8b9067120d33,open,2.389
2026-09-01T11:30:49Z,695e738d-6386-4189-b454-af4a2947e89d,open,2.399
2026-09-01T11:30:49Z,f3f3b1ad-72ef-424a-8237-96c84ef806af,open,2.409
2026-09-01T11:30:49Z,9cc82fee-ffbf-4cf3-948a-9c5e494588a8,open,2.409
2026-09-01T11:30:49Z,51d4b52a-a095-1aa0-e100-80009459e03a,open,2.389
2026-09-01T12:01:01Z,ff84eb62-9c83-4c6a-b3e3-d7dad141e8d5,open,2.399
2026-09-01T12:01:01Z,77d0b269-a3f2-4a90-aebb-264d45748583,open,2.409
2026-09-01T12:01:01Z,3bc75820-2e63-4a74-92cf-ef078b21accf,open,2.399
2026-09-01T12:01:01Z,0014c75b-2b35-4fad-b162-8b3fb9125cd2,open,2.399
2026-09-01T12:01:01Z,23cb9e76-f277-4ab3-b64b-d5d8a71eee0a,open,2.399
2026-09-01T12:01:01Z,005056a9-779e-1eee-bfc4-26f2ed85158d,open,2.389
2026-09-01T12:01:01Z,3d5d33e1-982e-4bd9-831c-7710f4b2bd72,open,2.389
2026-09-01T12:01:01Z,f3f3b1ad-72ef-424a-8237-96c84ef806af,open,2.399
2026-09-01T12:01:01Z,9cc82fee-ffbf-4cf3-948a-9c5e494588a8,open,2.399
2026-09-01T12:01:01Z,51d4b52a-a095-1aa0-e100-80009459e03a,open,2.379
2026-09-01T12:01:01Z,515bab29-79a3-4a95-937b-3a13c7907955,open,2.399
2026-09-01T12:30:54Z,4910a275-9695-403e-bb77-bf059a03713b,open,2.379
2026-09-01T12:30:54Z,77d0b269-a3f2-4a90-aebb-264d45748583,open,2.399
2026-09-01T12:30:54Z,0644af18-e91e-4f5c-b23b-ecee706482ce,open,2.389
2026-09-01T12:30:54Z,6cc0da1b-3d06-4abf-a2e9-3a4f67469658,open,2.399
2026-09-01T12:30:54Z,005056a9-779e-1eee-bfc4-26f2ed85158d,open,2.379
2026-09-01T12:30:54Z,3d5d33e1-982e-4bd9-831c-7710f4b2bd72,open,2.379
2026-09-01T12:30:54Z,f3f3b1ad-72ef-424a-8237-96c84ef806af,open,2.389
2026-09-01T12:30:54Z,51d4b52a-a095-1aa0-e100-80009459e03a,open,2.369
2026-09-01T12:30:54Z,515bab29-79a3-4a95-937b-3a13c7907955,open,2.389
2026-09-01T13:01:03Z,4910a275-9695-403e-bb77-bf059a03713b,open,2.369
2026-09-01T13:01:03Z,ff84eb62-9c83-4c6a-b3e3-d7dad141e8d5,open,2.389
2026-09-01T13:01:03Z,3bc75820-2e63-4a74-92cf-ef078b21accf,open,2.389
2026-09-01T13:01:03Z,0014c75b-2b35-4fad-b162-8b3fb9125cd2,open,2.389
2026-09-01T13:01:03Z,0644af18-e91e-4f5c-b23b-ecee706482ce,open,2.379
2026-09-01T13:01:03Z,6cc0da1b-3d06-4abf-a2e9-3a4f67469658,open,2.389
2026-09-01T13:01:03Z,005056a9-779e-1eee-bfc4-26f2ed85158d,open,2.369
2026-09-01T13:01:03Z,3d5d33e1-982e-4bd9-831c-7710f4b2bd72,open,2.369
2026-09-01T13:01:03Z,f3f3b1ad-72ef-424a-8237-96c84ef806af,open,2.379
2026-09-01T13:01:03Z,9cc82fee-ffbf-4cf3-948a-9c5e494588a8,open,2.379
2026-09-01T13:01:03Z,51d4b52a-a095-1aa0-e100-80009459e03a,open,2.359
2026-09-01T13:01:03Z,03344243-1c82-4fe4-9191-9d9bc9cc4d14,open,2.389
2026-09-01T13:01:03Z,51d4b662-a095-1aa0-e100-80009459e03a,open,2.379
2026-09-01T13:01:03Z,515bab29-79a3-4a95-937b-3a13c7907955,open,2.379
2026-09-01T13:30:54Z,4910a275-9695-403e-bb77-bf059a03713b,open,2.359
2026-09-01T13:30:54Z,ff84eb62-9c83-4c6a-b3e3-d7dad141e8d5,open,2.379
2026-09-01T13:30:54Z,4c8cac28-e631-42aa-8206-db8f9acf8919,open,2.378
2026-09-01T13:30:54Z,77d0b269-a3f2-4a90-aebb-264d45748583,open,2.389
2026-09-01T13:30:54Z,e1a15081-2513-9107-e040-0b0a3dfe563c,open,2.379
2026-09-01T13:30:54Z,3bc75820-2e63-4a74-92cf-ef078b21accf,open,2.379
2026-09-01T13:30:54Z,0014c75b-2b35-4fad-b162-8b3fb9125cd2,open,2.379
2026-09-01T13:30:54Z,0644af18-e91e-4f5c-b23b-ecee706482ce,open,2.369
2026-09-01T13:30:54Z,6cc0da1b-3d06-4abf-a2e9-3a4f67469658,open,2.379
2026-09-01T13:30:54Z,23cb9e76-f277-4ab3-b64b-d5d8a71eee0a,open,2.389
2026-09-01T13:30:54Z,005056a9-779e-1eee-bfc4-26f2ed85158d,open,2.349
2026-09-01T13:30:54Z,3d5d33e1-982e-4bd9-831c-7710f4b2bd72,open,2.349
2026-09-01T13:30:54Z,005056ba-7cb6-1ed2-bceb-8b9067120d33,open,2.379
2026-09-01T13:30:54Z,695e738d-6386-4189-b454-af4a2947e89d,open,2.389
2026-09-01T13:30:54Z,f3f3b1ad-72ef-424a-8237-96c84ef806af,open,2.369
2026-09-01T13:30:54Z,51d4b52a-a095-1aa0-e100-80009459e03a,open,2.349
2026-09-01T13:30:54Z,03344243-1c82-4fe4-9191-9d9bc9cc4d14,open,2.379
2026-09-01T13:30:54Z,51d4b662-a095-1aa0-e100-80009459e03a,open,2.369
2026-09-01T13:30:54Z,515bab29-79a3-4a95-937b-3a13c7907955,open,2.369
2026-09-01T14:01:02Z,ff84eb62-9c83-4c6a-b3e3-d7dad141e8d5,open,2.369
2026-09-01T14:01:02Z,4c8cac28-e631-42aa-8206-db8f9acf8919,open,2.368
2026-09-01T14:01:02Z,e1a15081-2513-9107-e040-0b0a3dfe563c,open,2.369
2026-09-01T14:01:02Z,3bc75820-2e63-4a74-92cf-ef078b21accf,open,2.369
2026-09-01T14:01:02Z,0644af18-e91e-4f5c-b23b-ecee706482ce,open,2.359
2026-09-01T14:01:02Z,6cc0da1b-3d06-4abf-a2e9-3a4f67469658,open,2.369
2026-09-01T14:01:02Z,005056a9-779e-1eee-bfc4-26f2ed85158d,open,2.339
2026-09-01T14:01:02Z,3d5d33e1-982e-4bd9-831c-7710f4b2bd72,open,2.339
2026-09-01T14:01:02Z,005056ba-7cb6-1ed2-bceb-8b9067120d33,open,2.369
2026-09-01T14:01:02Z,695e738d-6386-4189-b454-af4a2947e89d,open,2.379
2026-09-01T14:01:02Z,f3f3b1ad-72ef-424a-8237-96c84ef806af,open,2.359
2026-09-01T14:01:02Z,9cc82fee-ffbf-4cf3-948a-9c5e494588a8,open,2.359
2026-09-01T14:01:02Z,51d4b52a-a095-1aa0-e100-80009459e03a,open,2.339
2026-09-01T14:01:02Z,03344243-1c82-4fe4-9191-9d9bc9cc4d14,open,2.369
2026-09-01T14:01:02Z,51d4b662-a095-1aa0-e100-80009459e03a,open,2.359
2026-09-01T14:01:02Z,515bab29-79a3-4a95-937b-3a13c7907955,open,2.349
2026-09-01T14:30:48Z,4910a275-9695-403e-bb77-bf059a03713b,open,2.339
2026-09-01T14:30:48Z,ff84eb62-9c83-4c6a-b3e3-d7dad141e8d5,open,2.359
2026-09-01T14:30:48Z,4c8cac28-e631-42aa-8206-db8f9acf8919,open,2.358
2026-09-01T14:30:48Z,77d0b269-a3f2-4a90-aebb-264d45748583,open,2.369
2026-09-01T14:30:48Z,e1a15081-2513-9107-e040-0b0a3dfe563c,open,2.359
2026-09-01T14:30:48Z,3bc75820-2e63-4a74-92cf-ef078b21accf,open,2.359
2026-09-01T14:30:48Z,0014c75b-2b35-4fad-b162-8b3fb9125cd2,open,2.349
2026-09-01T14:30:48Z,0644af18-e91e-4f5c-b23b-ecee706482ce,open,2.339
2026-09-01T14:30:48Z,6cc0da1b-3d06-4abf-a2e9-3a4f67469658,open,2.359
2026-09-01T14:30:48Z,23cb9e76-f277-4ab3-b64b-d5d8a71eee0a,open,2.369
2026-09-01T14:30:48Z,005056ba-7cb6-1ed2-bceb-8b9067120d33,open,2.359
2026-09-01T14:30:48Z,695e738d-6386-4189-b454-af4a2947e89d,open,2.369
2026-09-01T14:30:48Z,f3f3b1ad-72ef-424a-8237-96c84ef806af,open,2.349
2026-09-01T14:30:48Z,9cc82fee-ffbf-4cf3-948a-9c5e494588a8,open,2.349
2026-09-01T14:30:48Z,51d4b52a-a095-1aa0-e100-80009459e03a,open,2.329
2026-09-01T14:30:48Z,51d4b662-a095-1aa0-e100-80009459e03a,open,2.349
2026-09-01T15:01:03Z,4910a275-9695-403e-bb77-bf059a03713b,open,2.329
2026-09-01T15:01:03Z,ff84eb62-9c83-4c6a-b3e3-d7dad141e8d5,open,2.349
2026-09-01T15:01:03Z,4c8cac28-e631-42aa-8206-db8f9acf8919,open,2.348
2026-09-01T15:01:03Z,e1a15081-2513-9107-e040-0b0a3dfe563c,open,2.349
2026-09-01T15:01:03Z,3bc75820-2e63-4a74-92cf-ef078b21accf,open,2.339
2026-09-01T15:01:03Z,6cc0da1b-3d06-4abf-a2e9-3a4f67469658,open,2.349
2026-09-01T15:01:03Z,005056a9-779e-1eee-bfc4-26f2ed85158d,open,2.329
2026-09-01T15:01:03Z,3d5d33e1-982e-4bd9-831c-7710f4b2bd72,open,2.329
2026-09-01T15:01:03Z,005056ba-7cb6-1ed2-bceb-8b9067120d33,open,2.349
2026-09-01T15:01:03Z,695e738d-6386-4189-b454-af4a2947e89d,open,2.359
2026-09-01T15:01:03Z,f3f3b1ad-72ef-424a-8237-96c84ef806af,open,2.339
2026-09-01T15:01:03Z,9cc82fee-ffbf-4cf3-948a-9c5e494588a8,open,2.339
2026-09-01T15:01:03Z,51d4b52a-a095-1aa0-e100-80009459e03a,open,2.319
2026-09-01T15:01:03Z,03344243-1c82-4fe4-9191-9d9bc9cc4d14,open,2.359
2026-09-01T15:01:03Z,51d4b662-a095-1aa0-e100-80009459e03a,open,2.339
2026-09-01T15:01:03Z,515bab29-79a3-4a95-937b-3a13c7907955,open,2.339
2026-09-01T15:30:54Z,4910a275-9695-403e-bb77-bf059a03713b,open,2.289
2026-09-01T15:30:54Z,ff84eb62-9c83-4c6a-b3e3-d7dad141e8d5,open,2.339
2026-09-01T15:30:54Z,4c8cac28-e631-42aa-8206-db8f9acf8919,open,2.288
2026-09-01T15:30:54Z,77d0b269-a3f2-4a90-aebb-264d45748583,open,2.349
2026-09-01T15:30:54Z,e1a15081-2513-9107-e040-0b0a3dfe563c,open,2.279
2026-09-01T15:30:54Z,3bc75820-2e63-4a74-92cf-ef078b21accf,open,2.299
2026-09-01T15:30:54Z,0014c75b-2b35-4fad-b162-8b3fb9125cd2,open,2.329
2026-09-01T15:30:54Z,0644af18-e91e-4f5c-b23b-ecee706482ce,open,2.329
2026-09-01T15:30:54Z,6cc0da1b-3d06-4abf-a2e9-3a4f67469658,open,2.339
2026-09-01T15:30:54Z,23cb9e76-f277-4ab3-b64b-d5d8a71eee0a,open,2.349
2026-09-01T15:30:54Z,005056a9-779e-1eee-bfc4-26f2ed85158d,open,2.319
2026-09-01T15:30:54Z,3d5d33e1-982e-4bd9-831c-7710f4b2bd72,open,2.319
2026-09-01T15:30:54Z,005056ba-7cb6-1ed2-bceb-8b9067120d33,open,2.289
2026-09-01T15:30:54Z,695e738d-6386-4189-b454-af4a2947e89d,open,2.289
2026-09-01T15:30:54Z,f3f3b1ad-72ef-424a-8237-96c84ef806af,open,2.329
2026-09-01T15:30:54Z,9cc82fee-ffbf-4cf3-948a-9c5e494588a8,open,2.329
2026-09-01T15:30:54Z,51d4b52a-a095-1aa0-e100-80009459e03a,open,2.309
2026-09-01T15:30:54Z,03344243-1c82-4fe4-9191-9d9bc9cc4d14,open,2.289
2026-09-01T15:30:54Z,51d4b662-a095-1aa0-e100-80009459e03a,open,2.279
2026-09-01T15:30:54Z,515bab29-79a3-4a95-937b-3a13c7907955,open,2.329
2026-09-01T16:01:02Z,4910a275-9695-403e-bb77-bf059a03713b,open,2.279
2026-09-01T16:01:02Z,ff84eb62-9c83-4c6a-b3e3-d7dad141e8d5,open,2.299
2026-09-01T16:01:02Z,4c8cac28-e631-42aa-8206-db8f9acf8919,open,2.278
2026-09-01T16:01:02Z,3bc75820-2e63-4a74-92cf-ef078b21accf,open,2.289
2026-09-01T16:01:02Z,0644af18-e91e-4f5c-b23b-ecee706482ce,open,2.319
2026-09-01T16:01:02Z,005056a9-779e-1eee-bfc4-26f2ed85158d,open,2.279
2026-09-01T16:01:02Z,3d5d33e1-982e-4bd9-831c-7710f4b2bd72,open,2.279
2026-09-01T16:01:02Z,005056ba-7cb6-1ed2-bceb-8b9067120d33,open,2.279
2026-09-01T16:01:02Z,f3f3b1ad-72ef-424a-8237-96c84ef806af,open,2.319
2026-09-01T16:01:02Z,9cc82fee-ffbf-4cf3-948a-9c5e494588a8,open,2.319
2026-09-01T16:01:02Z,51d4b52a-a095-1aa0-e100-80009459e03a,open,2.279
2026-09-01T16:01:02Z,515bab29-79a3-4a95-937b-3a13c7907955,open,2.289
2026-09-01T16:30:53Z,ff84eb62-9c83-4c6a-b3e3-d7dad141e8d5,open,2.289
2026-09-01T16:30:53Z,77d0b269-a3f2-4a90-aebb-264d45748583,open,2.299
2026-09-01T16:30:53Z,0014c75b-2b35-4fad-b162-8b3fb9125cd2,open,2.289
2026-09-01T16:30:53Z,0644af18-e91e-4f5c-b23b-ecee706482ce,open,2.289
2026-09-01T16:30:53Z,6cc0da1b-3d06-4abf-a2e9-3a4f67469658,open,2.299
2026-09-01T16:30:53Z,23cb9e76-f277-4ab3-b64b-d5d8a71eee0a,open,2.299
2026-09-01T16:30:53Z,f3f3b1ad-72ef-424a-8237-96c84ef806af,open,2.289
2026-09-01T16:30:53Z,9cc82fee-ffbf-4cf3-948a-9c5e494588a8,open,2.289
2026-09-01T16:30:53Z,51d4b52a-a095-1aa0-e100-80009459e03a,open,2.269
2026-09-01T16:34:07Z,005056a9-779e-1eee-bfc4-26f2ed85158d,open,2.269
2026-09-01T17:01:21Z,0644af18-e91e-4f5c-b23b-ecee706482ce,open,2.279
2026-09-01T17:01:21Z,3d5d33e1-982e-4bd9-831c-7710f4b2bd72,open,2.269
2026-09-01T17:01:21Z,f3f3b1ad-72ef-424a-8237-96c84ef806af,open,2.279
2026-09-01T17:01:21Z,9cc82fee-ffbf-4cf3-948a-9c5e494588a8,open,2.279
2026-09-01T17:01:21Z,51d4b52a-a095-1aa0-e100-80009459e03a,open,2.259
2026-09-01T17:01:21Z,515bab29-79a3-4a95-937b-3a13c7907955,open,2.279
2026-09-01T17:30:57Z,4910a275-9695-403e-bb77-bf059a03713b,open,2.269
2026-09-01T17:30:57Z,77d0b269-a3f2-4a90-aebb-264d45748583,open,2.289
2026-09-01T17:30:57Z,0014c75b-2b35-4fad-b162-8b3fb9125cd2,open,2.269
2026-09-01T17:30:57Z,0644af18-e91e-4f5c-b23b-ecee706482ce,open,2.269
2026-09-01T17:30:57Z,6cc0da1b-3d06-4abf-a2e9-3a4f67469658,open,2.279
2026-09-01T17:30:57Z,23cb9e76-f277-4ab3-b64b-d5d8a71eee0a,open,2.289
2026-09-01T17:30:57Z,005056a9-779e-1eee-bfc4-26f2ed85158d,open,2.259
2026-09-01T17:30:57Z,3d5d33e1-982e-4bd9-831c-7710f4b2bd72,open,2.259
2026-09-01T17:30:57Z,f3f3b1ad-72ef-424a-8237-96c84ef806af,open,2.269
2026-09-01T17:30:57Z,9cc82fee-ffbf-4cf3-948a-9c5e494588a8,open,2.269
2026-09-01T17:30:57Z,51d4b52a-a095-1aa0-e100-80009459e03a,open,2.249
2026-09-01T17:30:57Z,515bab29-79a3-4a95-937b-3a13c7907955,open,2.269
2026-09-01T18:01:02Z,4910a275-9695-403e-bb77-bf059a03713b,open,2.259
2026-09-01T18:01:02Z,ff84eb62-9c83-4c6a-b3e3-d7dad141e8d5,open,2.269
2026-09-01T18:01:02Z,e1a15081-2513-9107-e040-0b0a3dfe563c,open,2.269
2026-09-01T18:01:02Z,3bc75820-2e63-4a74-92cf-ef078b21accf,open,2.269
2026-09-01T18:01:02Z,0644af18-e91e-4f5c-b23b-ecee706482ce,open,2.259
2026-09-01T18:01:02Z,005056a9-779e-1eee-bfc4-26f2ed85158d,open,2.249
2026-09-01T18:01:02Z,3d5d33e1-982e-4bd9-831c-7710f4b2bd72,open,2.249
2026-09-01T18:01:02Z,695e738d-6386-4189-b454-af4a2947e89d,open,2.279
2026-09-01T18:01:02Z,f3f3b1ad-72ef-424a-8237-96c84ef806af,open,2.259
2026-09-01T18:01:02Z,9cc82fee-ffbf-4cf3-948a-9c5e494588a8,open,2.259
2026-09-01T18:01:02Z,03344243-1c82-4fe4-9191-9d9bc9cc4d14,open,2.279
2026-09-01T18:01:02Z,51d4b662-a095-1aa0-e100-80009459e03a,open,2.269
2026-09-01T18:01:02Z,515bab29-79a3-4a95-937b-3a13c7907955,open,2.259
2026-09-01T18:30:51Z,4910a275-9695-403e-bb77-bf059a03713b,open,2.249
2026-09-01T18:30:51Z,4c8cac28-e631-42aa-8206-db8f9acf8919,open,2.258
2026-09-01T18:30:51Z,e1a15081-2513-9107-e040-0b0a3dfe563c,open,2.259
2026-09-01T18:30:51Z,6cc0da1b-3d06-4abf-a2e9-3a4f67469658,open,2.269
2026-09-01T18:30:51Z,005056a9-779e-1eee-bfc4-26f2ed85158d,open,2.239
2026-09-01T18:30:51Z,005056ba-7cb6-1ed2-bceb-8b9067120d33,open,2.259
2026-09-01T18:30:51Z,695e738d-6386-4189-b454-af4a2947e89d,open,2.269
2026-09-01T18:30:51Z,f3f3b1ad-72ef-424a-8237-96c84ef806af,open,2.249
2026-09-01T18:30:51Z,51d4b52a-a095-1aa0-e100-80009459e03a,open,2.239
2026-09-01T18:30:51Z,03344243-1c82-4fe4-9191-9d9bc9cc4d14,open,2.269
2026-09-01T18:30:51Z,51d4b662-a095-1aa0-e100-80009459e03a,open,2.259
2026-09-01T18:30:51Z,515bab29-79a3-4a95-937b-3a13c7907955,open,2.249
2026-09-01T19:00:59Z,0644af18-e91e-4f5c-b23b-ecee706482ce,closed,
2026-09-01T19:00:59Z,6cc0da1b-3d06-4abf-a2e9-3a4f67469658,open,2.259
2026-09-01T19:00:59Z,4910a275-9695-403e-bb77-bf059a03713b,open,2.239
2026-09-01T19:00:59Z,ff84eb62-9c83-4c6a-b3e3-d7dad141e8d5,open,2.259
2026-09-01T19:00:59Z,e1a15081-2513-9107-e040-0b0a3dfe563c,open,2.249
2026-09-01T19:00:59Z,3bc75820-2e63-4a74-92cf-ef078b21accf,open,2.259
2026-09-01T19:00:59Z,03344243-1c82-4fe4-9191-9d9bc9cc4d14,open,2.259
2026-09-01T19:00:59Z,51d4b662-a095-1aa0-e100-80009459e03a,open,2.249
2026-09-01T19:00:59Z,515bab29-79a3-4a95-937b-3a13c7907955,open,2.239
2026-09-01T19:00:59Z,005056a9-779e-1eee-bfc4-26f2ed85158d,open,2.229
2026-09-01T19:00:59Z,005056ba-7cb6-1ed2-bceb-8b9067120d33,open,2.249
2026-09-01T19:00:59Z,695e738d-6386-4189-b454-af4a2947e89d,open,2.259
2026-09-01T19:00:59Z,9cc82fee-ffbf-4cf3-948a-9c5e494588a8,open,2.249
2026-09-01T19:00:59Z,51d4b52a-a095-1aa0-e100-80009459e03a,open,2.229
2026-09-01T19:30:59Z,ff84eb62-9c83-4c6a-b3e3-d7dad141e8d5,open,2.249
2026-09-01T19:30:59Z,4c8cac28-e631-42aa-8206-db8f9acf8919,open,2.248
2026-09-01T19:30:59Z,3bc75820-2e63-4a74-92cf-ef078b21accf,open,2.249
2026-09-01T19:30:59Z,9cc82fee-ffbf-4cf3-948a-9c5e494588a8,open,2.239
2026-09-01T19:30:59Z,51d4b52a-a095-1aa0-e100-80009459e03a,open,2.219
2026-09-01T19:30:59Z,03344243-1c82-4fe4-9191-9d9bc9cc4d14,open,2.249
2026-09-01T19:30:59Z,51d4b662-a095-1aa0-e100-80009459e03a,open,2.239
2026-09-01T19:30:59Z,695e738d-6386-4189-b454-af4a2947e89d,open,2.249
2026-09-01T19:30:59Z,f3f3b1ad-72ef-424a-8237-96c84ef806af,open,2.239
2026-09-01T20:00:59Z,4910a275-9695-403e-bb77-bf059a03713b,closed,
2026-09-01T20:00:59Z,ff84eb62-9c83-4c6a-b3e3-d7dad141e8d5,open,2.239
2026-09-01T20:00:59Z,4c8cac28-e631-42aa-8206-db8f9acf8919,closed,
2026-09-01T20:00:59Z,e1a15081-2513-9107-e040-0b0a3dfe563c,closed,
2026-09-01T20:00:59Z,3bc75820-2e63-4a74-92cf-ef078b21accf,closed,
2026-09-01T20:00:59Z,9cc82fee-ffbf-4cf3-948a-9c5e494588a8,open,2.229
2026-09-01T20:00:59Z,51d4b52a-a095-1aa0-e100-80009459e03a,open,2.209
2026-09-01T20:00:59Z,51d4b662-a095-1aa0-e100-80009459e03a,closed,
2026-09-01T20:00:59Z,515bab29-79a3-4a95-937b-3a13c7907955,closed,
2026-09-01T20:00:59Z,005056a9-779e-1eee-bfc4-26f2ed85158d,open,2.219
2026-09-01T20:00:59Z,005056ba-7cb6-1ed2-bceb-8b9067120d33,open,2.239
2026-09-01T20:00:59Z,f3f3b1ad-72ef-424a-8237-96c84ef806af,open,2.229
2026-09-01T20:31:00Z,005056a9-779e-1eee-bfc4-26f2ed85158d,open,2.209
2026-09-01T20:31:00Z,005056ba-7cb6-1ed2-bceb-8b9067120d33,open,2.229
2026-09-01T20:31:00Z,695e738d-6386-4189-b454-af4a2947e89d,open,2.239
2026-09-01T20:31:00Z,f3f3b1ad-72ef-424a-8237-96c84ef806af,open,2.219
2026-09-01T21:00:59Z,005056ba-7cb6-1ed2-bceb-8b9067120d33,closed,
2026-09-01T21:00:59Z,51d4b52a-a095-1aa0-e100-80009459e03a,closed,
2026-09-02T03:01:07Z,4c8cac28-e631-42aa-8206-db8f9acf8919,open,2.228
2026-09-02T03:01:07Z,51d4b52a-a095-1aa0-e100-80009459e03a,open,2.209
2026-09-02T03:01:07Z,005056ba-7cb6-1ed2-bceb-8b9067120d33,open,2.229
2026-09-02T04:01:09Z,0644af18-e91e-4f5c-b23b-ecee706482ce,open,2.229
2026-09-02T04:01:09Z,4910a275-9695-403e-bb77-bf059a03713b,open,2.229
2026-09-02T04:01:09Z,e1a15081-2513-9107-e040-0b0a3dfe563c,open,2.229
2026-09-02T04:01:09Z,515bab29-79a3-4a95-937b-3a13c7907955,open,2.229
2026-09-02T04:01:09Z,51d4b662-a095-1aa0-e100-80009459e03a,open,2.229
2026-09-02T04:23:10Z,3d5d33e1-982e-4bd9-831c-7710f4b2bd72,open,2.229
2026-09-02T05:01:02Z,3bc75820-2e63-4a74-92cf-ef078b21accf,open,2.239
2026-09-02T05:01:02Z,515bab29-79a3-4a95-937b-3a13c7907955,open,2.219
2026-09-02T05:01:02Z,03344243-1c82-4fe4-9191-9d9bc9cc4d14,open,2.239
2026-09-02T05:30:55Z,51d4b52a-a095-1aa0-e100-80009459e03a,open,2.199
2026-09-02T05:30:55Z,515bab29-79a3-4a95-937b-3a13c7907955,open,2.209
2026-09-02T07:01:09Z,0014c75b-2b35-4fad-b162-8b3fb9125cd2,open,2.239
2026-09-02T07:01:09Z,23cb9e76-f277-4ab3-b64b-d5d8a71eee0a,open,2.249
2026-09-02T07:01:09Z,6cc0da1b-3d06-4abf-a2e9-3a4f67469658,open,2.239
2026-09-02T07:01:09Z,77d0b269-a3f2-4a90-aebb-264d45748583,open,2.249
2026-09-02T07:31:04Z,0644af18-e91e-4f5c-b23b-ecee706482ce,open,2.219
2026-09-02T07:31:04Z,3d5d33e1-982e-4bd9-831c-7710f4b2bd72,open,2.209
2026-09-02T08:01:02Z,6cc0da1b-3d06-4abf-a2e9-3a4f67469658,open,2.229
2026-09-02T08:30:58Z,77d0b269-a3f2-4a90-aebb-264d45748583,open,2.239
2026-09-02T10:30:52Z,0014c75b-2b35-4fad-b162-8b3fb9125cd2,open,2.519
2026-09-02T10:30:52Z,0644af18-e91e-4f5c-b23b-ecee706482ce,open,2.409
2026-09-02T10:30:52Z,23cb9e76-f277-4ab3-b64b-d5d8a71eee0a,open,2.519
2026-09-02T10:30:52Z,4910a275-9695-403e-bb77-bf059a03713b,open,2.479
2026-09-02T10:30:52Z,4c8cac28-e631-42aa-8206-db8f9acf8919,open,2.578
2026-09-02T10:30:52Z,6cc0da1b-3d06-4abf-a2e9-3a4f67469658,open,2.409
2026-09-02T10:30:52Z,ff84eb62-9c83-4c6a-b3e3-d7dad141e8d5,open,2.499
2026-09-02T10:30:52Z,77d0b269-a3f2-4a90-aebb-264d45748583,open,2.519
2026-09-02T10:30:52Z,e1a15081-2513-9107-e040-0b0a3dfe563c,open,2.449
2026-09-02T10:30:52Z,3bc75820-2e63-4a74-92cf-ef078b21accf,open,2.499
2026-09-02T10:30:52Z,9cc82fee-ffbf-4cf3-948a-9c5e494588a8,open,2.619
2026-09-02T10:30:52Z,51d4b52a-a095-1aa0-e100-80009459e03a,open,2.499
2026-09-02T10:30:52Z,515bab29-79a3-4a95-937b-3a13c7907955,open,2.499
2026-09-02T10:30:52Z,005056a9-779e-1eee-bfc4-26f2ed85158d,open,2.449
2026-09-02T10:30:52Z,3d5d33e1-982e-4bd9-831c-7710f4b2bd72,open,2.509
2026-09-02T10:30:52Z,03344243-1c82-4fe4-9191-9d9bc9cc4d14,open,2.499
2026-09-02T10:30:52Z,51d4b662-a095-1aa0-e100-80009459e03a,open,2.499
2026-09-02T10:30:52Z,005056ba-7cb6-1ed2-bceb-8b9067120d33,open,2.399
2026-09-02T10:30:52Z,695e738d-6386-4189-b454-af4a2947e89d,open,2.409
2026-09-02T10:30:52Z,f3f3b1ad-72ef-424a-8237-96c84ef806af,open,2.499
2026-09-02T11:01:00Z,4910a275-9695-403e-bb77-bf059a03713b,open,2.399
2026-09-02T11:01:00Z,4c8cac28-e631-42aa-8206-db8f9acf8919,open,2.398
2026-09-02T11:01:00Z,e1a15081-2513-9107-e040-0b0a3dfe563c,open,2.399
2026-09-02T11:01:00Z,3bc75820-2e63-4a74-92cf-ef078b21accf,open,2.409
2026-09-02T11:01:00Z,9cc82fee-ffbf-4cf3-948a-9c5e494588a8,open,2.439
2026-09-02T11:01:00Z,515bab29-79a3-4a95-937b-3a13c7907955,open,2.459
2026-09-02T11:01:00Z,03344243-1c82-4fe4-9191-9d9bc9cc4d14,open,2.409
2026-09-02T11:11:26Z,0014c75b-2b35-4fad-b162-8b3fb9125cd2,open,2.469
2026-09-02T11:11:26Z,23cb9e76-f277-4ab3-b64b-d5d8a71eee0a,open,2.469
2026-09-02T11:11:26Z,77d0b269-a3f2-4a90-aebb-264d45748583,open,2.469
2026-09-02T11:11:26Z,51d4b52a-a095-1aa0-e100-80009459e03a,open,2.419
2026-09-02T11:11:26Z,515bab29-79a3-4a95-937b-3a13c7907955,open,2.409
2026-09-02T11:11:26Z,005056a9-779e-1eee-bfc4-26f2ed85158d,open,2.429
2026-09-02T11:11:26Z,3d5d33e1-982e-4bd9-831c-7710f4b2bd72,open,2.449
2026-09-02T11:11:26Z,51d4b662-a095-1aa0-e100-80009459e03a,open,2.399
2026-09-02T11:30:53Z,4c8cac28-e631-42aa-8206-db8f9acf8919,open,2.388
2026-09-02T11:30:53Z,ff84eb62-9c83-4c6a-b3e3-d7dad141e8d5,open,2.459
2026-09-02T11:30:53Z,e1a15081-2513-9107-e040-0b0a3dfe563c,open,2.389
2026-09-02T11:30:53Z,51d4b52a-a095-1aa0-e100-80009459e03a,open,2.399
2026-09-02T11:30:53Z,005056a9-779e-1eee-bfc4-26f2ed85158d,open,2.399
2026-09-02T11:30:53Z,3d5d33e1-982e-4bd9-831c-7710f4b2bd72,open,2.399
2026-09-02T11:30:53Z,005056ba-7cb6-1ed2-bceb-8b9067120d33,open,2.389
2026-09-02T11:30:53Z,f3f3b1ad-72ef-424a-8237-96c84ef806af,open,2.459
2026-09-02T12:01:03Z,0014c75b-2b35-4fad-b162-8b3fb9125cd2,open,2.409
2026-09-02T12:01:03Z,0644af18-e91e-4f5c-b23b-ecee706482ce,open,2.399
2026-09-02T12:01:03Z,23cb9e76-f277-4ab3-b64b-d5d8a71eee0a,open,2.399
2026-09-02T12:01:03Z,4910a275-9695-403e-bb77-bf059a03713b,open,2.389
2026-09-02T12:01:03Z,ff84eb62-9c83-4c6a-b3e3-d7dad141e8d5,open,2.419
2026-09-02T12:01:03Z,77d0b269-a3f2-4a90-aebb-264d45748583,open,2.409
2026-09-02T12:01:03Z,e1a15081-2513-9107-e040-0b0a3dfe563c,open,2.379
2026-09-02T12:01:03Z,3bc75820-2e63-4a74-92cf-ef078b21accf,open,2.399
2026-09-02T12:01:03Z,515bab29-79a3-4a95-937b-3a13c7907955,open,2.399
2026-09-02T12:01:03Z,03344243-1c82-4fe4-9191-9d9bc9cc4d14,open,2.389
2026-09-02T12:01:03Z,51d4b662-a095-1aa0-e100-80009459e03a,open,2.379
2026-09-02T12:01:03Z,005056ba-7cb6-1ed2-bceb-8b9067120d33,open,2.379
2026-09-02T12:01:03Z,695e738d-6386-4189-b454-af4a2947e89d,open,2.389
2026-09-02T12:01:03Z,f3f3b1ad-72ef-424a-8237-96c84ef806af,open,2.419
2026-09-02T12:30:55Z,0014c75b-2b35-4fad-b162-8b3fb9125cd2,open,2.389
2026-09-02T12:30:55Z,0644af18-e91e-4f5c-b23b-ecee706482ce,open,2.389
2026-09-02T12:30:55Z,23cb9e76-f277-4ab3-b64b-d5d8a71eee0a,open,2.389
2026-09-02T12:30:55Z,4910a275-9695-403e-bb77-bf059a03713b,open,2.379
2026-09-02T12:30:55Z,4c8cac28-e631-42aa-8206-db8f9acf8919,open,2.368
2026-09-02T12:30:55Z,ff84eb62-9c83-4c6a-b3e3-d7dad141e8d5,open,2.389
2026-09-02T12:30:55Z,77d0b269-a3f2-4a90-aebb-264d45748583,open,2.399
2026-09-02T12:30:55Z,e1a15081-2513-9107-e040-0b0a3dfe563c,open,2.369
2026-09-02T12:30:55Z,3bc75820-2e63-4a74-92cf-ef078b21accf,open,2.389
2026-09-02T12:30:55Z,9cc82fee-ffbf-4cf3-948a-9c5e494588a8,open,2.419
2026-09-02T12:30:55Z,51d4b52a-a095-1aa0-e100-80009459e03a,open,2.379
2026-09-02T12:30:55Z,515bab29-79a3-4a95-937b-3a13c7907955,open,2.389
2026-09-02T12:30:55Z,005056a9-779e-1eee-bfc4-26f2ed85158d,open,2.379
2026-09-02T12:30:55Z,3d5d33e1-982e-4bd9-831c-7710f4b2bd72,open,2.379
2026-09-02T12:30:55Z,03344243-1c82-4fe4-9191-9d9bc9cc4d14,open,2.369
2026-09-02T12:30:55Z,51d4b662-a095-1aa0-e100-80009459e03a,open,2.369
2026-09-02T12:30:55Z,005056ba-7cb6-1ed2-bceb-8b9067120d33,open,2.369
2026-09-02T12:30:55Z,f3f3b1ad-72ef-424a-8237-96c84ef806af,open,2.389
2026-09-02T13:01:01Z,0014c75b-2b35-4fad-b162-8b3fb9125cd2,open,2.379
2026-09-02T13:01:01Z,0644af18-e91e-4f5c-b23b-ecee706482ce,open,2.379
2026-09-02T13:01:01Z,23cb9e76-f277-4ab3-b64b-d5d8a71eee0a,open,2.379
2026-09-02T13:01:01Z,4910a275-9695-403e-bb77-bf059a03713b,open,2.359
2026-09-02T13:01:01Z,4c8cac28-e631-42aa-8206-db8f9acf8919,open,2.358
2026-09-02T13:01:01Z,6cc0da1b-3d06-4abf-a2e9-3a4f67469658,open,2.399
2026-09-02T13:01:01Z,ff84eb62-9c83-4c6a-b3e3-d7dad141e8d5,open,2.369
2026-09-02T13:01:01Z,77d0b269-a3f2-4a90-aebb-264d45748583,open,2.389
2026-09-02T13:01:01Z,e1a15081-2513-9107-e040-0b0a3dfe563c,open,2.359
2026-09-02T13:01:01Z,3bc75820-2e63-4a74-92cf-ef078b21accf,open,2.379
2026-09-02T13:01:01Z,51d4b52a-a095-1aa0-e100-80009459e03a,open,2.359
2026-09-02T13:01:01Z,515bab29-79a3-4a95-937b-3a13c7907955,open,2.379
2026-09-02T13:01:01Z,005056a9-779e-1eee-bfc4-26f2ed85158d,open,2.359
2026-09-02T13:01:01Z,3d5d33e1-982e-4bd9-831c-7710f4b2bd72,open,2.359
2026-09-02T13:01:01Z,51d4b662-a095-1aa0-e100-80009459e03a,open,2.359
2026-09-02T13:01:01Z,005056ba-7cb6-1ed2-bceb-8b9067120d33,open,2.359
2026-09-02T13:01:01Z,695e738d-6386-4189-b454-af4a2947e89d,open,2.369
2026-09-02T13:30:56Z,0014c75b-2b35-4fad-b162-8b3fb9125cd2,open,2.369
2026-09-02T13:30:56Z,0644af18-e91e-4f5c-b23b-ecee706482ce,open,2.369
2026-09-02T13:30:56Z,23cb9e76-f277-4ab3-b64b-d5d8a71eee0a,open,2.369
2026-09-02T13:30:56Z,6cc0da1b-3d06-4abf-a2e9-3a4f67469658,open,2.369
2026-09-02T13:30:56Z,77d0b269-a3f2-4a90-aebb-264d45748583,open,2.369
2026-09-02T13:30:56Z,3bc75820-2e63-4a74-92cf-ef078b21accf,open,2.369
2026-09-02T13:30:56Z,51d4b52a-a095-1aa0-e100-80009459e03a,open,2.349
2026-09-02T13:30:56Z,515bab29-79a3-4a95-937b-3a13c7907955,open,2.369
2026-09-02T13:30:56Z,f3f3b1ad-72ef-424a-8237-96c84ef806af,open,2.369
2026-09-02T14:01:07Z,0644af18-e91e-4f5c-b23b-ecee706482ce,open,2.359
2026-09-02T14:01:07Z,4910a275-9695-403e-bb77-bf059a03713b,open,2.349
2026-09-02T14:01:07Z,515bab29-79a3-4a95-937b-3a13c7907955,open,2.359
2026-09-02T14:01:07Z,005056a9-779e-1eee-bfc4-26f2ed85158d,open,2.349
2026-09-02T14:01:07Z,3d5d33e1-982e-4bd9-831c-7710f4b2bd72,open,2.349
2026-09-02T14:01:07Z,f3f3b1ad-72ef-424a-8237-96c84ef806af,open,2.359
2026-09-02T14:30:55Z,0014c75b-2b35-4fad-b162-8b3fb9125cd2,open,2.359
2026-09-02T14:30:55Z,ff84eb62-9c83-4c6a-b3e3-d7dad141e8d5,open,2.359
2026-09-02T14:30:55Z,3bc75820-2e63-4a74-92cf-ef078b21accf,open,2.359
2026-09-02T14:30:55Z,9cc82fee-ffbf-4cf3-948a-9c5e494588a8,open,2.369
2026-09-02T14:30:55Z,51d4b52a-a095-1aa0-e100-80009459e03a,open,2.339
2026-09-02T14:30:55Z,515bab29-79a3-4a95-937b-3a13c7907955,open,2.349
2026-09-02T14:30:55Z,005056a9-779e-1eee-bfc4-26f2ed85158d,open,2.339
2026-09-02T14:30:55Z,3d5d33e1-982e-4bd9-831c-7710f4b2bd72,open,2.339
2026-09-02T14:30:55Z,f3f3b1ad-72ef-424a-8237-96c84ef806af,open,2.349
2026-09-02T15:01:04Z,4c8cac28-e631-42aa-8206-db8f9acf8919,open,2.348
2026-09-02T15:01:04Z,e1a15081-2513-9107-e040-0b0a3dfe563c,open,2.349
2026-09-02T15:01:04Z,51d4b52a-a095-1aa0-e100-80009459e03a,open,2.329
2026-09-02T15:01:04Z,515bab29-79a3-4a95-937b-3a13c7907955,open,2.339
2026-09-02T15:01:04Z,005056a9-779e-1eee-bfc4-26f2ed85158d,open,2.329
2026-09-02T15:01:04Z,3d5d33e1-982e-4bd9-831c-7710f4b2bd72,open,2.329
2026-09-02T15:01:04Z,03344243-1c82-4fe4-9191-9d9bc9cc4d14,open,2.359
2026-09-02T15:01:04Z,51d4b662-a095-1aa0-e100-80009459e03a,open,2.349
2026-09-02T15:01:04Z,005056ba-7cb6-1ed2-bceb-8b9067120d33,open,2.349
2026-09-02T15:01:04Z,695e738d-6386-4189-b454-af4a2947e89d,open,2.359
2026-09-02T15:01:04Z,f3f3b1ad-72ef-424a-8237-96c84ef806af,open,2.339
2026-09-02T15:31:07Z,0014c75b-2b35-4fad-b162-8b3fb9125cd2,open,2.339
2026-09-02T15:31:07Z,0644af18-e91e-4f5c-b23b-ecee706482ce,open,2.349
2026-09-02T15:31:07Z,23cb9e76-f277-4ab3-b64b-d5d8a71eee0a,open,2.359
2026-09-02T15:31:07Z,4910a275-9695-403e-bb77-bf059a03713b,open,2.339
2026-09-02T15:31:07Z,6cc0da1b-3d06-4abf-a2e9-3a4f67469658,open,2.359
2026-09-02T15:31:07Z,77d0b269-a3f2-4a90-aebb-264d45748583,open,2.359
2026-09-02T15:31:07Z,51d4b52a-a095-1aa0-e100-80009459e03a,open,2.319
2026-09-02T15:31:07Z,005056a9-779e-1eee-bfc4-26f2ed85158d,open,2.319
2026-09-02T15:31:07Z,f3f3b1ad-72ef-424a-8237-96c84ef806af,open,2.329
2026-09-02T16:01:02Z,ff84eb62-9c83-4c6a-b3e3-d7dad141e8d5,open,2.349
2026-09-02T16:01:02Z,3bc75820-2e63-4a74-92cf-ef078b21accf,open,2.349
2026-09-02T16:01:02Z,51d4b52a-a095-1aa0-e100-80009459e03a,open,2.309
2026-09-02T16:01:02Z,515bab29-79a3-4a95-937b-3a13c7907955,open,2.329
2026-09-02T16:01:02Z,3d5d33e1-982e-4bd9-831c-7710f4b2bd72,open,2.319
2026-09-02T16:30:21Z,0014c75b-2b35-4fad-b162-8b3fb9125cd2,open,2.329
2026-09-02T16:30:21Z,0644af18-e91e-4f5c-b23b-ecee706482ce,open,2.339
2026-09-02T16:30:21Z,23cb9e76-f277-4ab3-b64b-d5d8a71eee0a,open,2.349
2026-09-02T16:30:21Z,4c8cac28-e631-42aa-8206-db8f9acf8919,open,2.338
2026-09-02T16:30:21Z,6cc0da1b-3d06-4abf-a2e9-3a4f67469658,open,2.349
2026-09-02T16:30:21Z,77d0b269-a3f2-4a90-aebb-264d45748583,open,2.349
2026-09-02T16:30:21Z,e1a15081-2513-9107-e040-0b0a3dfe563c,open,2.339
2026-09-02T16:30:21Z,51d4b52a-a095-1aa0-e100-80009459e03a,open,2.299
2026-09-02T16:30:21Z,515bab29-79a3-4a95-937b-3a13c7907955,open,2.319
2026-09-02T16:30:21Z,005056a9-779e-1eee-bfc4-26f2ed85158d,open,2.309
2026-09-02T16:30:21Z,3d5d33e1-982e-4bd9-831c-7710f4b2bd72,open,2.309
2026-09-02T16:30:21Z,03344243-1c82-4fe4-9191-9d9bc9cc4d14,open,2.349
2026-09-02T16:30:21Z,51d4b662-a095-1aa0-e100-80009459e03a,open,2.339
2026-09-02T16:30:21Z,005056ba-7cb6-1ed2-bceb-8b9067120d33,open,2.339
2026-09-02T16:30:21Z,695e738d-6386-4189-b454-af4a2947e89d,open,2.349
2026-09-02T16:30:21Z,f3f3b1ad-72ef-424a-8237-96c84ef806af,open,2.319
2026-09-02T17:01:02Z,4910a275-9695-403e-bb77-bf059a03713b,open,2.329
2026-09-02T17:01:02Z,ff84eb62-9c83-4c6a-b3e3-d7dad141e8d5,open,2.339
2026-09-02T17:01:02Z,3bc75820-2e63-4a74-92cf-ef078b21accf,open,2.339
2026-09-02T17:01:02Z,515bab29-79a3-4a95-937b-3a13c7907955,open,2.309
2026-09-02T17:01:02Z,005056a9-779e-1eee-bfc4-26f2ed85158d,open,2.299
2026-09-02T17:01:02Z,f3f3b1ad-72ef-424a-8237-96c84ef806af,open,2.309
2026-09-02T17:30:51Z,0014c75b-2b35-4fad-b162-8b3fb9125cd2,open,2.309
2026-09-02T17:30:51Z,0644af18-e91e-4f5c-b23b-ecee706482ce,open,2.329
2026-09-02T17:30:51Z,23cb9e76-f277-4ab3-b64b-d5d8a71eee0a,open,2.339
2026-09-02T17:30:51Z,4c8cac28-e631-42aa-8206-db8f9acf8919,open,2.328
2026-09-02T17:30:51Z,6cc0da1b-3d06-4abf-a2e9-3a4f67469658,open,2.339
2026-09-02T17:30:51Z,77d0b269-a3f2-4a90-aebb-264d45748583,open,2.339
2026-09-02T17:30:51Z,e1a15081-2513-9107-e040-0b0a3dfe563c,open,2.329
2026-09-02T17:30:51Z,51d4b52a-a095-1aa0-e100-80009459e03a,open,2.289
2026-09-02T17:30:51Z,515bab29-79a3-4a95-937b-3a13c7907955,open,2.299
2026-09-02T17:30:51Z,005056a9-779e-1eee-bfc4-26f2ed85158d,open,2.289
2026-09-02T17:30:51Z,03344243-1c82-4fe4-9191-9d9bc9cc4d14,open,2.339
2026-09-02T17:30:51Z,51d4b662-a095-1aa0-e100-80009459e03a,open,2.329
2026-09-02T17:30:51Z,005056ba-7cb6-1ed2-bceb-8b9067120d33,open,2.329
2026-09-02T17:30:51Z,695e738d-6386-4189-b454-af4a2947e89d,open,2.339
2026-09-02T17:30:51Z,f3f3b1ad-72ef-424a-8237-96c84ef806af,open,2.299
2026-09-02T18:01:01Z,4910a275-9695-403e-bb77-bf059a03713b,open,2.319
2026-09-02T18:01:01Z,3bc75820-2e63-4a74-92cf-ef078b21accf,open,2.329
2026-09-02T18:01:01Z,51d4b52a-a095-1aa0-e100-80009459e03a,open,2.279
2026-09-02T18:01:01Z,515bab29-79a3-4a95-937b-3a13c7907955,open,2.289
2026-09-02T18:01:01Z,005056a9-779e-1eee-bfc4-26f2ed85158d,open,2.279
2026-09-02T18:01:01Z,f3f3b1ad-72ef-424a-8237-96c84ef806af,open,2.289
2026-09-02T18:30:58Z,ff84eb62-9c83-4c6a-b3e3-d7dad141e8d5,open,2.329
2026-09-02T19:01:05Z,0644af18-e91e-4f5c-b23b-ecee706482ce,closed,
2026-09-02T19:01:05Z,4c8cac28-e631-42aa-8206-db8f9acf8919,open,2.318
2026-09-02T19:01:05Z,e1a15081-2513-9107-e040-0b0a3dfe563c,open,2.319
2026-09-02T19:01:05Z,03344243-1c82-4fe4-9191-9d9bc9cc4d14,open,2.329
2026-09-02T19:01:05Z,51d4b662-a095-1aa0-e100-80009459e03a,open,2.319
2026-09-02T19:01:05Z,005056ba-7cb6-1ed2-bceb-8b9067120d33,open,2.319
2026-09-02T19:01:05Z,695e738d-6386-4189-b454-af4a2947e89d,open,2.329
2026-09-02T20:01:39Z,4910a275-9695-403e-bb77-bf059a03713b,closed,
2026-09-02T20:01:39Z,4c8cac28-e631-42aa-8206-db8f9acf8919,closed,
2026-09-02T20:01:39Z,e1a15081-2513-9107-e040-0b0a3dfe563c,closed,
2026-09-02T20:01:39Z,3bc75820-2e63-4a74-92cf-ef078b21accf,closed,
2026-09-02T20:01:39Z,515bab29-79a3-4a95-937b-3a13c7907955,closed,
2026-09-02T20:01:39Z,51d4b662-a095-1aa0-e100-80009459e03a,closed,
2026-09-02T21:01:04Z,51d4b52a-a095-1aa0-e100-80009459e03a,closed,
2026-09-02T21:01:04Z,005056ba-7cb6-1ed2-bceb-8b9067120d33,closed,
2026-09-03T03:00:57Z,4c8cac28-e631-42aa-8206-db8f9acf8919,open,2.318
2026-09-03T03:00:57Z,51d4b52a-a095-1aa0-e100-80009459e03a,open,2.279
2026-09-03T03:00:57Z,005056ba-7cb6-1ed2-bceb-8b9067120d33,open,2.319
2026-09-03T04:00:56Z,e1a15081-2513-9107-e040-0b0a3dfe563c,open,2.319
2026-09-03T04:00:56Z,4910a275-9695-403e-bb77-bf059a03713b,open,2.319
2026-09-03T04:00:56Z,0644af18-e91e-4f5c-b23b-ecee706482ce,open,2.329
2026-09-03T04:00:56Z,515bab29-79a3-4a95-937b-3a13c7907955,open,2.289
2026-09-03T04:00:56Z,51d4b662-a095-1aa0-e100-80009459e03a,open,2.319
2026-09-03T04:18:17Z,3d5d33e1-982e-4bd9-831c-7710f4b2bd72,open,2.279
2026-09-03T05:01:05Z,3bc75820-2e63-4a74-92cf-ef078b21accf,open,2.329
2026-09-03T08:01:02Z,0014c75b-2b35-4fad-b162-8b3fb9125cd2,open,2.289
2026-09-03T08:01:02Z,9cc82fee-ffbf-4cf3-948a-9c5e494588a8,open,2.349
2026-09-03T08:30:55Z,51d4b52a-a095-1aa0-e100-80009459e03a,open,2.269
2026-09-03T09:01:06Z,0014c75b-2b35-4fad-b162-8b3fb9125cd2,open,2.279
2026-09-03T09:01:06Z,005056a9-779e-1eee-bfc4-26f2ed85158d,open,2.269
2026-09-03T09:01:06Z,f3f3b1ad-72ef-424a-8237-96c84ef806af,open,2.279
2026-09-03T09:01:06Z,9cc82fee-ffbf-4cf3-948a-9c5e494588a8,open,2.339
2026-09-03T09:01:06Z,515bab29-79a3-4a95-937b-3a13c7907955,open,2.279
2026-09-03T09:01:06Z,3d5d33e1-982e-4bd9-831c-7710f4b2bd72,open,2.269
2026-09-03T10:01:01Z,9cc82fee-ffbf-4cf3-948a-9c5e494588a8,open,2.319
2026-09-03T10:30:50Z,e1a15081-2513-9107-e040-0b0a3dfe563c,open,2.489
2026-09-03T10:30:50Z,3bc75820-2e63-4a74-92cf-ef078b21accf,open,2.499
2026-09-03T10:30:50Z,4910a275-9695-403e-bb77-bf059a03713b,open,2.479
2026-09-03T10:30:50Z,0014c75b-2b35-4fad-b162-8b3fb9125cd2,open,2.499
2026-09-03T10:30:50Z,0644af18-e91e-4f5c-b23b-ecee706482ce,open,2.449
2026-09-03T10:30:50Z,77d0b269-a3f2-4a90-aebb-264d45748583,open,2.499
2026-09-03T10:30:50Z,23cb9e76-f277-4ab3-b64b-d5d8a71eee0a,open,2.499
2026-09-03T10:30:50Z,6cc0da1b-3d06-4abf-a2e9-3a4f67469658,open,2.449
2026-09-03T10:30:50Z,ff84eb62-9c83-4c6a-b3e3-d7dad141e8d5,open,2.549
2026-09-03T10:30:50Z,4c8cac28-e631-42aa-8206-db8f9acf8919,open,2.668
2026-09-03T10:30:50Z,005056a9-779e-1eee-bfc4-26f2ed85158d,open,2.489
2026-09-03T10:30:50Z,51d4b52a-a095-1aa0-e100-80009459e03a,open,2.439
2026-09-03T10:30:50Z,005056ba-7cb6-1ed2-bceb-8b9067120d33,open,2.439
2026-09-03T10:30:50Z,695e738d-6386-4189-b454-af4a2947e89d,open,2.449
2026-09-03T10:30:50Z,f3f3b1ad-72ef-424a-8237-96c84ef806af,open,2.509
2026-09-03T10:30:50Z,9cc82fee-ffbf-4cf3-948a-9c5e494588a8,open,2.559
2026-09-03T10:30:50Z,515bab29-79a3-4a95-937b-3a13c7907955,open,2.499
2026-09-03T10:30:50Z,03344243-1c82-4fe4-9191-9d9bc9cc4d14,open,2.499
2026-09-03T10:30:50Z,51d4b662-a095-1aa0-e100-80009459e03a,open,2.439
2026-09-03T10:30:50Z,3d5d33e1-982e-4bd9-831c-7710f4b2bd72,open,2.489
2026-09-03T11:01:02Z,e1a15081-2513-9107-e040-0b0a3dfe563c,open,2.439
2026-09-03T11:01:02Z,3bc75820-2e63-4a74-92cf-ef078b21accf,open,2.449
2026-09-03T11:01:02Z,4910a275-9695-403e-bb77-bf059a03713b,open,2.439
2026-09-03T11:01:02Z,ff84eb62-9c83-4c6a-b3e3-d7dad141e8d5,open,2.469
2026-09-03T11:01:02Z,4c8cac28-e631-42aa-8206-db8f9acf8919,open,2.438
2026-09-03T11:01:02Z,005056a9-779e-1eee-bfc4-26f2ed85158d,open,2.439
2026-09-03T11:01:02Z,f3f3b1ad-72ef-424a-8237-96c84ef806af,open,2.469
2026-09-03T11:01:02Z,9cc82fee-ffbf-4cf3-948a-9c5e494588a8,open,2.459
2026-09-03T11:01:02Z,515bab29-79a3-4a95-937b-3a13c7907955,open,2.449
2026-09-03T11:01:02Z,03344243-1c82-4fe4-9191-9d9bc9cc4d14,open,2.449
2026-09-03T11:07:50Z,3d5d33e1-982e-4bd9-831c-7710f4b2bd72,open,2.439
2026-09-03T11:30:52Z,0014c75b-2b35-4fad-b162-8b3fb9125cd2,open,2.449
2026-09-03T11:30:52Z,77d0b269-a3f2-4a90-aebb-264d45748583,open,2.449
2026-09-03T11:30:52Z,23cb9e76-f277-4ab3-b64b-d5d8a71eee0a,open,2.449
2026-09-03T11:30:52Z,ff84eb62-9c83-4c6a-b3e3-d7dad141e8d5,open,2.449
2026-09-03T11:30:52Z,51d4b52a-a095-1aa0-e100-80009459e03a,open,2.429
2026-09-03T11:30:52Z,f3f3b1ad-72ef-424a-8237-96c84ef806af,open,2.449
2026-09-03T11:30:52Z,9cc82fee-ffbf-4cf3-948a-9c5e494588a8,open,2.449
2026-09-03T12:01:01Z,4910a275-9695-403e-bb77-bf059a03713b,open,2.429
2026-09-03T12:01:01Z,0014c75b-2b35-4fad-b162-8b3fb9125cd2,open,2.439
2026-09-03T12:01:01Z,0644af18-e91e-4f5c-b23b-ecee706482ce,open,2.439
2026-09-03T12:01:01Z,005056a9-779e-1eee-bfc4-26f2ed85158d,open,2.429
2026-09-03T12:01:01Z,f3f3b1ad-72ef-424a-8237-96c84ef806af,open,2.439
2026-09-03T12:01:01Z,9cc82fee-ffbf-4cf3-948a-9c5e494588a8,open,2.439
2026-09-03T12:01:01Z,515bab29-79a3-4a95-937b-3a13c7907955,open,2.439
2026-09-03T12:01:01Z,3d5d33e1-982e-4bd9-831c-7710f4b2bd72,open,2.429
2026-09-03T12:30:51Z,3bc75820-2e63-4a74-92cf-ef078b21accf,open,2.439
2026-09-03T12:30:51Z,0014c75b-2b35-4fad-b162-8b3fb9125cd2,open,2.429
2026-09-03T12:30:51Z,0644af18-e91e-4f5c-b23b-ecee706482ce,open,2.429
2026-09-03T12:30:51Z,ff84eb62-9c83-4c6a-b3e3-d7dad141e8d5,open,2.439
2026-09-03T12:30:51Z,005056a9-779e-1eee-bfc4-26f2ed85158d,open,2.419
2026-09-03T12:30:51Z,51d4b52a-a095-1aa0-e100-80009459e03a,open,2.419
2026-09-03T12:30:51Z,f3f3b1ad-72ef-424a-8237-96c84ef806af,open,2.429
2026-09-03T12:30:51Z,515bab29-79a3-4a95-937b-3a13c7907955,open,2.429
2026-09-03T12:30:51Z,51d4b662-a095-1aa0-e100-80009459e03a,open,2.429
2026-09-03T12:30:51Z,3d5d33e1-982e-4bd9-831c-7710f4b2bd72,open,2.419
2026-09-03T13:01:01Z,e1a15081-2513-9107-e040-0b0a3dfe563c,open,2.429
2026-09-03T13:01:01Z,3bc75820-2e63-4a74-92cf-ef078b21accf,open,2.429
2026-09-03T13:01:01Z,4910a275-9695-403e-bb77-bf059a03713b,open,2.419
2026-09-03T13:01:01Z,0644af18-e91e-4f5c-b23b-ecee706482ce,open,2.419
2026-09-03T13:01:01Z,77d0b269-a3f2-4a90-aebb-264d45748583,open,2.439
2026-09-03T13:01:01Z,23cb9e76-f277-4ab3-b64b-d5d8a71eee0a,open,2.439
2026-09-03T13:01:01Z,6cc0da1b-3d06-4abf-a2e9-3a4f67469658,open,2.439
2026-09-03T13:01:01Z,ff84eb62-9c83-4c6a-b3e3-d7dad141e8d5,open,2.429
2026-09-03T13:01:01Z,4c8cac28-e631-42aa-8206-db8f9acf8919,open,2.428
2026-09-03T13:01:01Z,005056a9-779e-1eee-bfc4-26f2ed85158d,open,2.409
2026-09-03T13:01:01Z,51d4b52a-a095-1aa0-e100-80009459e03a,open,2.409
2026-09-03T13:01:01Z,005056ba-7cb6-1ed2-bceb-8b9067120d33,open,2.429
2026-09-03T13:01:01Z,695e738d-6386-4189-b454-af4a2947e89d,open,2.439
2026-09-03T13:01:01Z,9cc82fee-ffbf-4cf3-948a-9c5e494588a8,open,2.429
2026-09-03T13:01:01Z,03344243-1c82-4fe4-9191-9d9bc9cc4d14,open,2.439
2026-09-03T13:30:49Z,e1a15081-2513-9107-e040-0b0a3dfe563c,open,2.419
2026-09-03T13:30:49Z,4910a275-9695-403e-bb77-bf059a03713b,open,2.409
2026-09-03T13:30:49Z,0014c75b-2b35-4fad-b162-8b3fb9125cd2,open,2.419
2026-09-03T13:30:49Z,0644af18-e91e-4f5c-b23b-ecee706482ce,open,2.409
2026-09-03T13:30:49Z,77d0b269-a3f2-4a90-aebb-264d45748583,open,2.429
2026-09-03T13:30:49Z,23cb9e76-f277-4ab3-b64b-d5d8a71eee0a,open,2.429
2026-09-03T13:30:49Z,6cc0da1b-3d06-4abf-a2e9-3a4f67469658,open,2.429
2026-09-03T13:30:49Z,4c8cac28-e631-42aa-8206-db8f9acf8919,open,2.418
2026-09-03T13:30:49Z,51d4b52a-a095-1aa0-e100-80009459e03a,open,2.399
2026-09-03T13:30:49Z,005056ba-7cb6-1ed2-bceb-8b9067120d33,open,2.419
2026-09-03T13:30:49Z,695e738d-6386-4189-b454-af4a2947e89d,open,2.429
2026-09-03T13:30:49Z,f3f3b1ad-72ef-424a-8237-96c84ef806af,open,2.419
2026-09-03T13:30:49Z,9cc82fee-ffbf-4cf3-948a-9c5e494588a8,open,2.419
2026-09-03T13:30:49Z,515bab29-79a3-4a95-937b-3a13c7907955,open,2.419
2026-09-03T13:30:49Z,03344243-1c82-4fe4-9191-9d9bc9cc4d14,open,2.429
2026-09-03T13:30:49Z,51d4b662-a095-1aa0-e100-80009459e03a,open,2.419
2026-09-03T13:30:49Z,3d5d33e1-982e-4bd9-831c-7710f4b2bd72,open,2.409
2026-09-03T14:01:00Z,3bc75820-2e63-4a74-92cf-ef078b21accf,open,2.409
2026-09-03T14:01:00Z,4910a275-9695-403e-bb77-bf059a03713b,open,2.399
2026-09-03T14:01:00Z,6cc0da1b-3d06-4abf-a2e9-3a4f67469658,open,2.419
2026-09-03T14:01:00Z,ff84eb62-9c83-4c6a-b3e3-d7dad141e8d5,open,2.409
2026-09-03T14:01:00Z,005056a9-779e-1eee-bfc4-26f2ed85158d,open,2.399
2026-09-03T14:01:00Z,51d4b52a-a095-1aa0-e100-80009459e03a,open,2.389
2026-09-03T14:01:00Z,f3f3b1ad-72ef-424a-8237-96c84ef806af,open,2.409
2026-09-03T14:01:00Z,9cc82fee-ffbf-4cf3-948a-9c5e494588a8,open,2.409
2026-09-03T14:01:00Z,515bab29-79a3-4a95-937b-3a13c7907955,open,2.409
2026-09-03T14:01:00Z,51d4b662-a095-1aa0-e100-80009459e03a,open,2.399
2026-09-03T14:01:00Z,3d5d33e1-982e-4bd9-831c-7710f4b2bd72,open,2.399
2026-09-03T14:30:53Z,e1a15081-2513-9107-e040-0b0a3dfe563c,open,2.399
2026-09-03T14:30:53Z,4910a275-9695-403e-bb77-bf059a03713b,open,2.389
2026-09-03T14:30:53Z,0014c75b-2b35-4fad-b162-8b3fb9125cd2,open,2.409
2026-09-03T14:30:53Z,0644af18-e91e-4f5c-b23b-ecee706482ce,open,2.399
2026-09-03T14:30:53Z,77d0b269-a3f2-4a90-aebb-264d45748583,open,2.409
2026-09-03T14:30:53Z,23cb9e76-f277-4ab3-b64b-d5d8a71eee0a,open,2.409
2026-09-03T14:30:53Z,6cc0da1b-3d06-4abf-a2e9-3a4f67469658,open,2.409
2026-09-03T14:30:53Z,4c8cac28-e631-42aa-8206-db8f9acf8919,open,2.398
2026-09-03T14:30:53Z,005056a9-779e-1eee-bfc4-26f2ed85158d,open,2.389
2026-09-03T14:30:53Z,005056ba-7cb6-1ed2-bceb-8b9067120d33,open,2.399
2026-09-03T14:30:53Z,695e738d-6386-4189-b454-af4a2947e89d,open,2.409
2026-09-03T14:30:53Z,f3f3b1ad-72ef-424a-8237-96c84ef806af,open,2.399
2026-09-03T14:30:53Z,515bab29-79a3-4a95-937b-3a13c7907955,open,2.399
2026-09-03T14:30:53Z,03344243-1c82-4fe4-9191-9d9bc9cc4d14,open,2.409
2026-09-03T14:30:53Z,3d5d33e1-982e-4bd9-831c-7710f4b2bd72,open,2.389
2026-09-03T15:01:06Z,3bc75820-2e63-4a74-92cf-ef078b21accf,open,2.399
2026-09-03T15:01:06Z,ff84eb62-9c83-4c6a-b3e3-d7dad141e8d5,open,2.399
2026-09-03T15:01:06Z,51d4b52a-a095-1aa0-e100-80009459e03a,open,2.379
2026-09-03T15:01:06Z,9cc82fee-ffbf-4cf3-948a-9c5e494588a8,open,2.399
2026-09-03T15:01:06Z,515bab29-79a3-4a95-937b-3a13c7907955,open,2.389
2026-09-03T15:30:50Z,e1a15081-2513-9107-e040-0b0a3dfe563c,open,2.389
2026-09-03T15:30:50Z,0014c75b-2b35-4fad-b162-8b3fb9125cd2,open,2.389
2026-09-03T15:30:50Z,0644af18-e91e-4f5c-b23b-ecee706482ce,open,2.389
2026-09-03T15:30:50Z,4c8cac28-e631-42aa-8206-db8f9acf8919,open,2.388
2026-09-03T15:30:50Z,005056a9-779e-1eee-bfc4-26f2ed85158d,open,2.379
2026-09-03T15:30:50Z,51d4b52a-a095-1aa0-e100-80009459e03a,open,2.369
2026-09-03T15:30:50Z,005056ba-7cb6-1ed2-bceb-8b9067120d33,open,2.389
2026-09-03T15:30:50Z,695e738d-6386-4189-b454-af4a2947e89d,open,2.399
2026-09-03T15:30:50Z,f3f3b1ad-72ef-424a-8237-96c84ef806af,open,2.389
2026-09-03T15:30:50Z,9cc82fee-ffbf-4cf3-948a-9c5e494588a8,open,2.389
2026-09-03T15:30:50Z,03344243-1c82-4fe4-9191-9d9bc9cc4d14,open,2.399
2026-09-03T15:30:50Z,51d4b662-a095-1aa0-e100-80009459e03a,open,2.389
2026-09-03T15:30:50Z,3d5d33e1-982e-4bd9-831c-7710f4b2bd72,open,2.379
2026-09-03T16:01:00Z,3bc75820-2e63-4a74-92cf-ef078b21accf,open,2.389
2026-09-03T16:01:00Z,4910a275-9695-403e-bb77-bf059a03713b,open,2.379
2026-09-03T16:01:00Z,0644af18-e91e-4f5c-b23b-ecee706482ce,open,2.379
2026-09-03T16:01:00Z,6cc0da1b-3d06-4abf-a2e9-3a4f67469658,open,2.399
2026-09-03T16:01:00Z,005056a9-779e-1eee-bfc4-26f2ed85158d,open,2.359
2026-09-03T16:01:00Z,51d4b52a-a095-1aa0-e100-80009459e03a,open,2.359
2026-09-03T16:01:00Z,f3f3b1ad-72ef-424a-8237-96c84ef806af,open,2.379
2026-09-03T16:01:00Z,9cc82fee-ffbf-4cf3-948a-9c5e494588a8,open,2.379
2026-09-03T16:01:00Z,515bab29-79a3-4a95-937b-3a13c7907955,open,2.379
2026-09-03T16:01:00Z,3d5d33e1-982e-4bd9-831c-7710f4b2bd72,open,2.369
2026-09-03T16:22:12Z,4910a275-9695-403e-bb77-bf059a03713b,open,2.369
2026-09-03T16:22:12Z,0014c75b-2b35-4fad-b162-8b3fb9125cd2,open,2.369
2026-09-03T16:22:12Z,0644af18-e91e-4f5c-b23b-ecee706482ce,open,2.369
2026-09-03T16:22:12Z,77d0b269-a3f2-4a90-aebb-264d45748583,open,2.399
2026-09-03T16:22:12Z,23cb9e76-f277-4ab3-b64b-d5d8a71eee0a,open,2.399
2026-09-03T16:22:12Z,6cc0da1b-3d06-4abf-a2e9-3a4f67469658,open,2.389
2026-09-03T16:22:12Z,005056a9-779e-1eee-bfc4-26f2ed85158d,open,2.329
2026-09-03T16:22:12Z,005056ba-7cb6-1ed2-bceb-8b9067120d33,open,2.329
2026-09-03T16:22:12Z,f3f3b1ad-72ef-424a-8237-96c84ef806af,open,2.369
2026-09-03T16:22:12Z,9cc82fee-ffbf-4cf3-948a-9c5e494588a8,open,2.369
2026-09-03T16:22:12Z,515bab29-79a3-4a95-937b-3a13c7907955,open,2.369
2026-09-03T16:22:12Z,3d5d33e1-982e-4bd9-831c-7710f4b2bd72,open,2.359
2026-09-03T16:30:56Z,e1a15081-2513-9107-e040-0b0a3dfe563c,open,2.329
2026-09-03T16:30:56Z,6cc0da1b-3d06-4abf-a2e9-3a4f67469658,open,2.379
2026-09-03T16:30:56Z,ff84eb62-9c83-4c6a-b3e3-d7dad141e8d5,open,2.389
2026-09-03T16:30:56Z,4c8cac28-e631-42aa-8206-db8f9acf8919,open,2.328
2026-09-03T16:30:56Z,51d4b52a-a095-1aa0-e100-80009459e03a,open,2.349
2026-09-03T16:30:56Z,03344243-1c82-4fe4-9191-9d9bc9cc4d14,open,2.289
2026-09-03T16:30:56Z,51d4b662-a095-1aa0-e100-80009459e03a,open,2.329
2026-09-03T16:30:56Z,3d5d33e1-982e-4bd9-831c-7710f4b2bd72,open,2.329
2026-09-03T17:01:00Z,e1a15081-2513-9107-e040-0b0a3dfe563c,open,2.279
2026-09-03T17:01:00Z,3bc75820-2e63-4a74-92cf-ef078b21accf,open,2.339
2026-09-03T17:01:00Z,4910a275-9695-403e-bb77-bf059a03713b,open,2.279
2026-09-03T17:01:00Z,0644af18-e91e-4f5c-b23b-ecee706482ce,open,2.359
2026-09-03T17:01:00Z,ff84eb62-9c83-4c6a-b3e3-d7dad141e8d5,open,2.349
2026-09-03T17:01:00Z,4c8cac28-e631-42aa-8206-db8f9acf8919,open,2.278
2026-09-03T17:01:00Z,51d4b52a-a095-1aa0-e100-80009459e03a,open,2.279
2026-09-03T17:01:00Z,005056ba-7cb6-1ed2-bceb-8b9067120d33,open,2.279
2026-09-03T17:01:00Z,695e738d-6386-4189-b454-af4a2947e89d,open,2.289
2026-09-03T17:01:00Z,f3f3b1ad-72ef-424a-8237-96c84ef806af,open,2.359
2026-09-03T17:01:00Z,9cc82fee-ffbf-4cf3-948a-9c5e494588a8,open,2.359
2026-09-03T17:01:00Z,515bab29-79a3-4a95-937b-3a13c7907955,open,2.339
2026-09-03T17:01:00Z,51d4b662-a095-1aa0-e100-80009459e03a,open,2.279
2026-09-03T17:30:53Z,3bc75820-2e63-4a74-92cf-ef078b21accf,open,2.289
2026-09-03T17:30:53Z,0014c75b-2b35-4fad-b162-8b3fb9125cd2,open,2.299
2026-09-03T17:30:53Z,0644af18-e91e-4f5c-b23b-ecee706482ce,open,2.339
2026-09-03T17:30:53Z,77d0b269-a3f2-4a90-aebb-264d45748583,open,2.349
2026-09-03T17:30:53Z,23cb9e76-f277-4ab3-b64b-d5d8a71eee0a,open,2.329
2026-09-03T17:30:53Z,6cc0da1b-3d06-4abf-a2e9-3a4f67469658,open,2.349
2026-09-03T17:30:53Z,ff84eb62-9c83-4c6a-b3e3-d7dad141e8d5,open,2.309
2026-09-03T17:30:53Z,005056a9-779e-1eee-bfc4-26f2ed85158d,open,2.279
2026-09-03T17:30:53Z,f3f3b1ad-72ef-424a-8237-96c84ef806af,open,2.289
2026-09-03T17:30:53Z,9cc82fee-ffbf-4cf3-948a-9c5e494588a8,open,2.339
2026-09-03T17:30:53Z,515bab29-79a3-4a95-937b-3a13c7907955,open,2.289
2026-09-03T17:30:53Z,3d5d33e1-982e-4bd9-831c-7710f4b2bd72,open,2.289
2026-09-03T18:01:12Z,ff84eb62-9c83-4c6a-b3e3-d7dad141e8d5,open,2.289
2026-09-03T18:30:55Z,0014c75b-2b35-4fad-b162-8b3fb9125cd2,open,2.289
2026-09-03T18:30:55Z,0644af18-e91e-4f5c-b23b-ecee706482ce,open,2.289
2026-09-03T18:30:55Z,77d0b269-a3f2-4a90-aebb-264d45748583,open,2.289
2026-09-03T18:30:55Z,23cb9e76-f277-4ab3-b64b-d5d8a71eee0a,open,2.289
2026-09-03T18:30:55Z,6cc0da1b-3d06-4abf-a2e9-3a4f67469658,open,2.289
2026-09-03T19:01:00Z,0644af18-e91e-4f5c-b23b-ecee706482ce,closed,
2026-09-03T20:01:02Z,e1a15081-2513-9107-e040-0b0a3dfe563c,closed,
2026-09-03T20:01:02Z,3bc75820-2e63-4a74-92cf-ef078b21accf,closed,
2026-09-03T20:01:02Z,4910a275-9695-403e-bb77-bf059a03713b,closed,
2026-09-03T20:01:02Z,4c8cac28-e631-42aa-8206-db8f9acf8919,closed,
2026-09-03T20:01:02Z,515bab29-79a3-4a95-937b-3a13c7907955,closed,
2026-09-03T20:01:02Z,51d4b662-a095-1aa0-e100-80009459e03a,closed,
2026-09-03T21:01:01Z,51d4b52a-a095-1aa0-e100-80009459e03a,closed,
2026-09-03T21:01:01Z,005056ba-7cb6-1ed2-bceb-8b9067120d33,closed,
2026-09-04T03:00:57Z,4c8cac28-e631-42aa-8206-db8f9acf8919,open,2.278
2026-09-04T03:00:57Z,51d4b52a-a095-1aa0-e100-80009459e03a,open,2.279
2026-09-04T03:00:57Z,005056ba-7cb6-1ed2-bceb-8b9067120d33,open,2.279
2026-09-04T04:00:56Z,e1a15081-2513-9107-e040-0b0a3dfe563c,open,2.279
2026-09-04T04:00:56Z,4910a275-9695-403e-bb77-bf059a03713b,open,2.279
2026-09-04T04:00:56Z,0644af18-e91e-4f5c-b23b-ecee706482ce,open,2.289
2026-09-04T04:00:56Z,515bab29-79a3-4a95-937b-3a13c7907955,open,2.289
2026-09-04T04:00:56Z,51d4b662-a095-1aa0-e100-80009459e03a,open,2.279
2026-09-04T04:23:23Z,3d5d33e1-982e-4bd9-831c-7710f4b2bd72,open,2.279
2026-09-04T05:00:59Z,3bc75820-2e63-4a74-92cf-ef078b21accf,open,2.289
2026-09-04T05:30:47Z,9cc82fee-ffbf-4cf3-948a-9c5e494588a8,open,2.329
2026-09-04T06:30:52Z,3d5d33e1-982e-4bd9-831c-7710f4b2bd72,open,2.269
2026-09-04T06:30:52Z,005056a9-779e-1eee-bfc4-26f2ed85158d,open,2.269
2026-09-04T06:30:52Z,51d4b52a-a095-1aa0-e100-80009459e03a,open,2.269
2026-09-04T06:30:52Z,f3f3b1ad-72ef-424a-8237-96c84ef806af,open,2.279
2026-09-04T07:01:00Z,0014c75b-2b35-4fad-b162-8b3fb9125cd2,open,2.279
2026-09-04T07:30:49Z,515bab29-79a3-4a95-937b-3a13c7907955,open,2.279
2026-09-04T07:30:49Z,03344243-1c82-4fe4-9191-9d9bc9cc4d14,open,2.269
2026-09-04T08:01:05Z,ff84eb62-9c83-4c6a-b3e3-d7dad141e8d5,open,2.279
2026-09-04T08:01:05Z,4c8cac28-e631-42aa-8206-db8f9acf8919,open,2.258
2026-09-04T08:01:05Z,e1a15081-2513-9107-e040-0b0a3dfe563c,open,2.259
2026-09-04T08:01:05Z,4910a275-9695-403e-bb77-bf059a03713b,open,2.259
2026-09-04T08:01:05Z,005056ba-7cb6-1ed2-bceb-8b9067120d33,open,2.259
2026-09-04T08:01:05Z,695e738d-6386-4189-b454-af4a2947e89d,open,2.269
2026-09-04T08:01:05Z,51d4b662-a095-1aa0-e100-80009459e03a,open,2.259
2026-09-04T08:30:53Z,3bc75820-2e63-4a74-92cf-ef078b21accf,open,2.269
2026-09-04T08:30:53Z,0644af18-e91e-4f5c-b23b-ecee706482ce,open,2.279
2026-09-04T08:30:53Z,23cb9e76-f277-4ab3-b64b-d5d8a71eee0a,open,2.279
2026-09-04T08:30:53Z,51d4b52a-a095-1aa0-e100-80009459e03a,open,2.259
2026-09-04T08:30:53Z,695e738d-6386-4189-b454-af4a2947e89d,open,2.249
2026-09-04T08:30:53Z,f3f3b1ad-72ef-424a-8237-96c84ef806af,open,2.269
2026-09-04T08:30:53Z,515bab29-79a3-4a95-937b-3a13c7907955,open,2.269
2026-09-04T08:30:53Z,51d4b662-a095-1aa0-e100-80009459e03a,open,2.239
2026-09-04T09:01:04Z,e1a15081-2513-9107-e040-0b0a3dfe563c,open,2.239
2026-09-04T09:01:04Z,3d5d33e1-982e-4bd9-831c-7710f4b2bd72,open,2.259
2026-09-04T09:01:04Z,005056a9-779e-1eee-bfc4-26f2ed85158d,open,2.259
2026-09-04T09:01:04Z,9cc82fee-ffbf-4cf3-948a-9c5e494588a8,open,2.309
2026-09-04T09:30:52Z,4c8cac28-e631-42aa-8206-db8f9acf8919,open,2.248
2026-09-04T09:30:52Z,005056ba-7cb6-1ed2-bceb-8b9067120d33,open,2.249
2026-09-04T10:30:50Z,ff84eb62-9c83-4c6a-b3e3-d7dad141e8d5,open,2.499
2026-09-04T10:30:50Z,4c8cac28-e631-42aa-8206-db8f9acf8919,open,2.598
2026-09-04T10:30:50Z,e1a15081-2513-9107-e040-0b0a3dfe563c,open,2.489
2026-09-04T10:30:50Z,3bc75820-2e63-4a74-92cf-ef078b21accf,open,2.499
2026-09-04T10:30:50Z,4910a275-9695-403e-bb77-bf059a03713b,open,2.479
2026-09-04T10:30:50Z,0014c75b-2b35-4fad-b162-8b3fb9125cd2,open,2.499
2026-09-04T10:30:50Z,0644af18-e91e-4f5c-b23b-ecee706482ce,open,2.449
2026-09-04T10:30:50Z,77d0b269-a3f2-4a90-aebb-264d45748583,open,2.499
2026-09-04T10:30:50Z,23cb9e76-f277-4ab3-b64b-d5d8a71eee0a,open,2.499
2026-09-04T10:30:50Z,6cc0da1b-3d06-4abf-a2e9-3a4f67469658,open,2.449
2026-09-04T10:30:50Z,3d5d33e1-982e-4bd9-831c-7710f4b2bd72,open,2.489
2026-09-04T10:30:50Z,005056a9-779e-1eee-bfc4-26f2ed85158d,open,2.479
2026-09-04T10:30:50Z,51d4b52a-a095-1aa0-e100-80009459e03a,open,2.439
2026-09-04T10:30:50Z,005056ba-7cb6-1ed2-bceb-8b9067120d33,open,2.439
2026-09-04T10:30:50Z,695e738d-6386-4189-b454-af4a2947e89d,open,2.449
2026-09-04T10:30:50Z,f3f3b1ad-72ef-424a-8237-96c84ef806af,open,2.499
2026-09-04T10:30:50Z,9cc82fee-ffbf-4cf3-948a-9c5e494588a8,open,2.549
2026-09-04T10:30:50Z,515bab29-79a3-4a95-937b-3a13c7907955,open,2.499
2026-09-04T10:30:50Z,03344243-1c82-4fe4-9191-9d9bc9cc4d14,open,2.499
2026-09-04T10:30:50Z,51d4b662-a095-1aa0-e100-80009459e03a,open,2.439
2026-09-04T11:01:02Z,4c8cac28-e631-42aa-8206-db8f9acf8919,open,2.438
2026-09-04T11:01:02Z,e1a15081-2513-9107-e040-0b0a3dfe563c,open,2.439
2026-09-04T11:01:02Z,3bc75820-2e63-4a74-92cf-ef078b21accf,open,2.449
2026-09-04T11:01:02Z,4910a275-9695-403e-bb77-bf059a03713b,open,2.439
2026-09-04T11:01:02Z,005056a9-779e-1eee-bfc4-26f2ed85158d,open,2.439
2026-09-04T11:01:02Z,9cc82fee-ffbf-4cf3-948a-9c5e494588a8,open,2.459
2026-09-04T11:01:02Z,515bab29-79a3-4a95-937b-3a13c7907955,open,2.449
2026-09-04T11:01:02Z,03344243-1c82-4fe4-9191-9d9bc9cc4d14,open,2.449
2026-09-04T11:11:05Z,3d5d33e1-982e-4bd9-831c-7710f4b2bd72,open,2.439
2026-09-04T11:11:05Z,f3f3b1ad-72ef-424a-8237-96c84ef806af,open,2.459
2026-09-04T11:30:53Z,ff84eb62-9c83-4c6a-b3e3-d7dad141e8d5,open,2.459
2026-09-04T11:30:53Z,0014c75b-2b35-4fad-b162-8b3fb9125cd2,open,2.449
2026-09-04T11:30:53Z,77d0b269-a3f2-4a90-aebb-264d45748583,open,2.449
2026-09-04T11:30:53Z,23cb9e76-f277-4ab3-b64b-d5d8a71eee0a,open,2.449
2026-09-04T11:30:53Z,51d4b52a-a095-1aa0-e100-80009459e03a,open,2.429
2026-09-04T11:30:53Z,f3f3b1ad-72ef-424a-8237-96c84ef806af,open,2.449
2026-09-04T12:00:56Z,ff84eb62-9c83-4c6a-b3e3-d7dad141e8d5,open,2.449
2026-09-04T12:00:56Z,4910a275-9695-403e-bb77-bf059a03713b,open,2.429
2026-09-04T12:00:56Z,0014c75b-2b35-4fad-b162-8b3fb9125cd2,open,2.439
2026-09-04T12:00:56Z,0644af18-e91e-4f5c-b23b-ecee706482ce,open,2.439
2026-09-04T12:00:56Z,3d5d33e1-982e-4bd9-831c-7710f4b2bd72,open,2.429
2026-09-04T12:00:56Z,005056a9-779e-1eee-bfc4-26f2ed85158d,open,2.429
2026-09-04T12:00:56Z,f3f3b1ad-72ef-424a-8237-96c84ef806af,open,2.439
2026-09-04T12:00:56Z,9cc82fee-ffbf-4cf3-948a-9c5e494588a8,open,2.439
2026-09-04T12:00:56Z,515bab29-79a3-4a95-937b-3a13c7907955,open,2.439
2026-09-04T12:30:50Z,ff84eb62-9c83-4c6a-b3e3-d7dad141e8d5,open,2.439
2026-09-04T12:30:50Z,3bc75820-2e63-4a74-92cf-ef078b21accf,open,2.439
2026-09-04T12:30:50Z,0014c75b-2b35-4fad-b162-8b3fb9125cd2,open,2.429
2026-09-04T12:30:50Z,0644af18-e91e-4f5c-b23b-ecee706482ce,open,2.429
2026-09-04T12:30:50Z,6cc0da1b-3d06-4abf-a2e9-3a4f67469658,open,2.439
2026-09-04T12:30:50Z,3d5d33e1-982e-4bd9-831c-7710f4b2bd72,open,2.419
2026-09-04T12:30:50Z,005056a9-779e-1eee-bfc4-26f2ed85158d,open,2.419
2026-09-04T12:30:50Z,51d4b52a-a095-1aa0-e100-80009459e03a,open,2.419
2026-09-04T12:30:50Z,f3f3b1ad-72ef-424a-8237-96c84ef806af,open,2.429
2026-09-04T12:30:50Z,515bab29-79a3-4a95-937b-3a13c7907955,open,2.429
2026-09-04T12:30:50Z,51d4b662-a095-1aa0-e100-80009459e03a,open,2.429
2026-09-04T13:00:58Z,ff84eb62-9c83-4c6a-b3e3-d7dad141e8d5,open,2.429
2026-09-04T13:00:58Z,4c8cac28-e631-42aa-8206-db8f9acf8919,open,2.408
2026-09-04T13:00:58Z,e1a15081-2513-9107-e040-0b0a3dfe563c,open,2.409
2026-09-04T13:00:58Z,3bc75820-2e63-4a74-92cf-ef078b21accf,open,2.419
2026-09-04T13:00:58Z,4910a275-9695-403e-bb77-bf059a03713b,open,2.409
2026-09-04T13:00:58Z,0644af18-e91e-4f5c-b23b-ecee706482ce,open,2.419
2026-09-04T13:00:58Z,77d0b269-a3f2-4a90-aebb-264d45748583,open,2.439
2026-09-04T13:00:58Z,23cb9e76-f277-4ab3-b64b-d5d8a71eee0a,open,2.439
2026-09-04T13:00:58Z,6cc0da1b-3d06-4abf-a2e9-3a4f67469658,open,2.429
2026-09-04T13:00:58Z,3d5d33e1-982e-4bd9-831c-7710f4b2bd72,open,2.409
2026-09-04T13:00:58Z,005056a9-779e-1eee-bfc4-26f2ed85158d,open,2.409
2026-09-04T13:00:58Z,51d4b52a-a095-1aa0-e100-80009459e03a,open,2.409
2026-09-04T13:00:58Z,005056ba-7cb6-1ed2-bceb-8b9067120d33,open,2.409
2026-09-04T13:00:58Z,695e738d-6386-4189-b454-af4a2947e89d,open,2.439
2026-09-04T13:00:58Z,9cc82fee-ffbf-4cf3-948a-9c5e494588a8,open,2.429
2026-09-04T13:00:58Z,515bab29-79a3-4a95-937b-3a13c7907955,open,2.419
2026-09-04T13:00:58Z,03344243-1c82-4fe4-9191-9d9bc9cc4d14,open,2.409
2026-09-04T13:00:58Z,51d4b662-a095-1aa0-e100-80009459e03a,open,2.409
2026-09-04T13:30:50Z,ff84eb62-9c83-4c6a-b3e3-d7dad141e8d5,open,2.419
2026-09-04T13:30:50Z,e1a15081-2513-9107-e040-0b0a3dfe563c,open,2.399
2026-09-04T13:30:50Z,4910a275-9695-403e-bb77-bf059a03713b,open,2.399
2026-09-04T13:30:50Z,0014c75b-2b35-4fad-b162-8b3fb9125cd2,open,2.419
2026-09-04T13:30:50Z,0644af18-e91e-4f5c-b23b-ecee706482ce,open,2.409
2026-09-04T13:30:50Z,23cb9e76-f277-4ab3-b64b-d5d8a71eee0a,open,2.419
2026-09-04T13:30:50Z,3d5d33e1-982e-4bd9-831c-7710f4b2bd72,open,2.399
2026-09-04T13:30:50Z,005056a9-779e-1eee-bfc4-26f2ed85158d,open,2.399
2026-09-04T13:30:50Z,51d4b52a-a095-1aa0-e100-80009459e03a,open,2.399
2026-09-04T13:30:50Z,005056ba-7cb6-1ed2-bceb-8b9067120d33,open,2.399
2026-09-04T13:30:50Z,695e738d-6386-4189-b454-af4a2947e89d,open,2.409
2026-09-04T13:30:50Z,f3f3b1ad-72ef-424a-8237-96c84ef806af,open,2.409
2026-09-04T13:30:50Z,9cc82fee-ffbf-4cf3-948a-9c5e494588a8,open,2.419
2026-09-04T13:30:50Z,515bab29-79a3-4a95-937b-3a13c7907955,open,2.409
2026-09-04T13:30:50Z,51d4b662-a095-1aa0-e100-80009459e03a,open,2.399
2026-09-04T14:01:00Z,ff84eb62-9c83-4c6a-b3e3-d7dad141e8d5,open,2.409
2026-09-04T14:01:00Z,3bc75820-2e63-4a74-92cf-ef078b21accf,open,2.409
2026-09-04T14:01:00Z,0644af18-e91e-4f5c-b23b-ecee706482ce,open,2.399
2026-09-04T14:01:00Z,6cc0da1b-3d06-4abf-a2e9-3a4f67469658,open,2.419
2026-09-04T14:01:00Z,51d4b52a-a095-1aa0-e100-80009459e03a,open,2.389
2026-09-04T14:01:00Z,005056ba-7cb6-1ed2-bceb-8b9067120d33,open,2.339
2026-09-04T14:01:00Z,9cc82fee-ffbf-4cf3-948a-9c5e494588a8,open,2.409
2026-09-04T14:30:49Z,e1a15081-2513-9107-e040-0b0a3dfe563c,open,2.339
2026-09-04T14:30:49Z,4910a275-9695-403e-bb77-bf059a03713b,open,2.339
2026-09-04T14:30:49Z,0014c75b-2b35-4fad-b162-8b3fb9125cd2,open,2.399
2026-09-04T14:30:49Z,77d0b269-a3f2-4a90-aebb-264d45748583,open,2.409
2026-09-04T14:30:49Z,23cb9e76-f277-4ab3-b64b-d5d8a71eee0a,open,2.409
2026-09-04T14:30:49Z,6cc0da1b-3d06-4abf-a2e9-3a4f67469658,open,2.409
2026-09-04T14:30:49Z,3d5d33e1-982e-4bd9-831c-7710f4b2bd72,open,2.389
2026-09-04T14:30:49Z,005056a9-779e-1eee-bfc4-26f2ed85158d,open,2.389
2026-09-04T14:30:49Z,695e738d-6386-4189-b454-af4a2947e89d,open,2.349
2026-09-04T14:30:49Z,f3f3b1ad-72ef-424a-8237-96c84ef806af,open,2.399
2026-09-04T14:30:49Z,9cc82fee-ffbf-4cf3-948a-9c5e494588a8,open,2.399
2026-09-04T14:30:49Z,515bab29-79a3-4a95-937b-3a13c7907955,open,2.399
2026-09-04T14:30:49Z,03344243-1c82-4fe4-9191-9d9bc9cc4d14,open,2.349
2026-09-04T14:30:49Z,51d4b662-a095-1aa0-e100-80009459e03a,open,2.339
2026-09-04T15:01:09Z,ff84eb62-9c83-4c6a-b3e3-d7dad141e8d5,open,2.369
2026-09-04T15:01:09Z,3bc75820-2e63-4a74-92cf-ef078b21accf,open,2.349
2026-09-04T15:01:09Z,0644af18-e91e-4f5c-b23b-ecee706482ce,open,2.389
2026-09-04T15:01:09Z,6cc0da1b-3d06-4abf-a2e9-3a4f67469658,open,2.399
2026-09-04T15:01:09Z,51d4b52a-a095-1aa0-e100-80009459e03a,open,2.359
2026-09-04T15:01:09Z,515bab29-79a3-4a95-937b-3a13c7907955,open,2.369
2026-09-04T15:30:50Z,ff84eb62-9c83-4c6a-b3e3-d7dad141e8d5,open,2.349
2026-09-04T15:30:50Z,0014c75b-2b35-4fad-b162-8b3fb9125cd2,open,2.369
2026-09-04T15:30:50Z,0644af18-e91e-4f5c-b23b-ecee706482ce,open,2.359
2026-09-04T15:30:50Z,77d0b269-a3f2-4a90-aebb-264d45748583,open,2.359
2026-09-04T15:30:50Z,23cb9e76-f277-4ab3-b64b-d5d8a71eee0a,open,2.349
2026-09-04T15:30:50Z,6cc0da1b-3d06-4abf-a2e9-3a4f67469658,open,2.359
2026-09-04T15:30:50Z,3d5d33e1-982e-4bd9-831c-7710f4b2bd72,open,2.359
2026-09-04T15:30:50Z,005056a9-779e-1eee-bfc4-26f2ed85158d,open,2.359
2026-09-04T15:30:50Z,f3f3b1ad-72ef-424a-8237-96c84ef806af,open,2.369
2026-09-04T15:30:50Z,9cc82fee-ffbf-4cf3-948a-9c5e494588a8,open,2.369
2026-09-04T16:01:01Z,005056a9-779e-1eee-bfc4-26f2ed85158d,open,2.339
2026-09-04T16:01:01Z,51d4b52a-a095-1aa0-e100-80009459e03a,open,2.339
2026-09-04T16:01:01Z,515bab29-79a3-4a95-937b-3a13c7907955,open,2.349
2026-09-04T16:17:17Z,0014c75b-2b35-4fad-b162-8b3fb9125cd2,open,2.349
2026-09-04T16:17:17Z,0644af18-e91e-4f5c-b23b-ecee706482ce,open,2.349
2026-09-04T16:17:17Z,77d0b269-a3f2-4a90-aebb-264d45748583,open,2.349
2026-09-04T16:17:17Z,3d5d33e1-982e-4bd9-831c-7710f4b2bd72,open,2.339
2026-09-04T16:17:17Z,f3f3b1ad-72ef-424a-8237-96c84ef806af,open,2.349
2026-09-04T16:17:17Z,9cc82fee-ffbf-4cf3-948a-9c5e494588a8,open,2.349
2026-09-04T16:30:52Z,6cc0da1b-3d06-4abf-a2e9-3a4f67469658,open,2.349
2026-09-04T17:00:59Z,4c8cac28-e631-42aa-8206-db8f9acf8919,open,2.398
2026-09-04T17:00:59Z,51d4b52a-a095-1aa0-e100-80009459e03a,open,2.329
2026-09-04T17:00:59Z,515bab29-79a3-4a95-937b-3a13c7907955,open,2.339
2026-09-04T17:30:46Z,0014c75b-2b35-4fad-b162-8b3fb9125cd2,open,2.339
2026-09-04T17:30:46Z,0644af18-e91e-4f5c-b23b-ecee706482ce,open,2.339
2026-09-04T17:30:46Z,3d5d33e1-982e-4bd9-831c-7710f4b2bd72,open,2.329
2026-09-04T17:30:46Z,005056a9-779e-1eee-bfc4-26f2ed85158d,open,2.329
2026-09-04T17:30:46Z,f3f3b1ad-72ef-424a-8237-96c84ef806af,open,2.339
2026-09-04T17:30:46Z,9cc82fee-ffbf-4cf3-948a-9c5e494588a8,open,2.339
2026-09-04T18:00:56Z,ff84eb62-9c83-4c6a-b3e3-d7dad141e8d5,open,2.339
2026-09-04T18:00:56Z,3bc75820-2e63-4a74-92cf-ef078b21accf,open,2.339
2026-09-04T18:00:56Z,4910a275-9695-403e-bb77-bf059a03713b,open,2.329
2026-09-04T18:00:56Z,51d4b52a-a095-1aa0-e100-80009459e03a,open,2.309
2026-09-04T18:00:56Z,515bab29-79a3-4a95-937b-3a13c7907955,open,2.319
2026-09-04T18:30:48Z,4c8cac28-e631-42aa-8206-db8f9acf8919,open,2.328
2026-09-04T18:30:48Z,e1a15081-2513-9107-e040-0b0a3dfe563c,open,2.329
2026-09-04T18:30:48Z,0014c75b-2b35-4fad-b162-8b3fb9125cd2,open,2.319
2026-09-04T18:30:48Z,0644af18-e91e-4f5c-b23b-ecee706482ce,open,2.319
2026-09-04T18:30:48Z,77d0b269-a3f2-4a90-aebb-264d45748583,open,2.339
2026-09-04T18:30:48Z,6cc0da1b-3d06-4abf-a2e9-3a4f67469658,open,2.329
2026-09-04T18:30:48Z,3d5d33e1-982e-4bd9-831c-7710f4b2bd72,open,2.299
2026-09-04T18:30:48Z,005056a9-779e-1eee-bfc4-26f2ed85158d,open,2.299
2026-09-04T18:30:48Z,005056ba-7cb6-1ed2-bceb-8b9067120d33,open,2.329
2026-09-04T18:30:48Z,695e738d-6386-4189-b454-af4a2947e89d,open,2.339
2026-09-04T18:30:48Z,f3f3b1ad-72ef-424a-8237-96c84ef806af,open,2.319
2026-09-04T18:30:48Z,9cc82fee-ffbf-4cf3-948a-9c5e494588a8,open,2.319
2026-09-04T18:30:48Z,03344243-1c82-4fe4-9191-9d9bc9cc4d14,open,2.339
2026-09-04T18:30:48Z,51d4b662-a095-1aa0-e100-80009459e03a,open,2.329
2026-09-04T19:01:03Z,ff84eb62-9c83-4c6a-b3e3-d7dad141e8d5,open,2.319
2026-09-04T19:01:03Z,3bc75820-2e63-4a74-92cf-ef078b21accf,open,2.319
2026-09-04T19:01:03Z,4910a275-9695-403e-bb77-bf059a03713b,open,2.309
2026-09-04T19:01:03Z,0644af18-e91e-4f5c-b23b-ecee706482ce,closed,
2026-09-04T19:01:03Z,51d4b52a-a095-1aa0-e100-80009459e03a,open,2.299
2026-09-04T19:01:03Z,515bab29-79a3-4a95-937b-3a13c7907955,open,2.309
2026-09-04T19:01:03Z,51d4b662-a095-1aa0-e100-80009459e03a,open,2.309
2026-09-04T19:30:47Z,4c8cac28-e631-42aa-8206-db8f9acf8919,open,2.308
2026-09-04T19:30:47Z,e1a15081-2513-9107-e040-0b0a3dfe563c,open,2.309
2026-09-04T19:30:47Z,51d4b52a-a095-1aa0-e100-80009459e03a,open,2.289
2026-09-04T19:30:47Z,005056ba-7cb6-1ed2-bceb-8b9067120d33,open,2.309
2026-09-04T19:30:47Z,695e738d-6386-4189-b454-af4a2947e89d,open,2.319
2026-09-04T19:30:47Z,f3f3b1ad-72ef-424a-8237-96c84ef806af,open,2.309
2026-09-04T19:30:47Z,03344243-1c82-4fe4-9191-9d9bc9cc4d14,open,2.319
2026-09-04T20:00:56Z,4c8cac28-e631-42aa-8206-db8f9acf8919,closed,
2026-09-04T20:00:56Z,e1a15081-2513-9107-e040-0b0a3dfe563c,closed,
2026-09-04T20:00:56Z,3bc75820-2e63-4a74-92cf-ef078b21accf,closed,
2026-09-04T20:00:56Z,4910a275-9695-403e-bb77-bf059a03713b,closed,
2026-09-04T20:00:56Z,3d5d33e1-982e-4bd9-831c-7710f4b2bd72,open,2.289
2026-09-04T20:00:56Z,005056a9-779e-1eee-bfc4-26f2ed85158d,open,2.289
2026-09-04T20:00:56Z,51d4b52a-a095-1aa0-e100-80009459e03a,open,2.279
2026-09-04T20:00:56Z,f3f3b1ad-72ef-424a-8237-96c84ef806af,open,2.299
2026-09-04T20:00:56Z,515bab29-79a3-4a95-937b-3a13c7907955,closed,
2026-09-04T20:00:56Z,51d4b662-a095-1aa0-e100-80009459e03a,closed,
2026-09-04T20:30:48Z,3d5d33e1-982e-4bd9-831c-7710f4b2bd72,open,2.279
2026-09-04T20:30:48Z,005056a9-779e-1eee-bfc4-26f2ed85158d,open,2.279
2026-09-04T20:30:48Z,f3f3b1ad-72ef-424a-8237-96c84ef806af,open,2.289
2026-09-04T21:01:03Z,51d4b52a-a095-1aa0-e100-80009459e03a,closed,
2026-09-04T21:01:03Z,005056ba-7cb6-1ed2-bceb-8b9067120d33,closed,
2026-09-05T03:00:57Z,4c8cac28-e631-42aa-8206-db8f9acf8919,open,2.308
2026-09-05T03:00:57Z,005056ba-7cb6-1ed2-bceb-8b9067120d33,open,2.309
2026-09-05T04:01:00Z,e1a15081-2513-9107-e040-0b0a3dfe563c,open,2.309
2026-09-05T04:01:00Z,4910a275-9695-403e-bb77-bf059a03713b,open,2.309
2026-09-05T04:01:00Z,515bab29-79a3-4a95-937b-3a13c7907955,open,2.299
2026-09-05T04:01:00Z,51d4b52a-a095-1aa0-e100-80009459e03a,open,2.279
2026-09-05T05:00:59Z,3bc75820-2e63-4a74-92cf-ef078b21accf,open,2.319
2026-09-05T05:00:59Z,0644af18-e91e-4f5c-b23b-ecee706482ce,open,2.319
2026-09-05T05:00:59Z,515bab29-79a3-4a95-937b-3a13c7907955,open,2.289
2026-09-05T05:30:49Z,6cc0da1b-3d06-4abf-a2e9-3a4f67469658,open,2.319
2026-09-05T05:30:49Z,4910a275-9695-403e-bb77-bf059a03713b,open,2.299
2026-09-05T05:30:49Z,0644af18-e91e-4f5c-b23b-ecee706482ce,open,2.299
2026-09-05T05:30:49Z,f3f3b1ad-72ef-424a-8237-96c84ef806af,open,2.279
2026-09-05T05:30:49Z,9cc82fee-ffbf-4cf3-948a-9c5e494588a8,open,2.309
2026-09-05T05:30:49Z,515bab29-79a3-4a95-937b-3a13c7907955,open,2.279
2026-09-05T05:30:49Z,3d5d33e1-982e-4bd9-831c-7710f4b2bd72,open,2.269
2026-09-05T05:30:49Z,005056a9-779e-1eee-bfc4-26f2ed85158d,open,2.269
2026-09-05T05:30:49Z,51d4b52a-a095-1aa0-e100-80009459e03a,open,2.269
2026-09-05T06:01:04Z,77d0b269-a3f2-4a90-aebb-264d45748583,open,2.319
2026-09-05T06:01:04Z,6cc0da1b-3d06-4abf-a2e9-3a4f67469658,open,2.309
2026-09-05T06:01:04Z,ff84eb62-9c83-4c6a-b3e3-d7dad141e8d5,open,2.309
2026-09-05T06:01:04Z,3bc75820-2e63-4a74-92cf-ef078b21accf,open,2.309
2026-09-05T06:01:04Z,4910a275-9695-403e-bb77-bf059a03713b,open,2.289
2026-09-05T06:01:04Z,0014c75b-2b35-4fad-b162-8b3fb9125cd2,open,2.279
2026-09-05T06:01:04Z,51d4b662-a095-1aa0-e100-80009459e03a,open,2.309
2026-09-05T06:30:55Z,ff84eb62-9c83-4c6a-b3e3-d7dad141e8d5,open,2.299
2026-09-05T06:30:55Z,4c8cac28-e631-42aa-8206-db8f9acf8919,open,2.288
2026-09-05T06:30:55Z,e1a15081-2513-9107-e040-0b0a3dfe563c,open,2.289
2026-09-05T06:30:55Z,3bc75820-2e63-4a74-92cf-ef078b21accf,open,2.299
2026-09-05T06:30:55Z,03344243-1c82-4fe4-9191-9d9bc9cc4d14,open,2.309
2026-09-05T06:30:55Z,51d4b662-a095-1aa0-e100-80009459e03a,open,2.289
2026-09-05T06:30:55Z,005056ba-7cb6-1ed2-bceb-8b9067120d33,open,2.279
2026-09-05T06:30:55Z,695e738d-6386-4189-b454-af4a2947e89d,open,2.299
2026-09-05T07:00:59Z,77d0b269-a3f2-4a90-aebb-264d45748583,open,2.309
2026-09-05T07:00:59Z,23cb9e76-f277-4ab3-b64b-d5d8a71eee0a,open,2.309
2026-09-05T07:00:59Z,ff84eb62-9c83-4c6a-b3e3-d7dad141e8d5,open,2.289
2026-09-05T07:00:59Z,4c8cac28-e631-42aa-8206-db8f9acf8919,open,2.278
2026-09-05T07:00:59Z,e1a15081-2513-9107-e040-0b0a3dfe563c,open,2.279
2026-09-05T07:00:59Z,3bc75820-2e63-4a74-92cf-ef078b21accf,open,2.289
2026-09-05T07:00:59Z,4910a275-9695-403e-bb77-bf059a03713b,open,2.279
2026-09-05T07:00:59Z,03344243-1c82-4fe4-9191-9d9bc9cc4d14,open,2.289
2026-09-05T07:00:59Z,51d4b662-a095-1aa0-e100-80009459e03a,open,2.279
2026-09-05T07:00:59Z,695e738d-6386-4189-b454-af4a2947e89d,open,2.289
2026-09-05T07:30:52Z,77d0b269-a3f2-4a90-aebb-264d45748583,open,2.299
2026-09-05T07:30:52Z,23cb9e76-f277-4ab3-b64b-d5d8a71eee0a,open,2.299
2026-09-05T07:30:52Z,6cc0da1b-3d06-4abf-a2e9-3a4f67469658,open,2.299
2026-09-05T07:30:52Z,0644af18-e91e-4f5c-b23b-ecee706482ce,open,2.289
2026-09-05T08:30:53Z,0644af18-e91e-4f5c-b23b-ecee706482ce,open,2.279
2026-09-05T08:30:53Z,6cc0da1b-3d06-4abf-a2e9-3a4f67469658,open,2.279
2026-09-05T09:01:03Z,0644af18-e91e-4f5c-b23b-ecee706482ce,open,2.269
2026-09-05T09:01:03Z,3bc75820-2e63-4a74-92cf-ef078b21accf,open,2.279
2026-09-05T09:01:03Z,4910a275-9695-403e-bb77-bf059a03713b,open,2.269
2026-09-05T09:01:03Z,51d4b52a-a095-1aa0-e100-80009459e03a,open,2.249
2026-09-05T09:01:03Z,f3f3b1ad-72ef-424a-8237-96c84ef806af,open,2.259
2026-09-05T09:01:03Z,9cc82fee-ffbf-4cf3-948a-9c5e494588a8,open,2.289
2026-09-05T09:01:03Z,3d5d33e1-982e-4bd9-831c-7710f4b2bd72,open,2.249
2026-09-05T09:01:03Z,005056a9-779e-1eee-bfc4-26f2ed85158d,open,2.249
2026-09-05T09:30:50Z,4910a275-9695-403e-bb77-bf059a03713b,open,2.259
2026-09-05T09:30:50Z,ff84eb62-9c83-4c6a-b3e3-d7dad141e8d5,open,2.269
2026-09-05T10:00:57Z,e1a15081-2513-9107-e040-0b0a3dfe563c,open,2.259
2026-09-05T10:00:57Z,51d4b662-a095-1aa0-e100-80009459e03a,open,2.259
2026-09-05T10:29:43Z,6cc0da1b-3d06-4abf-a2e9-3a4f67469658,open,2.449
2026-09-05T10:29:43Z,4c8cac28-e631-42aa-8206-db8f9acf8919,open,2.628
2026-09-05T10:29:43Z,e1a15081-2513-9107-e040-0b0a3dfe563c,open,2.489
2026-09-05T10:29:43Z,3bc75820-2e63-4a74-92cf-ef078b21accf,open,2.499
2026-09-05T10:29:43Z,4910a275-9695-403e-bb77-bf059a03713b,open,2.479
2026-09-05T10:29:43Z,0014c75b-2b35-4fad-b162-8b3fb9125cd2,open,2.499
2026-09-05T10:29:43Z,0644af18-e91e-4f5c-b23b-ecee706482ce,open,2.449
2026-09-05T10:29:43Z,77d0b269-a3f2-4a90-aebb-264d45748583,open,2.499
2026-09-05T10:29:43Z,23cb9e76-f277-4ab3-b64b-d5d8a71eee0a,open,2.499
2026-09-05T10:29:43Z,ff84eb62-9c83-4c6a-b3e3-d7dad141e8d5,open,2.499
2026-09-05T10:29:43Z,03344243-1c82-4fe4-9191-9d9bc9cc4d14,open,2.499
2026-09-05T10:29:43Z,51d4b662-a095-1aa0-e100-80009459e03a,open,2.479
2026-09-05T10:29:43Z,3d5d33e1-982e-4bd9-831c-7710f4b2bd72,open,2.489
2026-09-05T10:29:43Z,005056a9-779e-1eee-bfc4-26f2ed85158d,open,2.479
2026-09-05T10:29:43Z,51d4b52a-a095-1aa0-e100-80009459e03a,open,2.479
2026-09-05T10:29:43Z,005056ba-7cb6-1ed2-bceb-8b9067120d33,open,2.439
2026-09-05T10:29:43Z,695e738d-6386-4189-b454-af4a2947e89d,open,2.449
2026-09-05T10:29:43Z,f3f3b1ad-72ef-424a-8237-96c84ef806af,open,2.499
2026-09-05T10:29:43Z,9cc82fee-ffbf-4cf3-948a-9c5e494588a8,open,2.549
2026-09-05T10:29:43Z,515bab29-79a3-4a95-937b-3a13c7907955,open,2.499
2026-09-05T10:30:53Z,51d4b662-a095-1aa0-e100-80009459e03a,open,2.439
2026-09-05T10:30:53Z,51d4b52a-a095-1aa0-e100-80009459e03a,open,2.449
2026-09-05T11:01:01Z,4c8cac28-e631-42aa-8206-db8f9acf8919,open,2.438
2026-09-05T11:01:01Z,e1a15081-2513-9107-e040-0b0a3dfe563c,open,2.439
2026-09-05T11:01:01Z,3bc75820-2e63-4a74-92cf-ef078b21accf,open,2.449
2026-09-05T11:01:01Z,4910a275-9695-403e-bb77-bf059a03713b,open,2.439
2026-09-05T11:01:01Z,03344243-1c82-4fe4-9191-9d9bc9cc4d14,open,2.449
2026-09-05T11:01:01Z,005056a9-779e-1eee-bfc4-26f2ed85158d,open,2.449
2026-09-05T11:01:01Z,51d4b52a-a095-1aa0-e100-80009459e03a,open,2.439
2026-09-05T11:01:01Z,9cc82fee-ffbf-4cf3-948a-9c5e494588a8,open,2.459
2026-09-05T11:01:01Z,515bab29-79a3-4a95-937b-3a13c7907955,open,2.459
2026-09-05T11:30:49Z,4c8cac28-e631-42aa-8206-db8f9acf8919,open,2.408
2026-09-05T11:30:49Z,0014c75b-2b35-4fad-b162-8b3fb9125cd2,open,2.449
2026-09-05T11:30:49Z,77d0b269-a3f2-4a90-aebb-264d45748583,open,2.449
2026-09-05T11:30:49Z,23cb9e76-f277-4ab3-b64b-d5d8a71eee0a,open,2.449
2026-09-05T11:30:49Z,ff84eb62-9c83-4c6a-b3e3-d7dad141e8d5,open,2.459
2026-09-05T11:30:49Z,3d5d33e1-982e-4bd9-831c-7710f4b2bd72,open,2.439
2026-09-05T11:30:49Z,005056a9-779e-1eee-bfc4-26f2ed85158d,open,2.439
2026-09-05T11:30:49Z,51d4b52a-a095-1aa0-e100-80009459e03a,open,2.429
2026-09-05T11:30:49Z,005056ba-7cb6-1ed2-bceb-8b9067120d33,open,2.409
2026-09-05T11:30:49Z,f3f3b1ad-72ef-424a-8237-96c84ef806af,open,2.449
2026-09-05T11:30:49Z,515bab29-79a3-4a95-937b-3a13c7907955,open,2.449
2026-09-05T11:30:49Z,51d4b662-a095-1aa0-e100-80009459e03a,open,2.409
2026-09-05T12:00:59Z,e1a15081-2513-9107-e040-0b0a3dfe563c,open,2.399
2026-09-05T12:00:59Z,3bc75820-2e63-4a74-92cf-ef078b21accf,open,2.419
2026-09-05T12:00:59Z,4910a275-9695-403e-bb77-bf059a03713b,open,2.409
2026-09-05T12:00:59Z,0014c75b-2b35-4fad-b162-8b3fb9125cd2,open,2.439
2026-09-05T12:00:59Z,0644af18-e91e-4f5c-b23b-ecee706482ce,open,2.429
2026-09-05T12:00:59Z,23cb9e76-f277-4ab3-b64b-d5d8a71eee0a,open,2.419
2026-09-05T12:00:59Z,ff84eb62-9c83-4c6a-b3e3-d7dad141e8d5,open,2.419
2026-09-05T12:00:59Z,3d5d33e1-982e-4bd9-831c-7710f4b2bd72,open,2.429
2026-09-05T12:00:59Z,005056a9-779e-1eee-bfc4-26f2ed85158d,open,2.429
2026-09-05T12:00:59Z,51d4b52a-a095-1aa0-e100-80009459e03a,open,2.409
2026-09-05T12:00:59Z,005056ba-7cb6-1ed2-bceb-8b9067120d33,open,2.399
2026-09-05T12:00:59Z,695e738d-6386-4189-b454-af4a2947e89d,open,2.409
2026-09-05T12:00:59Z,f3f3b1ad-72ef-424a-8237-96c84ef806af,open,2.439
2026-09-05T12:00:59Z,9cc82fee-ffbf-4cf3-948a-9c5e494588a8,open,2.439
2026-09-05T12:00:59Z,515bab29-79a3-4a95-937b-3a13c7907955,open,2.439
2026-09-05T12:00:59Z,03344243-1c82-4fe4-9191-9d9bc9cc4d14,open,2.409
2026-09-05T12:00:59Z,51d4b662-a095-1aa0-e100-80009459e03a,open,2.399
2026-09-05T12:30:48Z,3bc75820-2e63-4a74-92cf-ef078b21accf,open,2.409
2026-09-05T12:30:48Z,4910a275-9695-403e-bb77-bf059a03713b,open,2.399
2026-09-05T12:30:48Z,0014c75b-2b35-4fad-b162-8b3fb9125cd2,open,2.409
2026-09-05T12:30:48Z,0644af18-e91e-4f5c-b23b-ecee706482ce,open,2.409
2026-09-05T12:30:48Z,77d0b269-a3f2-4a90-aebb-264d45748583,open,2.419
2026-09-05T12:30:48Z,23cb9e76-f277-4ab3-b64b-d5d8a71eee0a,open,2.409
2026-09-05T12:30:48Z,ff84eb62-9c83-4c6a-b3e3-d7dad141e8d5,open,2.409
2026-09-05T12:30:48Z,6cc0da1b-3d06-4abf-a2e9-3a4f67469658,open,2.419
2026-09-05T12:30:48Z,3d5d33e1-982e-4bd9-831c-7710f4b2bd72,open,2.399
2026-09-05T12:30:48Z,005056a9-779e-1eee-bfc4-26f2ed85158d,open,2.399
2026-09-05T12:30:48Z,51d4b52a-a095-1aa0-e100-80009459e03a,open,2.399
2026-09-05T12:30:48Z,f3f3b1ad-72ef-424a-8237-96c84ef806af,open,2.409
2026-09-05T12:30:48Z,9cc82fee-ffbf-4cf3-948a-9c5e494588a8,open,2.429
2026-09-05T12:30:48Z,515bab29-79a3-4a95-937b-3a13c7907955,open,2.409
2026-09-05T13:00:58Z,e1a15081-2513-9107-e040-0b0a3dfe563c,open,2.359
2026-09-05T13:00:58Z,77d0b269-a3f2-4a90-aebb-264d45748583,open,2.409
2026-09-05T13:00:58Z,6cc0da1b-3d06-4abf-a2e9-3a4f67469658,open,2.409
2026-09-05T13:00:58Z,005056ba-7cb6-1ed2-bceb-8b9067120d33,open,2.359
2026-09-05T13:00:58Z,9cc82fee-ffbf-4cf3-948a-9c5e494588a8,open,2.409
2026-09-05T13:00:58Z,51d4b662-a095-1aa0-e100-80009459e03a,open,2.359
2026-09-05T13:30:47Z,4910a275-9695-403e-bb77-bf059a03713b,open,2.359
2026-09-05T13:30:47Z,0644af18-e91e-4f5c-b23b-ecee706482ce,open,2.399
2026-09-05T13:30:47Z,ff84eb62-9c83-4c6a-b3e3-d7dad141e8d5,open,2.369
2026-09-05T13:30:47Z,51d4b52a-a095-1aa0-e100-80009459e03a,open,2.389
2026-09-05T13:30:47Z,695e738d-6386-4189-b454-af4a2947e89d,open,2.369
2026-09-05T13:30:47Z,03344243-1c82-4fe4-9191-9d9bc9cc4d14,open,2.369
2026-09-05T14:01:05Z,e1a15081-2513-9107-e040-0b0a3dfe563c,open,2.309
2026-09-05T14:01:05Z,3bc75820-2e63-4a74-92cf-ef078b21accf,open,2.369
2026-09-05T14:01:05Z,0644af18-e91e-4f5c-b23b-ecee706482ce,open,2.389
2026-09-05T14:01:05Z,3d5d33e1-982e-4bd9-831c-7710f4b2bd72,open,2.359
2026-09-05T14:01:05Z,005056a9-779e-1eee-bfc4-26f2ed85158d,open,2.359
2026-09-05T14:01:05Z,005056ba-7cb6-1ed2-bceb-8b9067120d33,open,2.309
2026-09-05T14:01:05Z,f3f3b1ad-72ef-424a-8237-96c84ef806af,open,2.399
2026-09-05T14:01:05Z,9cc82fee-ffbf-4cf3-948a-9c5e494588a8,open,2.399
2026-09-05T14:01:05Z,515bab29-79a3-4a95-937b-3a13c7907955,open,2.399
2026-09-05T14:01:05Z,51d4b662-a095-1aa0-e100-80009459e03a,open,2.309
2026-09-05T14:30:47Z,4910a275-9695-403e-bb77-bf059a03713b,open,2.309
2026-09-05T14:30:47Z,0014c75b-2b35-4fad-b162-8b3fb9125cd2,open,2.369
2026-09-05T14:30:47Z,0644af18-e91e-4f5c-b23b-ecee706482ce,open,2.359
2026-09-05T14:30:47Z,77d0b269-a3f2-4a90-aebb-264d45748583,open,2.369
2026-09-05T14:30:47Z,23cb9e76-f277-4ab3-b64b-d5d8a71eee0a,open,2.369
2026-09-05T14:30:47Z,ff84eb62-9c83-4c6a-b3e3-d7dad141e8d5,open,2.329
2026-09-05T14:30:47Z,6cc0da1b-3d06-4abf-a2e9-3a4f67469658,open,2.369
2026-09-05T14:30:47Z,3d5d33e1-982e-4bd9-831c-7710f4b2bd72,open,2.319
2026-09-05T14:30:47Z,005056a9-779e-1eee-bfc4-26f2ed85158d,open,2.319
2026-09-05T14:30:47Z,695e738d-6386-4189-b454-af4a2947e89d,open,2.319
2026-09-05T14:30:47Z,515bab29-79a3-4a95-937b-3a13c7907955,open,2.369
2026-09-05T14:30:47Z,03344243-1c82-4fe4-9191-9d9bc9cc4d14,open,2.319
2026-09-05T15:01:00Z,4c8cac28-e631-42aa-8206-db8f9acf8919,open,2.308
2026-09-05T15:01:00Z,3bc75820-2e63-4a74-92cf-ef078b21accf,open,2.319
2026-09-05T15:01:00Z,ff84eb62-9c83-4c6a-b3e3-d7dad141e8d5,open,2.319
2026-09-05T15:01:00Z,51d4b52a-a095-1aa0-e100-80009459e03a,open,2.349
2026-09-05T15:01:00Z,f3f3b1ad-72ef-424a-8237-96c84ef806af,open,2.369
2026-09-05T15:01:00Z,9cc82fee-ffbf-4cf3-948a-9c5e494588a8,open,2.369
2026-09-05T15:01:00Z,515bab29-79a3-4a95-937b-3a13c7907955,open,2.339
2026-09-05T15:07:48Z,0014c75b-2b35-4fad-b162-8b3fb9125cd2,open,2.329
2026-09-05T15:07:48Z,77d0b269-a3f2-4a90-aebb-264d45748583,open,2.319
2026-09-05T15:07:48Z,23cb9e76-f277-4ab3-b64b-d5d8a71eee0a,open,2.319
2026-09-05T15:07:48Z,03344243-1c82-4fe4-9191-9d9bc9cc4d14,open,2.309
2026-09-05T15:30:50Z,e1a15081-2513-9107-e040-0b0a3dfe563c,open,2.299
2026-09-05T15:30:50Z,0644af18-e91e-4f5c-b23b-ecee706482ce,open,2.319
2026-09-05T15:30:50Z,6cc0da1b-3d06-4abf-a2e9-3a4f67469658,open,2.319
2026-09-05T15:30:50Z,3d5d33e1-982e-4bd9-831c-7710f4b2bd72,open,2.299
2026-09-05T15:30:50Z,005056a9-779e-1eee-bfc4-26f2ed85158d,open,2.299
2026-09-05T15:30:50Z,51d4b52a-a095-1aa0-e100-80009459e03a,open,2.299
2026-09-05T15:30:50Z,005056ba-7cb6-1ed2-bceb-8b9067120d33,open,2.299
2026-09-05T15:30:50Z,695e738d-6386-4189-b454-af4a2947e89d,open,2.309
2026-09-05T15:30:50Z,f3f3b1ad-72ef-424a-8237-96c84ef806af,open,2.349
2026-09-05T15:30:50Z,9cc82fee-ffbf-4cf3-948a-9c5e494588a8,open,2.329
2026-09-05T15:30:50Z,515bab29-79a3-4a95-937b-3a13c7907955,open,2.329
2026-09-05T15:30:50Z,51d4b662-a095-1aa0-e100-80009459e03a,open,2.299
2026-09-05T16:01:33Z,4c8cac28-e631-42aa-8206-db8f9acf8919,open,2.288
2026-09-05T16:01:33Z,e1a15081-2513-9107-e040-0b0a3dfe563c,open,2.289
2026-09-05T16:01:33Z,3bc75820-2e63-4a74-92cf-ef078b21accf,open,2.309
2026-09-05T16:01:33Z,4910a275-9695-403e-bb77-bf059a03713b,open,2.299
2026-09-05T16:01:33Z,ff84eb62-9c83-4c6a-b3e3-d7dad141e8d5,open,2.309
2026-09-05T16:01:33Z,51d4b52a-a095-1aa0-e100-80009459e03a,open,2.289
2026-09-05T16:01:33Z,005056ba-7cb6-1ed2-bceb-8b9067120d33,open,2.279
2026-09-05T16:01:33Z,f3f3b1ad-72ef-424a-8237-96c84ef806af,open,2.309
2026-09-05T16:01:33Z,9cc82fee-ffbf-4cf3-948a-9c5e494588a8,open,2.319
2026-09-05T16:01:33Z,515bab29-79a3-4a95-937b-3a13c7907955,open,2.289
2026-09-05T16:01:33Z,51d4b662-a095-1aa0-e100-80009459e03a,open,2.289
2026-09-05T16:30:46Z,4c8cac28-e631-42aa-8206-db8f9acf8919,open,2.278
2026-09-05T16:30:46Z,e1a15081-2513-9107-e040-0b0a3dfe563c,open,2.279
2026-09-05T16:30:46Z,3bc75820-2e63-4a74-92cf-ef078b21accf,open,2.289
2026-09-05T16:30:46Z,4910a275-9695-403e-bb77-bf059a03713b,open,2.279
2026-09-05T16:30:46Z,0014c75b-2b35-4fad-b162-8b3fb9125cd2,open,2.299
2026-09-05T16:30:46Z,0644af18-e91e-4f5c-b23b-ecee706482ce,open,2.309
2026-09-05T16:30:46Z,77d0b269-a3f2-4a90-aebb-264d45748583,open,2.309
2026-09-05T16:30:46Z,23cb9e76-f277-4ab3-b64b-d5d8a71eee0a,open,2.309
2026-09-05T16:30:46Z,ff84eb62-9c83-4c6a-b3e3-d7dad141e8d5,open,2.299
2026-09-05T16:30:46Z,6cc0da1b-3d06-4abf-a2e9-3a4f67469658,open,2.309
2026-09-05T16:30:46Z,3d5d33e1-982e-4bd9-831c-7710f4b2bd72,open,2.279
2026-09-05T16:30:46Z,005056a9-779e-1eee-bfc4-26f2ed85158d,open,2.279
2026-09-05T16:30:46Z,51d4b52a-a095-1aa0-e100-80009459e03a,open,2.279
2026-09-05T16:30:46Z,695e738d-6386-4189-b454-af4a2947e89d,open,2.289
2026-09-05T16:30:46Z,f3f3b1ad-72ef-424a-8237-96c84ef806af,open,2.289
2026-09-05T16:30:46Z,03344243-1c82-4fe4-9191-9d9bc9cc4d14,open,2.289
2026-09-05T16:30:46Z,51d4b662-a095-1aa0-e100-80009459e03a,open,2.279
2026-09-05T17:00:57Z,ff84eb62-9c83-4c6a-b3e3-d7dad141e8d5,open,2.289
2026-09-05T17:00:57Z,005056a9-779e-1eee-bfc4-26f2ed85158d,open,2.269
2026-09-05T17:00:57Z,51d4b52a-a095-1aa0-e100-80009459e03a,open,2.269
2026-09-05T17:30:55Z,0014c75b-2b35-4fad-b162-8b3fb9125cd2,open,2.279
2026-09-05T17:30:55Z,0644af18-e91e-4f5c-b23b-ecee706482ce,open,2.289
2026-09-05T17:30:55Z,77d0b269-a3f2-4a90-aebb-264d45748583,open,2.289
2026-09-05T17:30:55Z,23cb9e76-f277-4ab3-b64b-d5d8a71eee0a,open,2.289
2026-09-05T17:30:55Z,6cc0da1b-3d06-4abf-a2e9-3a4f67469658,open,2.289
2026-09-05T17:30:55Z,f3f3b1ad-72ef-424a-8237-96c84ef806af,open,2.279
2026-09-05T17:30:55Z,515bab29-79a3-4a95-937b-3a13c7907955,open,2.279
2026-09-05T18:00:55Z,e1a15081-2513-9107-e040-0b0a3dfe563c,open,2.269
2026-09-05T18:00:55Z,695e738d-6386-4189-b454-af4a2947e89d,open,2.279
2026-09-05T18:00:55Z,03344243-1c82-4fe4-9191-9d9bc9cc4d14,open,2.279
2026-09-05T18:00:55Z,51d4b662-a095-1aa0-e100-80009459e03a,open,2.269
2026-09-05T18:12:46Z,4c8cac28-e631-42aa-8206-db8f9acf8919,open,2.268
2026-09-05T18:12:46Z,4910a275-9695-403e-bb77-bf059a03713b,open,2.269
2026-09-05T18:12:46Z,005056ba-7cb6-1ed2-bceb-8b9067120d33,open,2.269
2026-09-05T18:30:48Z,3bc75820-2e63-4a74-92cf-ef078b21accf,open,2.279
2026-09-05T18:30:48Z,ff84eb62-9c83-4c6a-b3e3-d7dad141e8d5,open,2.279
2026-09-05T19:00:58Z,0644af18-e91e-4f5c-b23b-ecee706482ce,closed,
2026-09-05T20:01:00Z,4c8cac28-e631-42aa-8206-db8f9acf8919,closed,
2026-09-05T20:01:00Z,e1a15081-2513-9107-e040-0b0a3dfe563c,closed,
2026-09-05T20:01:00Z,3bc75820-2e63-4a74-92cf-ef078b21accf,closed,
2026-09-05T20:01:00Z,4910a275-9695-403e-bb77-bf059a03713b,closed,
2026-09-05T20:01:00Z,515bab29-79a3-4a95-937b-3a13c7907955,closed,
2026-09-05T20:01:00Z,51d4b662-a095-1aa0-e100-80009459e03a,closed,
2026-09-05T21:00:57Z,51d4b52a-a095-1aa0-e100-80009459e03a,closed,
2026-09-05T21:00:57Z,005056ba-7cb6-1ed2-bceb-8b9067120d33,closed,
2026-09-06T03:00:57Z,4c8cac28-e631-42aa-8206-db8f9acf8919,open,2.268
2026-09-06T03:00:57Z,005056ba-7cb6-1ed2-bceb-8b9067120d33,open,2.269
2026-09-06T04:00:54Z,e1a15081-2513-9107-e040-0b0a3dfe563c,open,2.269
2026-09-06T04:00:54Z,4910a275-9695-403e-bb77-bf059a03713b,open,2.269
2026-09-06T04:00:54Z,515bab29-79a3-4a95-937b-3a13c7907955,open,2.279
2026-09-06T04:30:02Z,3d5d33e1-982e-4bd9-831c-7710f4b2bd72,open,2.269
2026-09-06T05:00:58Z,3bc75820-2e63-4a74-92cf-ef078b21accf,open,2.279
2026-09-06T05:00:58Z,51d4b52a-a095-1aa0-e100-80009459e03a,open,2.269
2026-09-06T05:30:47Z,9cc82fee-ffbf-4cf3-948a-9c5e494588a8,open,2.309
2026-09-06T06:01:06Z,0644af18-e91e-4f5c-b23b-ecee706482ce,open,2.279
2026-09-06T06:01:06Z,77d0b269-a3f2-4a90-aebb-264d45748583,open,2.279
2026-09-06T06:01:06Z,6cc0da1b-3d06-4abf-a2e9-3a4f67469658,open,2.279
2026-09-06T07:00:54Z,51d4b662-a095-1aa0-e100-80009459e03a,open,2.269
2026-09-06T09:00:57Z,9cc82fee-ffbf-4cf3-948a-9c5e494588a8,open,2.289
2026-09-06T10:30:48Z,4c8cac28-e631-42aa-8206-db8f9acf8919,open,2.618
2026-09-06T10:30:48Z,e1a15081-2513-9107-e040-0b0a3dfe563c,open,2.489
2026-09-06T10:30:48Z,3bc75820-2e63-4a74-92cf-ef078b21accf,open,2.499
2026-09-06T10:30:48Z,4910a275-9695-403e-bb77-bf059a03713b,open,2.479
2026-09-06T10:30:48Z,0014c75b-2b35-4fad-b162-8b3fb9125cd2,open,2.499
2026-09-06T10:30:48Z,0644af18-e91e-4f5c-b23b-ecee706482ce,open,2.449
2026-09-06T10:30:48Z,77d0b269-a3f2-4a90-aebb-264d45748583,open,2.499
2026-09-06T10:30:48Z,23cb9e76-f277-4ab3-b64b-d5d8a71eee0a,open,2.499
2026-09-06T10:30:48Z,ff84eb62-9c83-4c6a-b3e3-d7dad141e8d5,open,2.499
2026-09-06T10:30:48Z,6cc0da1b-3d06-4abf-a2e9-3a4f67469658,open,2.449
2026-09-06T10:30:48Z,3d5d33e1-982e-4bd9-831c-7710f4b2bd72,open,2.489
2026-09-06T10:30:48Z,005056a9-779e-1eee-bfc4-26f2ed85158d,open,2.489
2026-09-06T10:30:48Z,51d4b52a-a095-1aa0-e100-80009459e03a,open,2.439
2026-09-06T10:30:48Z,005056ba-7cb6-1ed2-bceb-8b9067120d33,open,2.439
2026-09-06T10:30:48Z,695e738d-6386-4189-b454-af4a2947e89d,open,2.449
2026-09-06T10:30:48Z,f3f3b1ad-72ef-424a-8237-96c84ef806af,open,2.499
2026-09-06T10:30:48Z,9cc82fee-ffbf-4cf3-948a-9c5e494588a8,open,2.549
2026-09-06T10:30:48Z,515bab29-79a3-4a95-937b-3a13c7907955,open,2.499
2026-09-06T10:30:48Z,03344243-1c82-4fe4-9191-9d9bc9cc4d14,open,2.499
2026-09-06T10:30:48Z,51d4b662-a095-1aa0-e100-80009459e03a,open,2.439
2026-09-06T10:49:56Z,4c8cac28-e631-42aa-8206-db8f9acf8919,open,2.438
2026-09-06T10:49:56Z,e1a15081-2513-9107-e040-0b0a3dfe563c,open,2.439
2026-09-06T10:49:56Z,3bc75820-2e63-4a74-92cf-ef078b21accf,open,2.449
2026-09-06T10:49:56Z,4910a275-9695-403e-bb77-bf059a03713b,open,2.439
2026-09-06T10:49:56Z,005056a9-779e-1eee-bfc4-26f2ed85158d,open,2.439
2026-09-06T11:00:58Z,9cc82fee-ffbf-4cf3-948a-9c5e494588a8,open,2.459
2026-09-06T11:00:58Z,515bab29-79a3-4a95-937b-3a13c7907955,open,2.449
2026-09-06T11:00:58Z,03344243-1c82-4fe4-9191-9d9bc9cc4d14,open,2.449
2026-09-06T11:30:50Z,4c8cac28-e631-42aa-8206-db8f9acf8919,open,2.428
2026-09-06T11:30:50Z,0014c75b-2b35-4fad-b162-8b3fb9125cd2,open,2.449
2026-09-06T11:30:50Z,77d0b269-a3f2-4a90-aebb-264d45748583,open,2.449
2026-09-06T11:30:50Z,23cb9e76-f277-4ab3-b64b-d5d8a71eee0a,open,2.449
2026-09-06T11:30:50Z,ff84eb62-9c83-4c6a-b3e3-d7dad141e8d5,open,2.459
2026-09-06T11:30:50Z,3d5d33e1-982e-4bd9-831c-7710f4b2bd72,open,2.439
2026-09-06T11:30:50Z,51d4b52a-a095-1aa0-e100-80009459e03a,open,2.429
2026-09-06T11:30:50Z,005056ba-7cb6-1ed2-bceb-8b9067120d33,open,2.429
2026-09-06T11:30:50Z,f3f3b1ad-72ef-424a-8237-96c84ef806af,open,2.449
2026-09-06T12:00:58Z,4c8cac28-e631-42aa-8206-db8f9acf8919,open,2.418
2026-09-06T12:00:58Z,e1a15081-2513-9107-e040-0b0a3dfe563c,open,2.419
2026-09-06T12:00:58Z,3bc75820-2e63-4a74-92cf-ef078b21accf,open,2.439
2026-09-06T12:00:58Z,4910a275-9695-403e-bb77-bf059a03713b,open,2.429
2026-09-06T12:00:58Z,0014c75b-2b35-4fad-b162-8b3fb9125cd2,open,2.439
2026-09-06T12:00:58Z,0644af18-e91e-4f5c-b23b-ecee706482ce,open,2.439
2026-09-06T12:00:58Z,23cb9e76-f277-4ab3-b64b-d5d8a71eee0a,open,2.439
2026-09-06T12:00:58Z,ff84eb62-9c83-4c6a-b3e3-d7dad141e8d5,open,2.449
2026-09-06T12:00:58Z,3d5d33e1-982e-4bd9-831c-7710f4b2bd72,open,2.429
2026-09-06T12:00:58Z,005056a9-779e-1eee-bfc4-26f2ed85158d,open,2.429
2026-09-06T12:00:58Z,005056ba-7cb6-1ed2-bceb-8b9067120d33,open,2.409
2026-09-06T12:00:58Z,695e738d-6386-4189-b454-af4a2947e89d,open,2.439
2026-09-06T12:00:58Z,f3f3b1ad-72ef-424a-8237-96c84ef806af,open,2.439
2026-09-06T12:00:58Z,9cc82fee-ffbf-4cf3-948a-9c5e494588a8,open,2.439
2026-09-06T12:00:58Z,515bab29-79a3-4a95-937b-3a13c7907955,open,2.439
2026-09-06T12:00:58Z,03344243-1c82-4fe4-9191-9d9bc9cc4d14,open,2.439
2026-09-06T12:00:58Z,51d4b662-a095-1aa0-e100-80009459e03a,open,2.419
2026-09-06T12:31:00Z,4c8cac28-e631-42aa-8206-db8f9acf8919,open,2.388
2026-09-06T12:31:00Z,e1a15081-2513-9107-e040-0b0a3dfe563c,open,2.399
2026-09-06T12:31:00Z,3bc75820-2e63-4a74-92cf-ef078b21accf,open,2.419
2026-09-06T12:31:00Z,4910a275-9695-403e-bb77-bf059a03713b,open,2.409
2026-09-06T12:31:00Z,0014c75b-2b35-4fad-b162-8b3fb9125cd2,open,2.429
2026-09-06T12:31:00Z,0644af18-e91e-4f5c-b23b-ecee706482ce,open,2.429
2026-09-06T12:31:00Z,77d0b269-a3f2-4a90-aebb-264d45748583,open,2.429
2026-09-06T12:31:00Z,23cb9e76-f277-4ab3-b64b-d5d8a71eee0a,open,2.419
2026-09-06T12:31:00Z,ff84eb62-9c83-4c6a-b3e3-d7dad141e8d5,open,2.419
2026-09-06T12:31:00Z,6cc0da1b-3d06-4abf-a2e9-3a4f67469658,open,2.439
2026-09-06T12:31:00Z,3d5d33e1-982e-4bd9-831c-7710f4b2bd72,open,2.419
2026-09-06T12:31:00Z,005056a9-779e-1eee-bfc4-26f2ed85158d,open,2.419
2026-09-06T12:31:00Z,51d4b52a-a095-1aa0-e100-80009459e03a,open,2.419
2026-09-06T12:31:00Z,005056ba-7cb6-1ed2-bceb-8b9067120d33,open,2.389
2026-09-06T12:31:00Z,695e738d-6386-4189-b454-af4a2947e89d,open,2.419
2026-09-06T12:31:00Z,f3f3b1ad-72ef-424a-8237-96c84ef806af,open,2.429
2026-09-06T12:31:00Z,515bab29-79a3-4a95-937b-3a13c7907955,open,2.429
2026-09-06T12:31:00Z,03344243-1c82-4fe4-9191-9d9bc9cc4d14,open,2.419
2026-09-06T12:31:00Z,51d4b662-a095-1aa0-e100-80009459e03a,open,2.399
2026-09-06T13:00:58Z,4c8cac28-e631-42aa-8206-db8f9acf8919,open,2.368
2026-09-06T13:00:58Z,e1a15081-2513-9107-e040-0b0a3dfe563c,open,2.379
2026-09-06T13:00:58Z,3bc75820-2e63-4a74-92cf-ef078b21accf,open,2.399
2026-09-06T13:00:58Z,4910a275-9695-403e-bb77-bf059a03713b,open,2.389
2026-09-06T13:00:58Z,0644af18-e91e-4f5c-b23b-ecee706482ce,open,2.419
2026-09-06T13:00:58Z,77d0b269-a3f2-4a90-aebb-264d45748583,open,2.419
2026-09-06T13:00:58Z,23cb9e76-f277-4ab3-b64b-d5d8a71eee0a,open,2.399
2026-09-06T13:00:58Z,ff84eb62-9c83-4c6a-b3e3-d7dad141e8d5,open,2.409
2026-09-06T13:00:58Z,6cc0da1b-3d06-4abf-a2e9-3a4f67469658,open,2.419
2026-09-06T13:00:58Z,51d4b52a-a095-1aa0-e100-80009459e03a,open,2.409
2026-09-06T13:00:58Z,005056ba-7cb6-1ed2-bceb-8b9067120d33,open,2.369
2026-09-06T13:00:58Z,695e738d-6386-4189-b454-af4a2947e89d,open,2.399
2026-09-06T13:00:58Z,9cc82fee-ffbf-4cf3-948a-9c5e494588a8,open,2.429
2026-09-06T13:00:58Z,03344243-1c82-4fe4-9191-9d9bc9cc4d14,open,2.399
2026-09-06T13:00:58Z,51d4b662-a095-1aa0-e100-80009459e03a,open,2.379
2026-09-06T13:30:51Z,4c8cac28-e631-42aa-8206-db8f9acf8919,open,2.338
2026-09-06T13:30:51Z,e1a15081-2513-9107-e040-0b0a3dfe563c,open,2.339
2026-09-06T13:30:51Z,3bc75820-2e63-4a74-92cf-ef078b21accf,open,2.369
2026-09-06T13:30:51Z,4910a275-9695-403e-bb77-bf059a03713b,open,2.359
2026-09-06T13:30:51Z,0014c75b-2b35-4fad-b162-8b3fb9125cd2,open,2.419
2026-09-06T13:30:51Z,0644af18-e91e-4f5c-b23b-ecee706482ce,open,2.399
2026-09-06T13:30:51Z,77d0b269-a3f2-4a90-aebb-264d45748583,open,2.409
2026-09-06T13:30:51Z,ff84eb62-9c83-4c6a-b3e3-d7dad141e8d5,open,2.389
2026-09-06T13:30:51Z,6cc0da1b-3d06-4abf-a2e9-3a4f67469658,open,2.409
2026-09-06T13:30:51Z,3d5d33e1-982e-4bd9-831c-7710f4b2bd72,open,2.359
2026-09-06T13:30:51Z,005056a9-779e-1eee-bfc4-26f2ed85158d,open,2.359
2026-09-06T13:30:51Z,51d4b52a-a095-1aa0-e100-80009459e03a,open,2.389
2026-09-06T13:30:51Z,005056ba-7cb6-1ed2-bceb-8b9067120d33,open,2.339
2026-09-06T13:30:51Z,695e738d-6386-4189-b454-af4a2947e89d,open,2.379
2026-09-06T13:30:51Z,f3f3b1ad-72ef-424a-8237-96c84ef806af,open,2.419
2026-09-06T13:30:51Z,9cc82fee-ffbf-4cf3-948a-9c5e494588a8,open,2.409
2026-09-06T13:30:51Z,515bab29-79a3-4a95-937b-3a13c7907955,open,2.419
2026-09-06T13:30:51Z,03344243-1c82-4fe4-9191-9d9bc9cc4d14,open,2.339
2026-09-06T13:30:51Z,51d4b662-a095-1aa0-e100-80009459e03a,open,2.359
2026-09-06T14:01:03Z,4c8cac28-e631-42aa-8206-db8f9acf8919,open,2.318
2026-09-06T14:01:03Z,e1a15081-2513-9107-e040-0b0a3dfe563c,open,2.329
2026-09-06T14:01:03Z,3bc75820-2e63-4a74-92cf-ef078b21accf,open,2.349
2026-09-06T14:01:03Z,4910a275-9695-403e-bb77-bf059a03713b,open,2.329
2026-09-06T14:01:03Z,0644af18-e91e-4f5c-b23b-ecee706482ce,open,2.389
2026-09-06T14:01:03Z,ff84eb62-9c83-4c6a-b3e3-d7dad141e8d5,open,2.349
2026-09-06T14:01:03Z,3d5d33e1-982e-4bd9-831c-7710f4b2bd72,open,2.329
2026-09-06T14:01:03Z,005056a9-779e-1eee-bfc4-26f2ed85158d,open,2.329
2026-09-06T14:01:03Z,51d4b52a-a095-1aa0-e100-80009459e03a,open,2.329
2026-09-06T14:01:03Z,005056ba-7cb6-1ed2-bceb-8b9067120d33,open,2.319
2026-09-06T14:01:03Z,695e738d-6386-4189-b454-af4a2947e89d,open,2.339
2026-09-06T14:01:03Z,f3f3b1ad-72ef-424a-8237-96c84ef806af,open,2.399
2026-09-06T14:01:03Z,9cc82fee-ffbf-4cf3-948a-9c5e494588a8,open,2.399
2026-09-06T14:01:03Z,515bab29-79a3-4a95-937b-3a13c7907955,open,2.349
2026-09-06T14:01:03Z,51d4b662-a095-1aa0-e100-80009459e03a,open,2.329
2026-09-06T14:30:49Z,4c8cac28-e631-42aa-8206-db8f9acf8919,open,2.308
2026-09-06T14:30:49Z,e1a15081-2513-9107-e040-0b0a3dfe563c,open,2.309
2026-09-06T14:30:49Z,3bc75820-2e63-4a74-92cf-ef078b21accf,open,2.319
2026-09-06T14:30:49Z,4910a275-9695-403e-bb77-bf059a03713b,open,2.309
2026-09-06T14:30:49Z,0014c75b-2b35-4fad-b162-8b3fb9125cd2,open,2.349
2026-09-06T14:30:49Z,0644af18-e91e-4f5c-b23b-ecee706482ce,open,2.349
2026-09-06T14:30:49Z,77d0b269-a3f2-4a90-aebb-264d45748583,open,2.349
2026-09-06T14:30:49Z,23cb9e76-f277-4ab3-b64b-d5d8a71eee0a,open,2.339
2026-09-06T14:30:49Z,ff84eb62-9c83-4c6a-b3e3-d7dad141e8d5,open,2.339
2026-09-06T14:30:49Z,6cc0da1b-3d06-4abf-a2e9-3a4f67469658,open,2.349
2026-09-06T14:30:49Z,51d4b52a-a095-1aa0-e100-80009459e03a,open,2.319
2026-09-06T14:30:49Z,005056ba-7cb6-1ed2-bceb-8b9067120d33,open,2.299
2026-09-06T14:30:49Z,695e738d-6386-4189-b454-af4a2947e89d,open,2.329
2026-09-06T14:30:49Z,f3f3b1ad-72ef-424a-8237-96c84ef806af,open,2.339
2026-09-06T14:30:49Z,9cc82fee-ffbf-4cf3-948a-9c5e494588a8,open,2.359
2026-09-06T14:30:49Z,515bab29-79a3-4a95-937b-3a13c7907955,open,2.339
2026-09-06T14:30:49Z,03344243-1c82-4fe4-9191-9d9bc9cc4d14,open,2.319
2026-09-06T14:30:49Z,51d4b662-a095-1aa0-e100-80009459e03a,open,2.309
2026-09-06T15:00:55Z,ff84eb62-9c83-4c6a-b3e3-d7dad141e8d5,open,2.319
2026-09-06T15:00:55Z,4c8cac28-e631-42aa-8206-db8f9acf8919,open,2.288
2026-09-06T15:00:55Z,e1a15081-2513-9107-e040-0b0a3dfe563c,open,2.289
2026-09-06T15:00:55Z,3bc75820-2e63-4a74-92cf-ef078b21accf,open,2.299
2026-09-06T15:00:55Z,4910a275-9695-403e-bb77-bf059a03713b,open,2.289
2026-09-06T15:00:55Z,0644af18-e91e-4f5c-b23b-ecee706482ce,open,2.329
2026-09-06T15:00:55Z,9cc82fee-ffbf-4cf3-948a-9c5e494588a8,open,2.329
2026-09-06T15:00:55Z,515bab29-79a3-4a95-937b-3a13c7907955,open,2.309
2026-09-06T15:00:55Z,03344243-1c82-4fe4-9191-9d9bc9cc4d14,open,2.299
2026-09-06T15:00:55Z,51d4b662-a095-1aa0-e100-80009459e03a,open,2.289
2026-09-06T15:00:55Z,3d5d33e1-982e-4bd9-831c-7710f4b2bd72,open,2.319
2026-09-06T15:00:55Z,005056a9-779e-1eee-bfc4-26f2ed85158d,open,2.319
2026-09-06T15:00:55Z,51d4b52a-a095-1aa0-e100-80009459e03a,open,2.299
2026-09-06T15:00:55Z,005056ba-7cb6-1ed2-bceb-8b9067120d33,open,2.289
2026-09-06T15:00:55Z,695e738d-6386-4189-b454-af4a2947e89d,open,2.309
2026-09-06T15:00:55Z,f3f3b1ad-72ef-424a-8237-96c84ef806af,open,2.329
2026-09-06T15:24:20Z,0014c75b-2b35-4fad-b162-8b3fb9125cd2,open,2.309
2026-09-06T15:24:20Z,77d0b269-a3f2-4a90-aebb-264d45748583,open,2.319
2026-09-06T15:24:20Z,23cb9e76-f277-4ab3-b64b-d5d8a71eee0a,open,2.299
2026-09-06T15:24:20Z,ff84eb62-9c83-4c6a-b3e3-d7dad141e8d5,open,2.299
2026-09-06T15:24:20Z,6cc0da1b-3d06-4abf-a2e9-3a4f67469658,open,2.319
2026-09-06T15:24:20Z,0644af18-e91e-4f5c-b23b-ecee706482ce,open,2.319
2026-09-06T15:24:20Z,f3f3b1ad-72ef-424a-8237-96c84ef806af,open,2.309
2026-09-06T15:24:20Z,9cc82fee-ffbf-4cf3-948a-9c5e494588a8,open,2.319
2026-09-06T15:24:20Z,3d5d33e1-982e-4bd9-831c-7710f4b2bd72,open,2.299
2026-09-06T15:24:20Z,005056a9-779e-1eee-bfc4-26f2ed85158d,open,2.299
2026-09-06T15:24:20Z,51d4b52a-a095-1aa0-e100-80009459e03a,open,2.289
2026-09-06T15:24:20Z,695e738d-6386-4189-b454-af4a2947e89d,open,2.299
2026-09-06T16:00:55Z,f3f3b1ad-72ef-424a-8237-96c84ef806af,open,2.299
2026-09-06T16:00:55Z,515bab29-79a3-4a95-937b-3a13c7907955,open,2.299
2026-09-06T16:00:55Z,3d5d33e1-982e-4bd9-831c-7710f4b2bd72,open,2.289
2026-09-06T16:00:55Z,005056a9-779e-1eee-bfc4-26f2ed85158d,open,2.289
2026-09-06T16:30:48Z,0644af18-e91e-4f5c-b23b-ecee706482ce,open,2.299
2026-09-06T16:30:48Z,0014c75b-2b35-4fad-b162-8b3fb9125cd2,open,2.299
2026-09-06T16:30:48Z,77d0b269-a3f2-4a90-aebb-264d45748583,open,2.299
2026-09-06T16:30:48Z,6cc0da1b-3d06-4abf-a2e9-3a4f67469658,open,2.299
2026-09-06T19:00:57Z,0644af18-e91e-4f5c-b23b-ecee706482ce,closed,
2026-09-06T19:00:57Z,4c8cac28-e631-42aa-8206-db8f9acf8919,closed,
2026-09-06T20:01:01Z,4910a275-9695-403e-bb77-bf059a03713b,closed,
2026-09-06T20:01:01Z,3bc75820-2e63-4a74-92cf-ef078b21accf,closed,
2026-09-06T20:01:01Z,e1a15081-2513-9107-e040-0b0a3dfe563c,closed,
2026-09-06T20:01:01Z,515bab29-79a3-4a95-937b-3a13c7907955,closed,
2026-09-06T20:01:01Z,51d4b662-a095-1aa0-e100-80009459e03a,closed,
2026-09-06T21:00:55Z,51d4b52a-a095-1aa0-e100-80009459e03a,closed,
2026-09-06T21:00:55Z,005056ba-7cb6-1ed2-bceb-8b9067120d33,closed,
2026-09-07T03:00:57Z,4c8cac28-e631-42aa-8206-db8f9acf8919,open,2.288
2026-09-07T03:00:57Z,51d4b52a-a095-1aa0-e100-80009459e03a,open,2.289
2026-09-07T03:00:57Z,005056ba-7cb6-1ed2-bceb-8b9067120d33,open,2.289
2026-09-07T04:00:57Z,4910a275-9695-403e-bb77-bf059a03713b,open,2.289
2026-09-07T04:00:57Z,0644af18-e91e-4f5c-b23b-ecee706482ce,open,2.299
2026-09-07T04:00:57Z,e1a15081-2513-9107-e040-0b0a3dfe563c,open,2.289
2026-09-07T04:00:57Z,515bab29-79a3-4a95-937b-3a13c7907955,open,2.299
2026-09-07T04:00:57Z,51d4b662-a095-1aa0-e100-80009459e03a,open,2.289
2026-09-07T05:00:55Z,3bc75820-2e63-4a74-92cf-ef078b21accf,open,2.299
2026-09-07T05:30:48Z,9cc82fee-ffbf-4cf3-948a-9c5e494588a8,open,2.309
2026-09-07T08:01:02Z,4c8cac28-e631-42aa-8206-db8f9acf8919,open,2.268
2026-09-07T08:01:02Z,4910a275-9695-403e-bb77-bf059a03713b,open,2.279
2026-09-07T08:01:02Z,0644af18-e91e-4f5c-b23b-ecee706482ce,open,2.289
2026-09-07T08:01:02Z,e1a15081-2513-9107-e040-0b0a3dfe563c,open,2.269
2026-09-07T08:01:02Z,005056a9-779e-1eee-bfc4-26f2ed85158d,open,2.279
2026-09-07T08:01:02Z,51d4b52a-a095-1aa0-e100-80009459e03a,open,2.279
2026-09-07T08:01:02Z,005056ba-7cb6-1ed2-bceb-8b9067120d33,open,2.269
2026-09-07T08:01:02Z,515bab29-79a3-4a95-937b-3a13c7907955,open,2.289
2026-09-07T08:01:02Z,3d5d33e1-982e-4bd9-831c-7710f4b2bd72,open,2.279
2026-09-07T08:01:02Z,f3f3b1ad-72ef-424a-8237-96c84ef806af,open,2.289
2026-09-07T08:01:02Z,51d4b662-a095-1aa0-e100-80009459e03a,open,2.269
2026-09-07T08:31:01Z,4910a275-9695-403e-bb77-bf059a03713b,open,2.269
2026-09-07T08:31:01Z,0644af18-e91e-4f5c-b23b-ecee706482ce,open,2.279
2026-09-07T08:31:01Z,3bc75820-2e63-4a74-92cf-ef078b21accf,open,2.279
2026-09-07T08:31:01Z,0014c75b-2b35-4fad-b162-8b3fb9125cd2,open,2.289
2026-09-07T08:31:01Z,23cb9e76-f277-4ab3-b64b-d5d8a71eee0a,open,2.289
2026-09-07T08:31:01Z,ff84eb62-9c83-4c6a-b3e3-d7dad141e8d5,open,2.279
2026-09-07T08:31:01Z,6cc0da1b-3d06-4abf-a2e9-3a4f67469658,open,2.279
2026-09-07T08:31:01Z,51d4b52a-a095-1aa0-e100-80009459e03a,open,2.269
2026-09-07T08:31:01Z,695e738d-6386-4189-b454-af4a2947e89d,open,2.279
2026-09-07T08:31:01Z,03344243-1c82-4fe4-9191-9d9bc9cc4d14,open,2.279
2026-09-07T09:01:04Z,0644af18-e91e-4f5c-b23b-ecee706482ce,open,2.269
2026-09-07T09:01:04Z,005056a9-779e-1eee-bfc4-26f2ed85158d,open,2.259
2026-09-07T09:01:04Z,51d4b52a-a095-1aa0-e100-80009459e03a,open,2.259
2026-09-07T09:01:04Z,9cc82fee-ffbf-4cf3-948a-9c5e494588a8,open,2.289
2026-09-07T09:01:04Z,515bab29-79a3-4a95-937b-3a13c7907955,open,2.279
2026-09-07T09:01:04Z,3d5d33e1-982e-4bd9-831c-7710f4b2bd72,open,2.259
2026-09-07T09:01:04Z,f3f3b1ad-72ef-424a-8237-96c84ef806af,open,2.269
2026-09-07T09:30:52Z,4910a275-9695-403e-bb77-bf059a03713b,open,2.259
2026-09-07T09:30:52Z,ff84eb62-9c83-4c6a-b3e3-d7dad141e8d5,open,2.269
2026-09-07T10:01:03Z,e1a15081-2513-9107-e040-0b0a3dfe563c,open,2.259
2026-09-07T10:01:03Z,51d4b662-a095-1aa0-e100-80009459e03a,open,2.259
2026-09-07T10:30:51Z,4c8cac28-e631-42aa-8206-db8f9acf8919,open,2.618
2026-09-07T10:30:51Z,4910a275-9695-403e-bb77-bf059a03713b,open,2.499
2026-09-07T10:30:51Z,0644af18-e91e-4f5c-b23b-ecee706482ce,open,2.449
2026-09-07T10:30:51Z,3bc75820-2e63-4a74-92cf-ef078b21accf,open,2.519
2026-09-07T10:30:51Z,0014c75b-2b35-4fad-b162-8b3fb9125cd2,open,2.519
2026-09-07T10:30:51Z,e1a15081-2513-9107-e040-0b0a3dfe563c,open,2.489
2026-09-07T10:30:51Z,23cb9e76-f277-4ab3-b64b-d5d8a71eee0a,open,2.519
2026-09-07T10:30:51Z,ff84eb62-9c83-4c6a-b3e3-d7dad141e8d5,open,2.499
2026-09-07T10:30:51Z,77d0b269-a3f2-4a90-aebb-264d45748583,open,2.519
2026-09-07T10:30:51Z,6cc0da1b-3d06-4abf-a2e9-3a4f67469658,open,2.449
2026-09-07T10:30:51Z,005056a9-779e-1eee-bfc4-26f2ed85158d,open,2.479
2026-09-07T10:30:51Z,51d4b52a-a095-1aa0-e100-80009459e03a,open,2.439
2026-09-07T10:30:51Z,005056ba-7cb6-1ed2-bceb-8b9067120d33,open,2.439
2026-09-07T10:30:51Z,695e738d-6386-4189-b454-af4a2947e89d,open,2.449
2026-09-07T10:30:51Z,9cc82fee-ffbf-4cf3-948a-9c5e494588a8,open,2.559
2026-09-07T10:30:51Z,515bab29-79a3-4a95-937b-3a13c7907955,open,2.519
2026-09-07T10:30:51Z,3d5d33e1-982e-4bd9-831c-7710f4b2bd72,open,2.509
2026-09-07T10:30:51Z,f3f3b1ad-72ef-424a-8237-96c84ef806af,open,2.499
2026-09-07T10:30:51Z,03344243-1c82-4fe4-9191-9d9bc9cc4d14,open,2.519
2026-09-07T10:30:51Z,51d4b662-a095-1aa0-e100-80009459e03a,open,2.439
2026-09-07T11:01:05Z,4c8cac28-e631-42aa-8206-db8f9acf8919,open,2.438
2026-09-07T11:01:05Z,4910a275-9695-403e-bb77-bf059a03713b,open,2.439
2026-09-07T11:01:05Z,3bc75820-2e63-4a74-92cf-ef078b21accf,open,2.449
2026-09-07T11:01:05Z,e1a15081-2513-9107-e040-0b0a3dfe563c,open,2.439
2026-09-07T11:01:05Z,005056a9-779e-1eee-bfc4-26f2ed85158d,open,2.439
2026-09-07T11:01:05Z,9cc82fee-ffbf-4cf3-948a-9c5e494588a8,open,2.459
2026-09-07T11:01:05Z,515bab29-79a3-4a95-937b-3a13c7907955,open,2.449
2026-09-07T11:01:05Z,03344243-1c82-4fe4-9191-9d9bc9cc4d14,open,2.449
2026-09-07T11:30:45Z,0014c75b-2b35-4fad-b162-8b3fb9125cd2,open,2.449
2026-09-07T11:30:45Z,23cb9e76-f277-4ab3-b64b-d5d8a71eee0a,open,2.449
2026-09-07T11:30:45Z,ff84eb62-9c83-4c6a-b3e3-d7dad141e8d5,open,2.459
2026-09-07T11:30:45Z,77d0b269-a3f2-4a90-aebb-264d45748583,open,2.449
2026-09-07T11:30:45Z,51d4b52a-a095-1aa0-e100-80009459e03a,open,2.429
2026-09-07T11:30:45Z,3d5d33e1-982e-4bd9-831c-7710f4b2bd72,open,2.439
2026-09-07T11:30:45Z,f3f3b1ad-72ef-424a-8237-96c84ef806af,open,2.449
2026-09-07T12:01:01Z,4910a275-9695-403e-bb77-bf059a03713b,open,2.429
2026-09-07T12:01:01Z,0644af18-e91e-4f5c-b23b-ecee706482ce,open,2.439
2026-09-07T12:01:01Z,0014c75b-2b35-4fad-b162-8b3fb9125cd2,open,2.439
2026-09-07T12:01:01Z,ff84eb62-9c83-4c6a-b3e3-d7dad141e8d5,open,2.449
2026-09-07T12:01:01Z,005056a9-779e-1eee-bfc4-26f2ed85158d,open,2.429
2026-09-07T12:01:01Z,51d4b52a-a095-1aa0-e100-80009459e03a,open,2.419
2026-09-07T12:01:01Z,9cc82fee-ffbf-4cf3-948a-9c5e494588a8,open,2.439
2026-09-07T12:01:01Z,515bab29-79a3-4a95-937b-3a13c7907955,open,2.439
2026-09-07T12:01:01Z,3d5d33e1-982e-4bd9-831c-7710f4b2bd72,open,2.429
2026-09-07T12:01:01Z,f3f3b1ad-72ef-424a-8237-96c84ef806af,open,2.439
2026-09-07T12:21:35Z,0644af18-e91e-4f5c-b23b-ecee706482ce,open,2.429
2026-09-07T12:21:35Z,3bc75820-2e63-4a74-92cf-ef078b21accf,open,2.439
2026-09-07T12:21:35Z,005056a9-779e-1eee-bfc4-26f2ed85158d,open,2.419
2026-09-07T12:21:35Z,515bab29-79a3-4a95-937b-3a13c7907955,open,2.429
2026-09-07T12:21:35Z,3d5d33e1-982e-4bd9-831c-7710f4b2bd72,open,2.419
2026-09-07T12:30:52Z,4c8cac28-e631-42aa-8206-db8f9acf8919,open,2.398
2026-09-07T12:30:52Z,4910a275-9695-403e-bb77-bf059a03713b,open,2.419
2026-09-07T12:30:52Z,0014c75b-2b35-4fad-b162-8b3fb9125cd2,open,2.429
2026-09-07T12:30:52Z,ff84eb62-9c83-4c6a-b3e3-d7dad141e8d5,open,2.439
2026-09-07T12:30:52Z,6cc0da1b-3d06-4abf-a2e9-3a4f67469658,open,2.439
2026-09-07T12:30:52Z,005056ba-7cb6-1ed2-bceb-8b9067120d33,open,2.399
2026-09-07T12:30:52Z,f3f3b1ad-72ef-424a-8237-96c84ef806af,open,2.429
2026-09-07T12:30:52Z,51d4b662-a095-1aa0-e100-80009459e03a,open,2.399
2026-09-07T13:00:58Z,4910a275-9695-403e-bb77-bf059a03713b,open,2.399
2026-09-07T13:00:58Z,0644af18-e91e-4f5c-b23b-ecee706482ce,open,2.419
2026-09-07T13:00:58Z,3bc75820-2e63-4a74-92cf-ef078b21accf,open,2.409
2026-09-07T13:00:58Z,e1a15081-2513-9107-e040-0b0a3dfe563c,open,2.389
2026-09-07T13:00:58Z,23cb9e76-f277-4ab3-b64b-d5d8a71eee0a,open,2.409
2026-09-07T13:00:58Z,ff84eb62-9c83-4c6a-b3e3-d7dad141e8d5,open,2.409
2026-09-07T13:00:58Z,77d0b269-a3f2-4a90-aebb-264d45748583,open,2.439
2026-09-07T13:00:58Z,6cc0da1b-3d06-4abf-a2e9-3a4f67469658,open,2.429
2026-09-07T13:00:58Z,005056a9-779e-1eee-bfc4-26f2ed85158d,open,2.409
2026-09-07T13:00:58Z,51d4b52a-a095-1aa0-e100-80009459e03a,open,2.389
2026-09-07T13:00:58Z,005056ba-7cb6-1ed2-bceb-8b9067120d33,open,2.389
2026-09-07T13:00:58Z,695e738d-6386-4189-b454-af4a2947e89d,open,2.399
2026-09-07T13:00:58Z,9cc82fee-ffbf-4cf3-948a-9c5e494588a8,open,2.429
2026-09-07T13:00:58Z,515bab29-79a3-4a95-937b-3a13c7907955,open,2.419
2026-09-07T13:00:58Z,3d5d33e1-982e-4bd9-831c-7710f4b2bd72,open,2.409
2026-09-07T13:00:58Z,03344243-1c82-4fe4-9191-9d9bc9cc4d14,open,2.399
2026-09-07T13:00:58Z,51d4b662-a095-1aa0-e100-80009459e03a,open,2.389
2026-09-07T13:30:52Z,4c8cac28-e631-42aa-8206-db8f9acf8919,open,2.338
2026-09-07T13:30:52Z,4910a275-9695-403e-bb77-bf059a03713b,open,2.389
2026-09-07T13:30:52Z,0644af18-e91e-4f5c-b23b-ecee706482ce,open,2.409
2026-09-07T13:30:52Z,3bc75820-2e63-4a74-92cf-ef078b21accf,open,2.399
2026-09-07T13:30:52Z,0014c75b-2b35-4fad-b162-8b3fb9125cd2,open,2.419
2026-09-07T13:30:52Z,e1a15081-2513-9107-e040-0b0a3dfe563c,open,2.339
2026-09-07T13:30:52Z,ff84eb62-9c83-4c6a-b3e3-d7dad141e8d5,open,2.399
2026-09-07T13:30:52Z,77d0b269-a3f2-4a90-aebb-264d45748583,open,2.419
2026-09-07T13:30:52Z,6cc0da1b-3d06-4abf-a2e9-3a4f67469658,open,2.419
2026-09-07T13:30:52Z,005056a9-779e-1eee-bfc4-26f2ed85158d,open,2.389
2026-09-07T13:30:52Z,51d4b52a-a095-1aa0-e100-80009459e03a,open,2.379
2026-09-07T13:30:52Z,005056ba-7cb6-1ed2-bceb-8b9067120d33,open,2.339
2026-09-07T13:30:52Z,9cc82fee-ffbf-4cf3-948a-9c5e494588a8,open,2.419
2026-09-07T13:30:52Z,515bab29-79a3-4a95-937b-3a13c7907955,open,2.399
2026-09-07T13:30:52Z,3d5d33e1-982e-4bd9-831c-7710f4b2bd72,open,2.389
2026-09-07T13:30:52Z,f3f3b1ad-72ef-424a-8237-96c84ef806af,open,2.399
2026-09-07T13:30:52Z,03344243-1c82-4fe4-9191-9d9bc9cc4d14,open,2.339
2026-09-07T13:30:52Z,51d4b662-a095-1aa0-e100-80009459e03a,open,2.339
2026-09-07T14:00:59Z,4c8cac28-e631-42aa-8206-db8f9acf8919,open,2.328
2026-09-07T14:00:59Z,4910a275-9695-403e-bb77-bf059a03713b,open,2.339
2026-09-07T14:00:59Z,0644af18-e91e-4f5c-b23b-ecee706482ce,open,2.389
2026-09-07T14:00:59Z,3bc75820-2e63-4a74-92cf-ef078b21accf,open,2.349
2026-09-07T14:00:59Z,e1a15081-2513-9107-e040-0b0a3dfe563c,open,2.329
2026-09-07T14:00:59Z,ff84eb62-9c83-4c6a-b3e3-d7dad141e8d5,open,2.359
2026-09-07T14:00:59Z,6cc0da1b-3d06-4abf-a2e9-3a4f67469658,open,2.409
2026-09-07T14:00:59Z,005056a9-779e-1eee-bfc4-26f2ed85158d,open,2.379
2026-09-07T14:00:59Z,51d4b52a-a095-1aa0-e100-80009459e03a,open,2.329
2026-09-07T14:00:59Z,005056ba-7cb6-1ed2-bceb-8b9067120d33,open,2.329
2026-09-07T14:00:59Z,695e738d-6386-4189-b454-af4a2947e89d,open,2.339
2026-09-07T14:00:59Z,9cc82fee-ffbf-4cf3-948a-9c5e494588a8,open,2.389
2026-09-07T14:00:59Z,515bab29-79a3-4a95-937b-3a13c7907955,open,2.389
2026-09-07T14:00:59Z,3d5d33e1-982e-4bd9-831c-7710f4b2bd72,open,2.379
2026-09-07T14:00:59Z,f3f3b1ad-72ef-424a-8237-96c84ef806af,open,2.389
2026-09-07T14:00:59Z,51d4b662-a095-1aa0-e100-80009459e03a,open,2.329
2026-09-07T14:30:49Z,4910a275-9695-403e-bb77-bf059a03713b,open,2.329
2026-09-07T14:30:49Z,0644af18-e91e-4f5c-b23b-ecee706482ce,open,2.349
2026-09-07T14:30:49Z,3bc75820-2e63-4a74-92cf-ef078b21accf,open,2.339
2026-09-07T14:30:49Z,0014c75b-2b35-4fad-b162-8b3fb9125cd2,open,2.349
2026-09-07T14:30:49Z,23cb9e76-f277-4ab3-b64b-d5d8a71eee0a,open,2.339
2026-09-07T14:30:49Z,ff84eb62-9c83-4c6a-b3e3-d7dad141e8d5,open,2.339
2026-09-07T14:30:49Z,77d0b269-a3f2-4a90-aebb-264d45748583,open,2.359
2026-09-07T14:30:49Z,6cc0da1b-3d06-4abf-a2e9-3a4f67469658,open,2.359
2026-09-07T14:30:49Z,005056a9-779e-1eee-bfc4-26f2ed85158d,open,2.329
2026-09-07T14:30:49Z,51d4b52a-a095-1aa0-e100-80009459e03a,open,2.319
2026-09-07T14:30:49Z,9cc82fee-ffbf-4cf3-948a-9c5e494588a8,open,2.349
2026-09-07T14:30:49Z,515bab29-79a3-4a95-937b-3a13c7907955,open,2.339
2026-09-07T14:30:49Z,3d5d33e1-982e-4bd9-831c-7710f4b2bd72,open,2.329
2026-09-07T14:30:49Z,f3f3b1ad-72ef-424a-8237-96c84ef806af,open,2.339
2026-09-07T15:00:59Z,0644af18-e91e-4f5c-b23b-ecee706482ce,open,2.329
2026-09-07T15:00:59Z,6cc0da1b-3d06-4abf-a2e9-3a4f67469658,open,2.349
2026-09-07T15:00:59Z,005056a9-779e-1eee-bfc4-26f2ed85158d,open,2.319
2026-09-07T15:00:59Z,51d4b52a-a095-1aa0-e100-80009459e03a,open,2.309
2026-09-07T15:00:59Z,9cc82fee-ffbf-4cf3-948a-9c5e494588a8,open,2.329
2026-09-07T15:00:59Z,515bab29-79a3-4a95-937b-3a13c7907955,open,2.329
2026-09-07T15:00:59Z,3d5d33e1-982e-4bd9-831c-7710f4b2bd72,open,2.319
2026-09-07T15:00:59Z,f3f3b1ad-72ef-424a-8237-96c84ef806af,open,2.329
2026-09-07T15:30:57Z,4910a275-9695-403e-bb77-bf059a03713b,open,2.319
2026-09-07T15:30:57Z,0014c75b-2b35-4fad-b162-8b3fb9125cd2,open,2.329
2026-09-07T15:30:57Z,77d0b269-a3f2-4a90-aebb-264d45748583,open,2.339
2026-09-07T15:30:57Z,6cc0da1b-3d06-4abf-a2e9-3a4f67469658,open,2.339
2026-09-07T15:30:57Z,005056a9-779e-1eee-bfc4-26f2ed85158d,open,2.309
2026-09-07T15:30:57Z,51d4b52a-a095-1aa0-e100-80009459e03a,open,2.299
2026-09-07T15:30:57Z,515bab29-79a3-4a95-937b-3a13c7907955,open,2.319
2026-09-07T15:30:57Z,3d5d33e1-982e-4bd9-831c-7710f4b2bd72,open,2.309
2026-09-07T15:30:57Z,f3f3b1ad-72ef-424a-8237-96c84ef806af,open,2.319
2026-09-07T16:00:57Z,4910a275-9695-403e-bb77-bf059a03713b,open,2.309
2026-09-07T16:00:57Z,0644af18-e91e-4f5c-b23b-ecee706482ce,open,2.319
2026-09-07T16:00:57Z,3bc75820-2e63-4a74-92cf-ef078b21accf,open,2.329
2026-09-07T16:00:57Z,ff84eb62-9c83-4c6a-b3e3-d7dad141e8d5,open,2.329
2026-09-07T16:00:57Z,6cc0da1b-3d06-4abf-a2e9-3a4f67469658,open,2.329
2026-09-07T16:00:57Z,005056a9-779e-1eee-bfc4-26f2ed85158d,open,2.299
2026-09-07T16:00:57Z,9cc82fee-ffbf-4cf3-948a-9c5e494588a8,open,2.319
2026-09-07T16:00:57Z,515bab29-79a3-4a95-937b-3a13c7907955,open,2.309
2026-09-07T16:00:57Z,3d5d33e1-982e-4bd9-831c-7710f4b2bd72,open,2.299
2026-09-07T16:00:57Z,f3f3b1ad-72ef-424a-8237-96c84ef806af,open,2.309
2026-09-07T16:00:57Z,51d4b662-a095-1aa0-e100-80009459e03a,open,2.319
2026-09-07T16:30:53Z,4c8cac28-e631-42aa-8206-db8f9acf8919,open,2.318
2026-09-07T16:30:53Z,3bc75820-2e63-4a74-92cf-ef078b21accf,open,2.319
2026-09-07T16:30:53Z,0014c75b-2b35-4fad-b162-8b3fb9125cd2,open,2.309
2026-09-07T16:30:53Z,e1a15081-2513-9107-e040-0b0a3dfe563c,open,2.319
2026-09-07T16:30:53Z,23cb9e76-f277-4ab3-b64b-d5d8a71eee0a,open,2.329
2026-09-07T16:30:53Z,ff84eb62-9c83-4c6a-b3e3-d7dad141e8d5,open,2.319
2026-09-07T16:30:53Z,77d0b269-a3f2-4a90-aebb-264d45748583,open,2.329
2026-09-07T16:30:53Z,005056a9-779e-1eee-bfc4-26f2ed85158d,open,2.289
2026-09-07T16:30:53Z,51d4b52a-a095-1aa0-e100-80009459e03a,open,2.289
2026-09-07T16:30:53Z,005056ba-7cb6-1ed2-bceb-8b9067120d33,open,2.319
2026-09-07T16:30:53Z,695e738d-6386-4189-b454-af4a2947e89d,open,2.329
2026-09-07T16:30:53Z,515bab29-79a3-4a95-937b-3a13c7907955,open,2.299
2026-09-07T16:30:53Z,f3f3b1ad-72ef-424a-8237-96c84ef806af,open,2.299
2026-09-07T16:30:53Z,03344243-1c82-4fe4-9191-9d9bc9cc4d14,open,2.329
2026-09-07T16:30:53Z,51d4b662-a095-1aa0-e100-80009459e03a,open,2.309
2026-09-07T17:00:58Z,4c8cac28-e631-42aa-8206-db8f9acf8919,open,2.308
2026-09-07T17:00:58Z,e1a15081-2513-9107-e040-0b0a3dfe563c,open,2.309
2026-09-07T17:00:58Z,51d4b52a-a095-1aa0-e100-80009459e03a,open,2.279
2026-09-07T17:00:58Z,005056ba-7cb6-1ed2-bceb-8b9067120d33,open,2.309
2026-09-07T17:00:58Z,695e738d-6386-4189-b454-af4a2947e89d,open,2.319
2026-09-07T17:00:58Z,515bab29-79a3-4a95-937b-3a13c7907955,open,2.289
2026-09-07T17:00:58Z,03344243-1c82-4fe4-9191-9d9bc9cc4d14,open,2.319
2026-09-07T17:30:50Z,0014c75b-2b35-4fad-b162-8b3fb9125cd2,open,2.289
2026-09-07T17:30:50Z,23cb9e76-f277-4ab3-b64b-d5d8a71eee0a,open,2.319
2026-09-07T17:30:50Z,77d0b269-a3f2-4a90-aebb-264d45748583,open,2.319
2026-09-07T17:30:50Z,6cc0da1b-3d06-4abf-a2e9-3a4f67469658,open,2.319
2026-09-07T17:30:50Z,005056a9-779e-1eee-bfc4-26f2ed85158d,open,2.279
2026-09-07T17:30:50Z,51d4b52a-a095-1aa0-e100-80009459e03a,open,2.269
2026-09-07T17:30:50Z,515bab29-79a3-4a95-937b-3a13c7907955,open,2.279
2026-09-07T17:30:50Z,f3f3b1ad-72ef-424a-8237-96c84ef806af,open,2.289
2026-09-07T18:00:56Z,005056a9-779e-1eee-bfc4-26f2ed85158d,open,2.269
2026-09-07T18:00:56Z,f3f3b1ad-72ef-424a-8237-96c84ef806af,open,2.279
2026-09-07T18:30:54Z,0014c75b-2b35-4fad-b162-8b3fb9125cd2,open,2.279
2026-09-07T19:01:00Z,0644af18-e91e-4f5c-b23b-ecee706482ce,closed,
2026-09-07T20:01:00Z,e1a15081-2513-9107-e040-0b0a3dfe563c,closed,
2026-09-07T20:01:00Z,4c8cac28-e631-42aa-8206-db8f9acf8919,closed,
2026-09-07T20:01:00Z,3bc75820-2e63-4a74-92cf-ef078b21accf,closed,
2026-09-07T20:01:00Z,4910a275-9695-403e-bb77-bf059a03713b,closed,
2026-09-07T20:01:00Z,51d4b662-a095-1aa0-e100-80009459e03a,closed,
2026-09-07T20:01:00Z,515bab29-79a3-4a95-937b-3a13c7907955,closed,
2026-09-07T21:01:00Z,51d4b52a-a095-1aa0-e100-80009459e03a,closed,
2026-09-07T21:01:00Z,005056ba-7cb6-1ed2-bceb-8b9067120d33,closed,
2026-09-07T22:30:54Z,9cc82fee-ffbf-4cf3-948a-9c5e494588a8,open,2.309
2026-09-08T03:00:55Z,4c8cac28-e631-42aa-8206-db8f9acf8919,open,2.308
2026-09-08T03:00:55Z,51d4b52a-a095-1aa0-e100-80009459e03a,open,2.269
2026-09-08T03:00:55Z,005056ba-7cb6-1ed2-bceb-8b9067120d33,open,2.309
2026-09-08T04:00:59Z,4910a275-9695-403e-bb77-bf059a03713b,open,2.309
2026-09-08T04:00:59Z,e1a15081-2513-9107-e040-0b0a3dfe563c,open,2.309
2026-09-08T04:00:59Z,0644af18-e91e-4f5c-b23b-ecee706482ce,open,2.309
2026-09-08T04:00:59Z,515bab29-79a3-4a95-937b-3a13c7907955,open,2.279
2026-09-08T04:00:59Z,51d4b662-a095-1aa0-e100-80009459e03a,open,2.309
2026-09-08T04:27:40Z,3d5d33e1-982e-4bd9-831c-7710f4b2bd72,open,2.269
2026-09-08T05:01:00Z,3bc75820-2e63-4a74-92cf-ef078b21accf,open,2.319
2026-09-08T08:01:01Z,6cc0da1b-3d06-4abf-a2e9-3a4f67469658,open,2.299
2026-09-08T08:01:01Z,0644af18-e91e-4f5c-b23b-ecee706482ce,open,2.299
2026-09-08T08:30:54Z,4910a275-9695-403e-bb77-bf059a03713b,open,2.289
2026-09-08T08:30:54Z,3bc75820-2e63-4a74-92cf-ef078b21accf,open,2.299
2026-09-08T08:30:54Z,51d4b52a-a095-1aa0-e100-80009459e03a,open,2.249
2026-09-08T09:01:05Z,4910a275-9695-403e-bb77-bf059a03713b,open,2.279
2026-09-08T09:01:05Z,ff84eb62-9c83-4c6a-b3e3-d7dad141e8d5,open,2.299
2026-09-08T09:01:05Z,0644af18-e91e-4f5c-b23b-ecee706482ce,open,2.289
2026-09-08T09:01:05Z,005056a9-779e-1eee-bfc4-26f2ed85158d,open,2.259
2026-09-08T09:01:05Z,9cc82fee-ffbf-4cf3-948a-9c5e494588a8,open,2.289
2026-09-08T09:01:05Z,3d5d33e1-982e-4bd9-831c-7710f4b2bd72,open,2.259
2026-09-08T09:30:52Z,e1a15081-2513-9107-e040-0b0a3dfe563c,open,2.289
2026-09-08T09:30:52Z,ff84eb62-9c83-4c6a-b3e3-d7dad141e8d5,open,2.289
2026-09-08T09:30:52Z,4c8cac28-e631-42aa-8206-db8f9acf8919,open,2.288
2026-09-08T09:30:52Z,005056ba-7cb6-1ed2-bceb-8b9067120d33,open,2.289
2026-09-08T09:30:52Z,695e738d-6386-4189-b454-af4a2947e89d,open,2.299
2026-09-08T09:30:52Z,03344243-1c82-4fe4-9191-9d9bc9cc4d14,open,2.299
2026-09-08T09:30:52Z,51d4b662-a095-1aa0-e100-80009459e03a,open,2.289
2026-09-08T10:01:04Z,e1a15081-2513-9107-e040-0b0a3dfe563c,open,2.279
2026-09-08T10:01:04Z,51d4b662-a095-1aa0-e100-80009459e03a,open,2.279
2026-09-08T10:30:51Z,4910a275-9695-403e-bb77-bf059a03713b,open,2.489
2026-09-08T10:30:51Z,23cb9e76-f277-4ab3-b64b-d5d8a71eee0a,open,2.529
2026-09-08T10:30:51Z,0014c75b-2b35-4fad-b162-8b3fb9125cd2,open,2.529
2026-09-08T10:30:51Z,e1a15081-2513-9107-e040-0b0a3dfe563c,open,2.499
2026-09-08T10:30:51Z,ff84eb62-9c83-4c6a-b3e3-d7dad141e8d5,open,2.519
2026-09-08T10:30:51Z,6cc0da1b-3d06-4abf-a2e9-3a4f67469658,open,2.479
2026-09-08T10:30:51Z,4c8cac28-e631-42aa-8206-db8f9acf8919,open,2.638
2026-09-08T10:30:51Z,77d0b269-a3f2-4a90-aebb-264d45748583,open,2.529
2026-09-08T10:30:51Z,0644af18-e91e-4f5c-b23b-ecee706482ce,open,2.479
2026-09-08T10:30:51Z,3bc75820-2e63-4a74-92cf-ef078b21accf,open,2.529
2026-09-08T10:30:51Z,005056a9-779e-1eee-bfc4-26f2ed85158d,open,2.499
2026-09-08T10:30:51Z,9cc82fee-ffbf-4cf3-948a-9c5e494588a8,open,2.589
2026-09-08T10:30:51Z,515bab29-79a3-4a95-937b-3a13c7907955,open,2.529
2026-09-08T10:30:51Z,3d5d33e1-982e-4bd9-831c-7710f4b2bd72,open,2.519
2026-09-08T10:30:51Z,51d4b52a-a095-1aa0-e100-80009459e03a,open,2.469
2026-09-08T10:30:51Z,005056ba-7cb6-1ed2-bceb-8b9067120d33,open,2.469
2026-09-08T10:30:51Z,695e738d-6386-4189-b454-af4a2947e89d,open,2.479
2026-09-08T10:30:51Z,03344243-1c82-4fe4-9191-9d9bc9cc4d14,open,2.529
2026-09-08T10:30:51Z,51d4b662-a095-1aa0-e100-80009459e03a,open,2.469
2026-09-08T10:30:51Z,f3f3b1ad-72ef-424a-8237-96c84ef806af,open,2.519
2026-09-08T11:00:58Z,4910a275-9695-403e-bb77-bf059a03713b,open,2.469
2026-09-08T11:00:58Z,e1a15081-2513-9107-e040-0b0a3dfe563c,open,2.469
2026-09-08T11:00:58Z,4c8cac28-e631-42aa-8206-db8f9acf8919,open,2.468
2026-09-08T11:00:58Z,3bc75820-2e63-4a74-92cf-ef078b21accf,open,2.479
2026-09-08T11:00:58Z,005056a9-779e-1eee-bfc4-26f2ed85158d,open,2.469
2026-09-08T11:00:58Z,9cc82fee-ffbf-4cf3-948a-9c5e494588a8,open,2.489
2026-09-08T11:00:58Z,515bab29-79a3-4a95-937b-3a13c7907955,open,2.479
2026-09-08T11:00:58Z,03344243-1c82-4fe4-9191-9d9bc9cc4d14,open,2.479
2026-09-08T11:10:58Z,3d5d33e1-982e-4bd9-831c-7710f4b2bd72,open,2.469
2026-09-08T11:10:58Z,f3f3b1ad-72ef-424a-8237-96c84ef806af,open,2.479
2026-09-08T11:30:51Z,23cb9e76-f277-4ab3-b64b-d5d8a71eee0a,open,2.479
2026-09-08T11:30:51Z,0014c75b-2b35-4fad-b162-8b3fb9125cd2,open,2.479
2026-09-08T11:30:51Z,ff84eb62-9c83-4c6a-b3e3-d7dad141e8d5,open,2.479
2026-09-08T11:30:51Z,77d0b269-a3f2-4a90-aebb-264d45748583,open,2.479
2026-09-08T11:30:51Z,9cc82fee-ffbf-4cf3-948a-9c5e494588a8,open,2.479
2026-09-08T11:30:51Z,51d4b52a-a095-1aa0-e100-80009459e03a,open,2.459
2026-09-08T12:01:00Z,4910a275-9695-403e-bb77-bf059a03713b,open,2.459
2026-09-08T12:01:00Z,0014c75b-2b35-4fad-b162-8b3fb9125cd2,open,2.469
2026-09-08T12:01:00Z,0644af18-e91e-4f5c-b23b-ecee706482ce,open,2.469
2026-09-08T12:01:00Z,005056a9-779e-1eee-bfc4-26f2ed85158d,open,2.459
2026-09-08T12:01:00Z,9cc82fee-ffbf-4cf3-948a-9c5e494588a8,open,2.469
2026-09-08T12:01:00Z,515bab29-79a3-4a95-937b-3a13c7907955,open,2.469
2026-09-08T12:01:00Z,3d5d33e1-982e-4bd9-831c-7710f4b2bd72,open,2.459
2026-09-08T12:01:00Z,51d4b52a-a095-1aa0-e100-80009459e03a,open,2.449
2026-09-08T12:01:00Z,f3f3b1ad-72ef-424a-8237-96c84ef806af,open,2.469
2026-09-08T12:31:03Z,4910a275-9695-403e-bb77-bf059a03713b,open,2.409
2026-09-08T12:31:03Z,0014c75b-2b35-4fad-b162-8b3fb9125cd2,open,2.459
2026-09-08T12:31:03Z,e1a15081-2513-9107-e040-0b0a3dfe563c,open,2.409
2026-09-08T12:31:03Z,ff84eb62-9c83-4c6a-b3e3-d7dad141e8d5,open,2.469
2026-09-08T12:31:03Z,6cc0da1b-3d06-4abf-a2e9-3a4f67469658,open,2.469
2026-09-08T12:31:03Z,4c8cac28-e631-42aa-8206-db8f9acf8919,open,2.408
2026-09-08T12:31:03Z,0644af18-e91e-4f5c-b23b-ecee706482ce,open,2.459
2026-09-08T12:31:03Z,3bc75820-2e63-4a74-92cf-ef078b21accf,open,2.419
2026-09-08T12:31:03Z,005056a9-779e-1eee-bfc4-26f2ed85158d,open,2.449
2026-09-08T12:31:03Z,515bab29-79a3-4a95-937b-3a13c7907955,open,2.459
2026-09-08T12:31:03Z,3d5d33e1-982e-4bd9-831c-7710f4b2bd72,open,2.449
2026-09-08T12:31:03Z,005056ba-7cb6-1ed2-bceb-8b9067120d33,open,2.409
2026-09-08T12:31:03Z,695e738d-6386-4189-b454-af4a2947e89d,open,2.409
2026-09-08T12:31:03Z,03344243-1c82-4fe4-9191-9d9bc9cc4d14,open,2.409
2026-09-08T12:31:03Z,51d4b662-a095-1aa0-e100-80009459e03a,open,2.399
2026-09-08T12:31:03Z,f3f3b1ad-72ef-424a-8237-96c84ef806af,open,2.459
2026-09-08T13:00:59Z,4910a275-9695-403e-bb77-bf059a03713b,open,2.399
2026-09-08T13:00:59Z,23cb9e76-f277-4ab3-b64b-d5d8a71eee0a,open,2.419
2026-09-08T13:00:59Z,e1a15081-2513-9107-e040-0b0a3dfe563c,open,2.399
2026-09-08T13:00:59Z,ff84eb62-9c83-4c6a-b3e3-d7dad141e8d5,open,2.429
2026-09-08T13:00:59Z,6cc0da1b-3d06-4abf-a2e9-3a4f67469658,open,2.459
2026-09-08T13:00:59Z,4c8cac28-e631-42aa-8206-db8f9acf8919,open,2.398
2026-09-08T13:00:59Z,77d0b269-a3f2-4a90-aebb-264d45748583,open,2.429
2026-09-08T13:00:59Z,0644af18-e91e-4f5c-b23b-ecee706482ce,open,2.449
2026-09-08T13:00:59Z,005056a9-779e-1eee-bfc4-26f2ed85158d,open,2.439
2026-09-08T13:00:59Z,9cc82fee-ffbf-4cf3-948a-9c5e494588a8,open,2.459
2026-09-08T13:00:59Z,515bab29-79a3-4a95-937b-3a13c7907955,open,2.449
2026-09-08T13:00:59Z,3d5d33e1-982e-4bd9-831c-7710f4b2bd72,open,2.439
2026-09-08T13:00:59Z,51d4b52a-a095-1aa0-e100-80009459e03a,open,2.399
2026-09-08T13:00:59Z,005056ba-7cb6-1ed2-bceb-8b9067120d33,open,2.399
2026-09-08T13:30:57Z,23cb9e76-f277-4ab3-b64b-d5d8a71eee0a,open,2.409
2026-09-08T13:30:57Z,0014c75b-2b35-4fad-b162-8b3fb9125cd2,open,2.409
2026-09-08T13:30:57Z,ff84eb62-9c83-4c6a-b3e3-d7dad141e8d5,open,2.409
2026-09-08T13:30:57Z,6cc0da1b-3d06-4abf-a2e9-3a4f67469658,open,2.419
2026-09-08T13:30:57Z,4c8cac28-e631-42aa-8206-db8f9acf8919,open,2.388
2026-09-08T13:30:57Z,77d0b269-a3f2-4a90-aebb-264d45748583,open,2.419
2026-09-08T13:30:57Z,0644af18-e91e-4f5c-b23b-ecee706482ce,open,2.419
2026-09-08T13:30:57Z,3bc75820-2e63-4a74-92cf-ef078b21accf,open,2.409
2026-09-08T13:30:57Z,005056a9-779e-1eee-bfc4-26f2ed85158d,open,2.399
2026-09-08T13:30:57Z,9cc82fee-ffbf-4cf3-948a-9c5e494588a8,open,2.419
2026-09-08T13:30:57Z,515bab29-79a3-4a95-937b-3a13c7907955,open,2.409
2026-09-08T13:30:57Z,3d5d33e1-982e-4bd9-831c-7710f4b2bd72,open,2.399
2026-09-08T13:30:57Z,51d4b52a-a095-1aa0-e100-80009459e03a,open,2.389
2026-09-08T13:30:57Z,005056ba-7cb6-1ed2-bceb-8b9067120d33,open,2.389
2026-09-08T13:30:57Z,51d4b662-a095-1aa0-e100-80009459e03a,open,2.389
2026-09-08T13:30:57Z,f3f3b1ad-72ef-424a-8237-96c84ef806af,open,2.409
2026-09-08T14:01:04Z,4910a275-9695-403e-bb77-bf059a03713b,open,2.389
2026-09-08T14:01:04Z,e1a15081-2513-9107-e040-0b0a3dfe563c,open,2.389
2026-09-08T14:01:04Z,ff84eb62-9c83-4c6a-b3e3-d7dad141e8d5,open,2.399
2026-09-08T14:01:04Z,0644af18-e91e-4f5c-b23b-ecee706482ce,open,2.399
2026-09-08T14:01:04Z,3bc75820-2e63-4a74-92cf-ef078b21accf,open,2.399
2026-09-08T14:01:04Z,005056a9-779e-1eee-bfc4-26f2ed85158d,open,2.389
2026-09-08T14:01:04Z,9cc82fee-ffbf-4cf3-948a-9c5e494588a8,open,2.399
2026-09-08T14:01:04Z,515bab29-79a3-4a95-937b-3a13c7907955,open,2.399
2026-09-08T14:01:04Z,3d5d33e1-982e-4bd9-831c-7710f4b2bd72,open,2.389
2026-09-08T14:01:04Z,51d4b52a-a095-1aa0-e100-80009459e03a,open,2.379
2026-09-08T14:01:04Z,005056ba-7cb6-1ed2-bceb-8b9067120d33,open,2.379
2026-09-08T14:01:04Z,695e738d-6386-4189-b454-af4a2947e89d,open,2.389
2026-09-08T14:01:04Z,03344243-1c82-4fe4-9191-9d9bc9cc4d14,open,2.389
2026-09-08T14:01:04Z,51d4b662-a095-1aa0-e100-80009459e03a,open,2.379
2026-09-08T14:01:04Z,f3f3b1ad-72ef-424a-8237-96c84ef806af,open,2.399
2026-09-08T14:31:05Z,4910a275-9695-403e-bb77-bf059a03713b,open,2.379
2026-09-08T14:31:05Z,23cb9e76-f277-4ab3-b64b-d5d8a71eee0a,open,2.399
2026-09-08T14:31:05Z,0014c75b-2b35-4fad-b162-8b3fb9125cd2,open,2.399
2026-09-08T14:31:05Z,e1a15081-2513-9107-e040-0b0a3dfe563c,open,2.349
2026-09-08T14:31:05Z,ff84eb62-9c83-4c6a-b3e3-d7dad141e8d5,open,2.389
2026-09-08T14:31:05Z,6cc0da1b-3d06-4abf-a2e9-3a4f67469658,open,2.399
2026-09-08T14:31:05Z,4c8cac28-e631-42aa-8206-db8f9acf8919,open,2.348
2026-09-08T14:31:05Z,77d0b269-a3f2-4a90-aebb-264d45748583,open,2.399
2026-09-08T14:31:05Z,3bc75820-2e63-4a74-92cf-ef078b21accf,open,2.389
2026-09-08T14:31:05Z,005056a9-779e-1eee-bfc4-26f2ed85158d,open,2.379
2026-09-08T14:31:05Z,515bab29-79a3-4a95-937b-3a13c7907955,open,2.389
2026-09-08T14:31:05Z,3d5d33e1-982e-4bd9-831c-7710f4b2bd72,open,2.379
2026-09-08T14:31:05Z,51d4b52a-a095-1aa0-e100-80009459e03a,open,2.369
2026-09-08T14:31:05Z,005056ba-7cb6-1ed2-bceb-8b9067120d33,open,2.349
2026-09-08T14:31:05Z,03344243-1c82-4fe4-9191-9d9bc9cc4d14,open,2.349
2026-09-08T14:31:05Z,51d4b662-a095-1aa0-e100-80009459e03a,open,2.339
2026-09-08T14:31:05Z,f3f3b1ad-72ef-424a-8237-96c84ef806af,open,2.389
2026-09-08T15:01:06Z,4910a275-9695-403e-bb77-bf059a03713b,open,2.339
2026-09-08T15:01:06Z,e1a15081-2513-9107-e040-0b0a3dfe563c,open,2.339
2026-09-08T15:01:06Z,ff84eb62-9c83-4c6a-b3e3-d7dad141e8d5,open,2.349
2026-09-08T15:01:06Z,4c8cac28-e631-42aa-8206-db8f9acf8919,open,2.338
2026-09-08T15:01:06Z,0644af18-e91e-4f5c-b23b-ecee706482ce,open,2.379
2026-09-08T15:01:06Z,3bc75820-2e63-4a74-92cf-ef078b21accf,open,2.359
2026-09-08T15:01:06Z,005056a9-779e-1eee-bfc4-26f2ed85158d,open,2.339
2026-09-08T15:01:06Z,9cc82fee-ffbf-4cf3-948a-9c5e494588a8,open,2.379
2026-09-08T15:01:06Z,515bab29-79a3-4a95-937b-3a13c7907955,open,2.349
2026-09-08T15:01:06Z,3d5d33e1-982e-4bd9-831c-7710f4b2bd72,open,2.339
2026-09-08T15:01:06Z,51d4b52a-a095-1aa0-e100-80009459e03a,open,2.339
2026-09-08T15:01:06Z,005056ba-7cb6-1ed2-bceb-8b9067120d33,open,2.339
2026-09-08T15:01:06Z,695e738d-6386-4189-b454-af4a2947e89d,open,2.349
2026-09-08T15:01:06Z,f3f3b1ad-72ef-424a-8237-96c84ef806af,open,2.379
2026-09-08T15:30:58Z,23cb9e76-f277-4ab3-b64b-d5d8a71eee0a,open,2.349
2026-09-08T15:30:58Z,0014c75b-2b35-4fad-b162-8b3fb9125cd2,open,2.349
2026-09-08T15:30:58Z,6cc0da1b-3d06-4abf-a2e9-3a4f67469658,open,2.359
2026-09-08T15:30:58Z,77d0b269-a3f2-4a90-aebb-264d45748583,open,2.359
2026-09-08T15:30:58Z,0644af18-e91e-4f5c-b23b-ecee706482ce,open,2.349
2026-09-08T15:30:58Z,3bc75820-2e63-4a74-92cf-ef078b21accf,open,2.349
2026-09-08T15:30:58Z,9cc82fee-ffbf-4cf3-948a-9c5e494588a8,open,2.349
2026-09-08T15:30:58Z,51d4b52a-a095-1aa0-e100-80009459e03a,open,2.329
2026-09-08T15:30:58Z,f3f3b1ad-72ef-424a-8237-96c84ef806af,open,2.349
2026-09-08T16:01:03Z,0644af18-e91e-4f5c-b23b-ecee706482ce,open,2.339
2026-09-08T16:01:03Z,005056a9-779e-1eee-bfc4-26f2ed85158d,open,2.329
2026-09-08T16:01:03Z,9cc82fee-ffbf-4cf3-948a-9c5e494588a8,open,2.339
2026-09-08T16:01:03Z,515bab29-79a3-4a95-937b-3a13c7907955,open,2.339
2026-09-08T16:01:03Z,3d5d33e1-982e-4bd9-831c-7710f4b2bd72,open,2.329
2026-09-08T16:01:03Z,51d4b52a-a095-1aa0-e100-80009459e03a,open,2.319
2026-09-08T16:01:03Z,f3f3b1ad-72ef-424a-8237-96c84ef806af,open,2.339
2026-09-08T16:30:55Z,4910a275-9695-403e-bb77-bf059a03713b,open,2.329
2026-09-08T16:30:55Z,0014c75b-2b35-4fad-b162-8b3fb9125cd2,open,2.329
2026-09-08T16:30:55Z,6cc0da1b-3d06-4abf-a2e9-3a4f67469658,open,2.349
2026-09-08T16:30:55Z,77d0b269-a3f2-4a90-aebb-264d45748583,open,2.349
2026-09-08T16:30:55Z,005056a9-779e-1eee-bfc4-26f2ed85158d,open,2.319
2026-09-08T16:30:55Z,515bab29-79a3-4a95-937b-3a13c7907955,open,2.329
2026-09-08T16:30:55Z,3d5d33e1-982e-4bd9-831c-7710f4b2bd72,open,2.319
2026-09-08T16:30:55Z,51d4b52a-a095-1aa0-e100-80009459e03a,open,2.309
2026-09-08T16:30:55Z,f3f3b1ad-72ef-424a-8237-96c84ef806af,open,2.329
2026-09-08T17:01:05Z,ff84eb62-9c83-4c6a-b3e3-d7dad141e8d5,open,2.339
2026-09-08T17:01:05Z,3bc75820-2e63-4a74-92cf-ef078b21accf,open,2.339
2026-09-08T17:01:05Z,005056a9-779e-1eee-bfc4-26f2ed85158d,open,2.309
2026-09-08T17:01:05Z,515bab29-79a3-4a95-937b-3a13c7907955,open,2.319
2026-09-08T17:01:05Z,51d4b662-a095-1aa0-e100-80009459e03a,open,2.329
2026-09-08T17:01:05Z,f3f3b1ad-72ef-424a-8237-96c84ef806af,open,2.319
2026-09-08T17:30:50Z,23cb9e76-f277-4ab3-b64b-d5d8a71eee0a,open,2.339
2026-09-08T17:30:50Z,0014c75b-2b35-4fad-b162-8b3fb9125cd2,open,2.319
2026-09-08T17:30:50Z,e1a15081-2513-9107-e040-0b0a3dfe563c,open,2.329
2026-09-08T17:30:50Z,6cc0da1b-3d06-4abf-a2e9-3a4f67469658,open,2.339
2026-09-08T17:30:50Z,4c8cac28-e631-42aa-8206-db8f9acf8919,open,2.328
2026-09-08T17:30:50Z,77d0b269-a3f2-4a90-aebb-264d45748583,open,2.339
2026-09-08T17:30:50Z,005056a9-779e-1eee-bfc4-26f2ed85158d,open,2.299
2026-09-08T17:30:50Z,515bab29-79a3-4a95-937b-3a13c7907955,open,2.309
2026-09-08T17:30:50Z,51d4b52a-a095-1aa0-e100-80009459e03a,open,2.299
2026-09-08T17:30:50Z,005056ba-7cb6-1ed2-bceb-8b9067120d33,open,2.329
2026-09-08T17:30:50Z,695e738d-6386-4189-b454-af4a2947e89d,open,2.339
2026-09-08T17:30:50Z,03344243-1c82-4fe4-9191-9d9bc9cc4d14,open,2.339
2026-09-08T17:30:50Z,f3f3b1ad-72ef-424a-8237-96c84ef806af,open,2.309
2026-09-08T18:01:01Z,515bab29-79a3-4a95-937b-3a13c7907955,open,2.299
2026-09-08T18:01:01Z,51d4b52a-a095-1aa0-e100-80009459e03a,open,2.289
2026-09-08T18:30:53Z,0014c75b-2b35-4fad-b162-8b3fb9125cd2,open,2.299
2026-09-08T18:30:53Z,005056a9-779e-1eee-bfc4-26f2ed85158d,open,2.289
2026-09-08T18:30:53Z,f3f3b1ad-72ef-424a-8237-96c84ef806af,open,2.299
2026-09-08T19:01:07Z,0644af18-e91e-4f5c-b23b-ecee706482ce,closed,
2026-09-08T20:01:06Z,4910a275-9695-403e-bb77-bf059a03713b,closed,
2026-09-08T20:01:06Z,e1a15081-2513-9107-e040-0b0a3dfe563c,closed,
2026-09-08T20:01:06Z,4c8cac28-e631-42aa-8206-db8f9acf8919,closed,
2026-09-08T20:01:06Z,3bc75820-2e63-4a74-92cf-ef078b21accf,closed,
2026-09-08T20:01:06Z,515bab29-79a3-4a95-937b-3a13c7907955,closed,
2026-09-08T20:01:06Z,51d4b662-a095-1aa0-e100-80009459e03a,closed,
2026-09-08T21:01:00Z,51d4b52a-a095-1aa0-e100-80009459e03a,closed,
2026-09-08T21:01:00Z,005056ba-7cb6-1ed2-bceb-8b9067120d33,closed,
2026-09-08T22:30:54Z,9cc82fee-ffbf-4cf3-948a-9c5e494588a8,open,2.329
2026-09-09T03:01:03Z,4c8cac28-e631-42aa-8206-db8f9acf8919,open,2.328
2026-09-09T03:01:03Z,51d4b52a-a095-1aa0-e100-80009459e03a,open,2.289
2026-09-09T03:01:03Z,005056ba-7cb6-1ed2-bceb-8b9067120d33,open,2.329
2026-09-09T04:01:08Z,e1a15081-2513-9107-e040-0b0a3dfe563c,open,2.329
2026-09-09T04:01:08Z,0644af18-e91e-4f5c-b23b-ecee706482ce,open,2.329
2026-09-09T04:01:08Z,4910a275-9695-403e-bb77-bf059a03713b,open,2.329
2026-09-09T04:01:08Z,51d4b662-a095-1aa0-e100-80009459e03a,open,2.329
2026-09-09T04:01:08Z,515bab29-79a3-4a95-937b-3a13c7907955,open,2.299
2026-09-09T04:30:57Z,3d5d33e1-982e-4bd9-831c-7710f4b2bd72,open,2.289
2026-09-09T05:01:00Z,3bc75820-2e63-4a74-92cf-ef078b21accf,open,2.339
2026-09-09T07:30:56Z,6cc0da1b-3d06-4abf-a2e9-3a4f67469658,open,2.329
2026-09-09T07:30:56Z,0644af18-e91e-4f5c-b23b-ecee706482ce,open,2.319
2026-09-09T07:30:56Z,4910a275-9695-403e-bb77-bf059a03713b,open,2.309
2026-09-09T08:01:05Z,3bc75820-2e63-4a74-92cf-ef078b21accf,open,2.319
2026-09-09T08:01:05Z,ff84eb62-9c83-4c6a-b3e3-d7dad141e8d5,open,2.319
2026-09-09T08:01:05Z,51d4b52a-a095-1aa0-e100-80009459e03a,open,2.279
2026-09-09T08:01:05Z,005056a9-779e-1eee-bfc4-26f2ed85158d,open,2.279
2026-09-09T08:01:05Z,515bab29-79a3-4a95-937b-3a13c7907955,open,2.289
2026-09-09T08:01:05Z,3d5d33e1-982e-4bd9-831c-7710f4b2bd72,open,2.279
2026-09-09T08:31:12Z,e1a15081-2513-9107-e040-0b0a3dfe563c,open,2.309
2026-09-09T08:31:12Z,0014c75b-2b35-4fad-b162-8b3fb9125cd2,open,2.289
2026-09-09T08:31:12Z,4c8cac28-e631-42aa-8206-db8f9acf8919,open,2.308
2026-09-09T08:31:12Z,77d0b269-a3f2-4a90-aebb-264d45748583,open,2.329
2026-09-09T08:31:12Z,51d4b52a-a095-1aa0-e100-80009459e03a,open,2.269
2026-09-09T08:31:12Z,005056ba-7cb6-1ed2-bceb-8b9067120d33,open,2.309
2026-09-09T08:31:12Z,695e738d-6386-4189-b454-af4a2947e89d,open,2.319
2026-09-09T08:31:12Z,03344243-1c82-4fe4-9191-9d9bc9cc4d14,open,2.319
2026-09-09T08:31:12Z,51d4b662-a095-1aa0-e100-80009459e03a,open,2.309
2026-09-09T08:31:12Z,f3f3b1ad-72ef-424a-8237-96c84ef806af,open,2.279
2026-09-09T08:31:12Z,005056a9-779e-1eee-bfc4-26f2ed85158d,open,2.269
2026-09-09T08:31:12Z,515bab29-79a3-4a95-937b-3a13c7907955,open,2.279
2026-09-09T08:31:12Z,3d5d33e1-982e-4bd9-831c-7710f4b2bd72,open,2.269
2026-09-09T09:01:04Z,6cc0da1b-3d06-4abf-a2e9-3a4f67469658,open,2.319
2026-09-09T09:01:04Z,0644af18-e91e-4f5c-b23b-ecee706482ce,open,2.309
2026-09-09T09:01:04Z,4910a275-9695-403e-bb77-bf059a03713b,open,2.299
2026-09-09T09:01:04Z,9cc82fee-ffbf-4cf3-948a-9c5e494588a8,open,2.309
2026-09-09T09:30:56Z,3bc75820-2e63-4a74-92cf-ef078b21accf,open,2.309
2026-09-09T09:30:56Z,ff84eb62-9c83-4c6a-b3e3-d7dad141e8d5,open,2.309
2026-09-09T09:30:56Z,51d4b52a-a095-1aa0-e100-80009459e03a,open,2.239
2026-09-09T09:30:56Z,f3f3b1ad-72ef-424a-8237-96c84ef806af,open,2.269
2026-09-09T09:30:56Z,005056a9-779e-1eee-bfc4-26f2ed85158d,open,2.239
2026-09-09T10:01:04Z,e1a15081-2513-9107-e040-0b0a3dfe563c,open,2.299
2026-09-09T10:01:04Z,51d4b662-a095-1aa0-e100-80009459e03a,open,2.299
2026-09-09T10:30:57Z,e1a15081-2513-9107-e040-0b0a3dfe563c,open,2.509
2026-09-09T10:30:57Z,0014c75b-2b35-4fad-b162-8b3fb9125cd2,open,2.519
2026-09-09T10:30:57Z,6cc0da1b-3d06-4abf-a2e9-3a4f67469658,open,2.489
2026-09-09T10:30:57Z,4c8cac28-e631-42aa-8206-db8f9acf8919,open,2.658
2026-09-09T10:30:57Z,77d0b269-a3f2-4a90-aebb-264d45748583,open,2.519
2026-09-09T10:30:57Z,0644af18-e91e-4f5c-b23b-ecee706482ce,open,2.489
2026-09-09T10:30:57Z,3bc75820-2e63-4a74-92cf-ef078b21accf,open,2.529
2026-09-09T10:30:57Z,4910a275-9695-403e-bb77-bf059a03713b,open,2.489
2026-09-09T10:30:57Z,23cb9e76-f277-4ab3-b64b-d5d8a71eee0a,open,2.519
2026-09-09T10:30:57Z,ff84eb62-9c83-4c6a-b3e3-d7dad141e8d5,open,2.519
2026-09-09T10:30:57Z,51d4b52a-a095-1aa0-e100-80009459e03a,open,2.479
2026-09-09T10:30:57Z,005056ba-7cb6-1ed2-bceb-8b9067120d33,open,2.479
2026-09-09T10:30:57Z,695e738d-6386-4189-b454-af4a2947e89d,open,2.489
2026-09-09T10:30:57Z,03344243-1c82-4fe4-9191-9d9bc9cc4d14,open,2.529
2026-09-09T10:30:57Z,51d4b662-a095-1aa0-e100-80009459e03a,open,2.479
2026-09-09T10:30:57Z,f3f3b1ad-72ef-424a-8237-96c84ef806af,open,2.519
2026-09-09T10:30:57Z,005056a9-779e-1eee-bfc4-26f2ed85158d,open,2.499
2026-09-09T10:30:57Z,9cc82fee-ffbf-4cf3-948a-9c5e494588a8,open,2.589
2026-09-09T10:30:57Z,515bab29-79a3-4a95-937b-3a13c7907955,open,2.529
2026-09-09T10:30:57Z,3d5d33e1-982e-4bd9-831c-7710f4b2bd72,open,2.509
2026-09-09T11:01:06Z,e1a15081-2513-9107-e040-0b0a3dfe563c,open,2.479
2026-09-09T11:01:06Z,4c8cac28-e631-42aa-8206-db8f9acf8919,open,2.478
2026-09-09T11:01:06Z,3bc75820-2e63-4a74-92cf-ef078b21accf,open,2.489
2026-09-09T11:01:06Z,4910a275-9695-403e-bb77-bf059a03713b,open,2.479
2026-09-09T11:01:06Z,03344243-1c82-4fe4-9191-9d9bc9cc4d14,open,2.489
2026-09-09T11:01:06Z,005056a9-779e-1eee-bfc4-26f2ed85158d,open,2.479
2026-09-09T11:01:06Z,9cc82fee-ffbf-4cf3-948a-9c5e494588a8,open,2.499
2026-09-09T11:01:06Z,515bab29-79a3-4a95-937b-3a13c7907955,open,2.489
2026-09-09T11:15:15Z,f3f3b1ad-72ef-424a-8237-96c84ef806af,open,2.489
2026-09-09T11:15:15Z,9cc82fee-ffbf-4cf3-948a-9c5e494588a8,open,2.489
2026-09-09T11:15:15Z,3d5d33e1-982e-4bd9-831c-7710f4b2bd72,open,2.479
2026-09-09T11:30:55Z,0014c75b-2b35-4fad-b162-8b3fb9125cd2,open,2.489
2026-09-09T11:30:55Z,77d0b269-a3f2-4a90-aebb-264d45748583,open,2.489
2026-09-09T11:30:55Z,23cb9e76-f277-4ab3-b64b-d5d8a71eee0a,open,2.489
2026-09-09T11:30:55Z,ff84eb62-9c83-4c6a-b3e3-d7dad141e8d5,open,2.489
2026-09-09T11:30:55Z,51d4b52a-a095-1aa0-e100-80009459e03a,open,2.469
2026-09-09T12:01:03Z,0014c75b-2b35-4fad-b162-8b3fb9125cd2,open,2.479
2026-09-09T12:01:03Z,0644af18-e91e-4f5c-b23b-ecee706482ce,open,2.479
2026-09-09T12:01:03Z,4910a275-9695-403e-bb77-bf059a03713b,open,2.469
2026-09-09T12:01:03Z,f3f3b1ad-72ef-424a-8237-96c84ef806af,open,2.479
2026-09-09T12:01:03Z,005056a9-779e-1eee-bfc4-26f2ed85158d,open,2.469
2026-09-09T12:01:03Z,9cc82fee-ffbf-4cf3-948a-9c5e494588a8,open,2.479
2026-09-09T12:01:03Z,515bab29-79a3-4a95-937b-3a13c7907955,open,2.479
2026-09-09T12:01:03Z,3d5d33e1-982e-4bd9-831c-7710f4b2bd72,open,2.469
2026-09-09T12:30:54Z,0014c75b-2b35-4fad-b162-8b3fb9125cd2,open,2.469
2026-09-09T12:30:54Z,6cc0da1b-3d06-4abf-a2e9-3a4f67469658,open,2.479
2026-09-09T12:30:54Z,0644af18-e91e-4f5c-b23b-ecee706482ce,open,2.469
2026-09-09T12:30:54Z,3bc75820-2e63-4a74-92cf-ef078b21accf,open,2.479
2026-09-09T12:30:54Z,ff84eb62-9c83-4c6a-b3e3-d7dad141e8d5,open,2.479
2026-09-09T12:30:54Z,51d4b52a-a095-1aa0-e100-80009459e03a,open,2.459
2026-09-09T12:30:54Z,51d4b662-a095-1aa0-e100-80009459e03a,open,2.469
2026-09-09T12:30:54Z,f3f3b1ad-72ef-424a-8237-96c84ef806af,open,2.469
2026-09-09T12:30:54Z,005056a9-779e-1eee-bfc4-26f2ed85158d,open,2.459
2026-09-09T12:30:54Z,515bab29-79a3-4a95-937b-3a13c7907955,open,2.469
2026-09-09T12:30:54Z,3d5d33e1-982e-4bd9-831c-7710f4b2bd72,open,2.459
2026-09-09T13:01:02Z,e1a15081-2513-9107-e040-0b0a3dfe563c,open,2.399
2026-09-09T13:01:02Z,4c8cac28-e631-42aa-8206-db8f9acf8919,open,2.398
2026-09-09T13:01:02Z,77d0b269-a3f2-4a90-aebb-264d45748583,open,2.479
2026-09-09T13:01:02Z,0644af18-e91e-4f5c-b23b-ecee706482ce,open,2.459
2026-09-09T13:01:02Z,3bc75820-2e63-4a74-92cf-ef078b21accf,open,2.469
2026-09-09T13:01:02Z,4910a275-9695-403e-bb77-bf059a03713b,open,2.459
2026-09-09T13:01:02Z,23cb9e76-f277-4ab3-b64b-d5d8a71eee0a,open,2.479
2026-09-09T13:01:02Z,ff84eb62-9c83-4c6a-b3e3-d7dad141e8d5,open,2.469
2026-09-09T13:01:02Z,51d4b52a-a095-1aa0-e100-80009459e03a,open,2.449
2026-09-09T13:01:02Z,005056ba-7cb6-1ed2-bceb-8b9067120d33,open,2.399
2026-09-09T13:01:02Z,695e738d-6386-4189-b454-af4a2947e89d,open,2.479
2026-09-09T13:01:02Z,03344243-1c82-4fe4-9191-9d9bc9cc4d14,open,2.479
2026-09-09T13:01:02Z,51d4b662-a095-1aa0-e100-80009459e03a,open,2.399
2026-09-09T13:01:02Z,005056a9-779e-1eee-bfc4-26f2ed85158d,open,2.449
2026-09-09T13:01:02Z,9cc82fee-ffbf-4cf3-948a-9c5e494588a8,open,2.469
2026-09-09T13:01:02Z,3d5d33e1-982e-4bd9-831c-7710f4b2bd72,open,2.449
2026-09-09T13:30:57Z,e1a15081-2513-9107-e040-0b0a3dfe563c,open,2.389
2026-09-09T13:30:57Z,0014c75b-2b35-4fad-b162-8b3fb9125cd2,open,2.459
2026-09-09T13:30:57Z,6cc0da1b-3d06-4abf-a2e9-3a4f67469658,open,2.469
2026-09-09T13:30:57Z,0644af18-e91e-4f5c-b23b-ecee706482ce,open,2.449
2026-09-09T13:30:57Z,3bc75820-2e63-4a74-92cf-ef078b21accf,open,2.409
2026-09-09T13:30:57Z,4910a275-9695-403e-bb77-bf059a03713b,open,2.399
2026-09-09T13:30:57Z,ff84eb62-9c83-4c6a-b3e3-d7dad141e8d5,open,2.429
2026-09-09T13:30:57Z,005056ba-7cb6-1ed2-bceb-8b9067120d33,open,2.389
2026-09-09T13:30:57Z,695e738d-6386-4189-b454-af4a2947e89d,open,2.399
2026-09-09T13:30:57Z,03344243-1c82-4fe4-9191-9d9bc9cc4d14,open,2.399
2026-09-09T13:30:57Z,51d4b662-a095-1aa0-e100-80009459e03a,open,2.389
2026-09-09T13:30:57Z,f3f3b1ad-72ef-424a-8237-96c84ef806af,open,2.459
2026-09-09T13:30:57Z,005056a9-779e-1eee-bfc4-26f2ed85158d,open,2.439
2026-09-09T13:30:57Z,9cc82fee-ffbf-4cf3-948a-9c5e494588a8,open,2.459
2026-09-09T13:30:57Z,515bab29-79a3-4a95-937b-3a13c7907955,open,2.459
2026-09-09T13:30:57Z,3d5d33e1-982e-4bd9-831c-7710f4b2bd72,open,2.439
2026-09-09T14:01:09Z,6cc0da1b-3d06-4abf-a2e9-3a4f67469658,open,2.449
2026-09-09T14:01:09Z,4c8cac28-e631-42aa-8206-db8f9acf8919,open,2.388
2026-09-09T14:01:09Z,0644af18-e91e-4f5c-b23b-ecee706482ce,open,2.419
2026-09-09T14:01:09Z,3bc75820-2e63-4a74-92cf-ef078b21accf,open,2.399
2026-09-09T14:01:09Z,4910a275-9695-403e-bb77-bf059a03713b,open,2.389
2026-09-09T14:01:09Z,ff84eb62-9c83-4c6a-b3e3-d7dad141e8d5,open,2.399
2026-09-09T14:01:09Z,51d4b52a-a095-1aa0-e100-80009459e03a,open,2.389
2026-09-09T14:01:09Z,f3f3b1ad-72ef-424a-8237-96c84ef806af,open,2.419
2026-09-09T14:01:09Z,005056a9-779e-1eee-bfc4-26f2ed85158d,open,2.389
2026-09-09T14:01:09Z,9cc82fee-ffbf-4cf3-948a-9c5e494588a8,open,2.419
2026-09-09T14:01:09Z,515bab29-79a3-4a95-937b-3a13c7907955,open,2.399
2026-09-09T14:01:09Z,3d5d33e1-982e-4bd9-831c-7710f4b2bd72,open,2.389
2026-09-09T14:30:57Z,0014c75b-2b35-4fad-b162-8b3fb9125cd2,open,2.399
2026-09-09T14:30:57Z,6cc0da1b-3d06-4abf-a2e9-3a4f67469658,open,2.409
2026-09-09T14:30:57Z,77d0b269-a3f2-4a90-aebb-264d45748583,open,2.409
2026-09-09T14:30:57Z,0644af18-e91e-4f5c-b23b-ecee706482ce,open,2.399
2026-09-09T14:30:57Z,23cb9e76-f277-4ab3-b64b-d5d8a71eee0a,open,2.409
2026-09-09T14:30:57Z,51d4b52a-a095-1aa0-e100-80009459e03a,open,2.379
2026-09-09T14:30:57Z,f3f3b1ad-72ef-424a-8237-96c84ef806af,open,2.389
2026-09-09T14:30:57Z,005056a9-779e-1eee-bfc4-26f2ed85158d,open,2.379
2026-09-09T14:30:57Z,9cc82fee-ffbf-4cf3-948a-9c5e494588a8,open,2.399
2026-09-09T14:30:57Z,515bab29-79a3-4a95-937b-3a13c7907955,open,2.389
2026-09-09T14:30:57Z,3d5d33e1-982e-4bd9-831c-7710f4b2bd72,open,2.379
2026-09-09T15:01:03Z,e1a15081-2513-9107-e040-0b0a3dfe563c,open,2.309
2026-09-09T15:01:03Z,6cc0da1b-3d06-4abf-a2e9-3a4f67469658,open,2.399
2026-09-09T15:01:03Z,4c8cac28-e631-42aa-8206-db8f9acf8919,open,2.308
2026-09-09T15:01:03Z,0644af18-e91e-4f5c-b23b-ecee706482ce,open,2.389
2026-09-09T15:01:03Z,4910a275-9695-403e-bb77-bf059a03713b,open,2.379
2026-09-09T15:01:03Z,51d4b52a-a095-1aa0-e100-80009459e03a,open,2.369
2026-09-09T15:01:03Z,005056ba-7cb6-1ed2-bceb-8b9067120d33,open,2.309
2026-09-09T15:01:03Z,03344243-1c82-4fe4-9191-9d9bc9cc4d14,open,2.309
2026-09-09T15:01:03Z,51d4b662-a095-1aa0-e100-80009459e03a,open,2.309
2026-09-09T15:01:03Z,9cc82fee-ffbf-4cf3-948a-9c5e494588a8,open,2.389
2026-09-09T15:30:56Z,e1a15081-2513-9107-e040-0b0a3dfe563c,open,2.299
2026-09-09T15:30:56Z,0014c75b-2b35-4fad-b162-8b3fb9125cd2,open,2.379
2026-09-09T15:30:56Z,6cc0da1b-3d06-4abf-a2e9-3a4f67469658,open,2.389
2026-09-09T15:30:56Z,4c8cac28-e631-42aa-8206-db8f9acf8919,open,2.298
2026-09-09T15:30:56Z,77d0b269-a3f2-4a90-aebb-264d45748583,open,2.399
2026-09-09T15:30:56Z,0644af18-e91e-4f5c-b23b-ecee706482ce,open,2.379
2026-09-09T15:30:56Z,3bc75820-2e63-4a74-92cf-ef078b21accf,open,2.319
2026-09-09T15:30:56Z,4910a275-9695-403e-bb77-bf059a03713b,open,2.299
2026-09-09T15:30:56Z,23cb9e76-f277-4ab3-b64b-d5d8a71eee0a,open,2.399
2026-09-09T15:30:56Z,ff84eb62-9c83-4c6a-b3e3-d7dad141e8d5,open,2.359
2026-09-09T15:30:56Z,51d4b52a-a095-1aa0-e100-80009459e03a,open,2.299
2026-09-09T15:30:56Z,005056ba-7cb6-1ed2-bceb-8b9067120d33,open,2.299
2026-09-09T15:30:56Z,695e738d-6386-4189-b454-af4a2947e89d,open,2.309
2026-09-09T15:30:56Z,51d4b662-a095-1aa0-e100-80009459e03a,open,2.299
2026-09-09T15:30:56Z,f3f3b1ad-72ef-424a-8237-96c84ef806af,open,2.379
2026-09-09T15:30:56Z,005056a9-779e-1eee-bfc4-26f2ed85158d,open,2.359
2026-09-09T15:30:56Z,9cc82fee-ffbf-4cf3-948a-9c5e494588a8,open,2.379
2026-09-09T15:30:56Z,515bab29-79a3-4a95-937b-3a13c7907955,open,2.379
2026-09-09T15:30:56Z,3d5d33e1-982e-4bd9-831c-7710f4b2bd72,open,2.359
2026-09-09T16:01:02Z,0644af18-e91e-4f5c-b23b-ecee706482ce,open,2.339
2026-09-09T16:01:02Z,3bc75820-2e63-4a74-92cf-ef078b21accf,open,2.309
2026-09-09T16:01:02Z,ff84eb62-9c83-4c6a-b3e3-d7dad141e8d5,open,2.319
2026-09-09T16:01:02Z,51d4b52a-a095-1aa0-e100-80009459e03a,open,2.289
2026-09-09T16:01:02Z,f3f3b1ad-72ef-424a-8237-96c84ef806af,open,2.339
2026-09-09T16:01:02Z,005056a9-779e-1eee-bfc4-26f2ed85158d,open,2.299
2026-09-09T16:01:02Z,9cc82fee-ffbf-4cf3-948a-9c5e494588a8,open,2.339
2026-09-09T16:01:02Z,515bab29-79a3-4a95-937b-3a13c7907955,open,2.309
2026-09-09T16:01:02Z,3d5d33e1-982e-4bd9-831c-7710f4b2bd72,open,2.329
2026-09-09T16:31:26Z,0014c75b-2b35-4fad-b162-8b3fb9125cd2,open,2.309
2026-09-09T16:31:26Z,6cc0da1b-3d06-4abf-a2e9-3a4f67469658,open,2.329
2026-09-09T16:31:26Z,77d0b269-a3f2-4a90-aebb-264d45748583,open,2.329
2026-09-09T16:31:26Z,0644af18-e91e-4f5c-b23b-ecee706482ce,open,2.329
2026-09-09T16:31:26Z,23cb9e76-f277-4ab3-b64b-d5d8a71eee0a,open,2.329
2026-09-09T16:31:26Z,ff84eb62-9c83-4c6a-b3e3-d7dad141e8d5,open,2.309
2026-09-09T16:31:26Z,51d4b52a-a095-1aa0-e100-80009459e03a,open,2.279
2026-09-09T16:31:26Z,f3f3b1ad-72ef-424a-8237-96c84ef806af,open,2.299
2026-09-09T16:31:26Z,005056a9-779e-1eee-bfc4-26f2ed85158d,open,2.289
2026-09-09T16:31:26Z,515bab29-79a3-4a95-937b-3a13c7907955,open,2.299
2026-09-09T16:31:26Z,3d5d33e1-982e-4bd9-831c-7710f4b2bd72,open,2.319
2026-09-09T17:01:04Z,f3f3b1ad-72ef-424a-8237-96c84ef806af,open,2.289
2026-09-09T17:01:04Z,005056a9-779e-1eee-bfc4-26f2ed85158d,open,2.279
2026-09-09T17:01:04Z,515bab29-79a3-4a95-937b-3a13c7907955,open,2.289
2026-09-09T17:30:54Z,0014c75b-2b35-4fad-b162-8b3fb9125cd2,open,2.289
2026-09-09T17:30:54Z,6cc0da1b-3d06-4abf-a2e9-3a4f67469658,open,2.309
2026-09-09T17:30:54Z,77d0b269-a3f2-4a90-aebb-264d45748583,open,2.309
2026-09-09T17:30:54Z,0644af18-e91e-4f5c-b23b-ecee706482ce,open,2.309
2026-09-09T17:30:54Z,23cb9e76-f277-4ab3-b64b-d5d8a71eee0a,open,2.309
2026-09-09T19:01:00Z,0644af18-e91e-4f5c-b23b-ecee706482ce,closed,
2026-09-09T20:01:01Z,e1a15081-2513-9107-e040-0b0a3dfe563c,closed,
2026-09-09T20:01:01Z,4c8cac28-e631-42aa-8206-db8f9acf8919,closed,
2026-09-09T20:01:01Z,3bc75820-2e63-4a74-92cf-ef078b21accf,closed,
2026-09-09T20:01:01Z,4910a275-9695-403e-bb77-bf059a03713b,closed,
2026-09-09T20:01:01Z,51d4b662-a095-1aa0-e100-80009459e03a,closed,
2026-09-09T20:01:01Z,515bab29-79a3-4a95-937b-3a13c7907955,closed,
2026-09-09T21:01:00Z,51d4b52a-a095-1aa0-e100-80009459e03a,closed,
2026-09-09T21:01:00Z,005056ba-7cb6-1ed2-bceb-8b9067120d33,closed,
2026-09-10T03:01:00Z,4c8cac28-e631-42aa-8206-db8f9acf8919,open,2.298
2026-09-10T03:01:00Z,51d4b52a-a095-1aa0-e100-80009459e03a,open,2.279
2026-09-10T03:01:00Z,005056ba-7cb6-1ed2-bceb-8b9067120d33,open,2.299
2026-09-10T04:01:04Z,e1a15081-2513-9107-e040-0b0a3dfe563c,open,2.299
2026-09-10T04:01:04Z,0644af18-e91e-4f5c-b23b-ecee706482ce,open,2.309
2026-09-10T04:01:04Z,4910a275-9695-403e-bb77-bf059a03713b,open,2.299
2026-09-10T04:01:04Z,51d4b662-a095-1aa0-e100-80009459e03a,open,2.299
2026-09-10T04:01:04Z,515bab29-79a3-4a95-937b-3a13c7907955,open,2.289
2026-09-10T04:30:50Z,3d5d33e1-982e-4bd9-831c-7710f4b2bd72,open,2.299
2026-09-10T05:01:00Z,3bc75820-2e63-4a74-92cf-ef078b21accf,open,2.309
2026-09-10T05:30:51Z,9cc82fee-ffbf-4cf3-948a-9c5e494588a8,open,2.309
2026-09-10T07:30:52Z,3d5d33e1-982e-4bd9-831c-7710f4b2bd72,open,2.279
2026-09-10T10:30:52Z,ff84eb62-9c83-4c6a-b3e3-d7dad141e8d5,open,2.539
2026-09-10T10:30:52Z,e1a15081-2513-9107-e040-0b0a3dfe563c,open,2.519
2026-09-10T10:30:52Z,0014c75b-2b35-4fad-b162-8b3fb9125cd2,open,2.509
2026-09-10T10:30:52Z,6cc0da1b-3d06-4abf-a2e9-3a4f67469658,open,2.489
2026-09-10T10:30:52Z,4c8cac28-e631-42aa-8206-db8f9acf8919,open,2.648
2026-09-10T10:30:52Z,77d0b269-a3f2-4a90-aebb-264d45748583,open,2.509
2026-09-10T10:30:52Z,3bc75820-2e63-4a74-92cf-ef078b21accf,open,2.529
2026-09-10T10:30:52Z,23cb9e76-f277-4ab3-b64b-d5d8a71eee0a,open,2.509
2026-09-10T10:30:52Z,0644af18-e91e-4f5c-b23b-ecee706482ce,open,2.489
2026-09-10T10:30:52Z,4910a275-9695-403e-bb77-bf059a03713b,open,2.489
2026-09-10T10:30:52Z,005056a9-779e-1eee-bfc4-26f2ed85158d,open,2.499
2026-09-10T10:30:52Z,51d4b52a-a095-1aa0-e100-80009459e03a,open,2.479
2026-09-10T10:30:52Z,005056ba-7cb6-1ed2-bceb-8b9067120d33,open,2.479
2026-09-10T10:30:52Z,695e738d-6386-4189-b454-af4a2947e89d,open,2.489
2026-09-10T10:30:52Z,03344243-1c82-4fe4-9191-9d9bc9cc4d14,open,2.529
2026-09-10T10:30:52Z,51d4b662-a095-1aa0-e100-80009459e03a,open,2.479
2026-09-10T10:30:52Z,f3f3b1ad-72ef-424a-8237-96c84ef806af,open,2.539
2026-09-10T10:30:52Z,9cc82fee-ffbf-4cf3-948a-9c5e494588a8,open,2.579
2026-09-10T10:30:52Z,515bab29-79a3-4a95-937b-3a13c7907955,open,2.529
2026-09-10T10:30:52Z,3d5d33e1-982e-4bd9-831c-7710f4b2bd72,open,2.499
2026-09-10T11:01:03Z,e1a15081-2513-9107-e040-0b0a3dfe563c,open,2.479
2026-09-10T11:01:03Z,4c8cac28-e631-42aa-8206-db8f9acf8919,open,2.478
2026-09-10T11:01:03Z,3bc75820-2e63-4a74-92cf-ef078b21accf,open,2.489
2026-09-10T11:01:03Z,4910a275-9695-403e-bb77-bf059a03713b,open,2.479
2026-09-10T11:01:03Z,005056a9-779e-1eee-bfc4-26f2ed85158d,open,2.479
2026-09-10T11:01:03Z,03344243-1c82-4fe4-9191-9d9bc9cc4d14,open,2.489
2026-09-10T11:01:03Z,9cc82fee-ffbf-4cf3-948a-9c5e494588a8,open,2.499
2026-09-10T11:01:03Z,515bab29-79a3-4a95-937b-3a13c7907955,open,2.489
2026-09-10T11:11:37Z,f3f3b1ad-72ef-424a-8237-96c84ef806af,open,2.499
2026-09-10T11:11:37Z,3d5d33e1-982e-4bd9-831c-7710f4b2bd72,open,2.479
2026-09-10T11:30:58Z,ff84eb62-9c83-4c6a-b3e3-d7dad141e8d5,open,2.499
2026-09-10T11:30:58Z,0014c75b-2b35-4fad-b162-8b3fb9125cd2,open,2.489
2026-09-10T11:30:58Z,77d0b269-a3f2-4a90-aebb-264d45748583,open,2.489
2026-09-10T11:30:58Z,23cb9e76-f277-4ab3-b64b-d5d8a71eee0a,open,2.489
2026-09-10T11:30:58Z,51d4b52a-a095-1aa0-e100-80009459e03a,open,2.469
2026-09-10T11:30:58Z,f3f3b1ad-72ef-424a-8237-96c84ef806af,open,2.489
2026-09-10T12:01:03Z,ff84eb62-9c83-4c6a-b3e3-d7dad141e8d5,open,2.489
2026-09-10T12:01:03Z,0014c75b-2b35-4fad-b162-8b3fb9125cd2,open,2.479
2026-09-10T12:01:03Z,0644af18-e91e-4f5c-b23b-ecee706482ce,open,2.479
2026-09-10T12:01:03Z,4910a275-9695-403e-bb77-bf059a03713b,open,2.469
2026-09-10T12:01:03Z,005056a9-779e-1eee-bfc4-26f2ed85158d,open,2.469
2026-09-10T12:01:03Z,f3f3b1ad-72ef-424a-8237-96c84ef806af,open,2.479
2026-09-10T12:01:03Z,9cc82fee-ffbf-4cf3-948a-9c5e494588a8,open,2.479
2026-09-10T12:01:03Z,515bab29-79a3-4a95-937b-3a13c7907955,open,2.479
2026-09-10T12:01:03Z,3d5d33e1-982e-4bd9-831c-7710f4b2bd72,open,2.469
2026-09-10T12:30:54Z,ff84eb62-9c83-4c6a-b3e3-d7dad141e8d5,open,2.479
2026-09-10T12:30:54Z,0014c75b-2b35-4fad-b162-8b3fb9125cd2,open,2.469
2026-09-10T12:30:54Z,6cc0da1b-3d06-4abf-a2e9-3a4f67469658,open,2.479
2026-09-10T12:30:54Z,3bc75820-2e63-4a74-92cf-ef078b21accf,open,2.479
2026-09-10T12:30:54Z,0644af18-e91e-4f5c-b23b-ecee706482ce,open,2.469
2026-09-10T12:30:54Z,4910a275-9695-403e-bb77-bf059a03713b,open,2.459
2026-09-10T12:30:54Z,005056a9-779e-1eee-bfc4-26f2ed85158d,open,2.459
2026-09-10T12:30:54Z,51d4b52a-a095-1aa0-e100-80009459e03a,open,2.459
2026-09-10T12:30:54Z,51d4b662-a095-1aa0-e100-80009459e03a,open,2.469
2026-09-10T12:30:54Z,f3f3b1ad-72ef-424a-8237-96c84ef806af,open,2.469
2026-09-10T12:30:54Z,515bab29-79a3-4a95-937b-3a13c7907955,open,2.469
2026-09-10T12:30:54Z,3d5d33e1-982e-4bd9-831c-7710f4b2bd72,open,2.459
2026-09-10T13:01:08Z,ff84eb62-9c83-4c6a-b3e3-d7dad141e8d5,open,2.469
2026-09-10T13:01:08Z,e1a15081-2513-9107-e040-0b0a3dfe563c,open,2.399
2026-09-10T13:01:08Z,4c8cac28-e631-42aa-8206-db8f9acf8919,open,2.398
2026-09-10T13:01:08Z,77d0b269-a3f2-4a90-aebb-264d45748583,open,2.479
2026-09-10T13:01:08Z,3bc75820-2e63-4a74-92cf-ef078b21accf,open,2.469
2026-09-10T13:01:08Z,23cb9e76-f277-4ab3-b64b-d5d8a71eee0a,open,2.479
2026-09-10T13:01:08Z,0644af18-e91e-4f5c-b23b-ecee706482ce,open,2.459
2026-09-10T13:01:08Z,51d4b52a-a095-1aa0-e100-80009459e03a,open,2.449
2026-09-10T13:01:08Z,005056ba-7cb6-1ed2-bceb-8b9067120d33,open,2.399
2026-09-10T13:01:08Z,695e738d-6386-4189-b454-af4a2947e89d,open,2.479
2026-09-10T13:01:08Z,03344243-1c82-4fe4-9191-9d9bc9cc4d14,open,2.399
2026-09-10T13:01:08Z,51d4b662-a095-1aa0-e100-80009459e03a,open,2.399
2026-09-10T13:01:08Z,9cc82fee-ffbf-4cf3-948a-9c5e494588a8,open,2.469
2026-09-10T13:30:52Z,ff84eb62-9c83-4c6a-b3e3-d7dad141e8d5,open,2.429
2026-09-10T13:30:52Z,e1a15081-2513-9107-e040-0b0a3dfe563c,open,2.389
2026-09-10T13:30:52Z,0014c75b-2b35-4fad-b162-8b3fb9125cd2,open,2.459
2026-09-10T13:30:52Z,6cc0da1b-3d06-4abf-a2e9-3a4f67469658,open,2.469
2026-09-10T13:30:52Z,4c8cac28-e631-42aa-8206-db8f9acf8919,open,2.388
2026-09-10T13:30:52Z,77d0b269-a3f2-4a90-aebb-264d45748583,open,2.469
2026-09-10T13:30:52Z,3bc75820-2e63-4a74-92cf-ef078b21accf,open,2.409
2026-09-10T13:30:52Z,23cb9e76-f277-4ab3-b64b-d5d8a71eee0a,open,2.469
2026-09-10T13:30:52Z,0644af18-e91e-4f5c-b23b-ecee706482ce,open,2.449
2026-09-10T13:30:52Z,4910a275-9695-403e-bb77-bf059a03713b,open,2.389
2026-09-10T13:30:52Z,005056a9-779e-1eee-bfc4-26f2ed85158d,open,2.449
2026-09-10T13:30:52Z,51d4b52a-a095-1aa0-e100-80009459e03a,open,2.389
2026-09-10T13:30:52Z,005056ba-7cb6-1ed2-bceb-8b9067120d33,open,2.389
2026-09-10T13:30:52Z,695e738d-6386-4189-b454-af4a2947e89d,open,2.399
2026-09-10T13:30:52Z,51d4b662-a095-1aa0-e100-80009459e03a,open,2.389
2026-09-10T13:30:52Z,f3f3b1ad-72ef-424a-8237-96c84ef806af,open,2.459
2026-09-10T13:30:52Z,9cc82fee-ffbf-4cf3-948a-9c5e494588a8,open,2.459
2026-09-10T13:30:52Z,515bab29-79a3-4a95-937b-3a13c7907955,open,2.459
2026-09-10T13:30:52Z,3d5d33e1-982e-4bd9-831c-7710f4b2bd72,open,2.449
2026-09-10T14:00:59Z,ff84eb62-9c83-4c6a-b3e3-d7dad141e8d5,open,2.399
2026-09-10T14:00:59Z,e1a15081-2513-9107-e040-0b0a3dfe563c,open,2.379
2026-09-10T14:00:59Z,6cc0da1b-3d06-4abf-a2e9-3a4f67469658,open,2.459
2026-09-10T14:00:59Z,4c8cac28-e631-42aa-8206-db8f9acf8919,open,2.378
2026-09-10T14:00:59Z,3bc75820-2e63-4a74-92cf-ef078b21accf,open,2.399
2026-09-10T14:00:59Z,0644af18-e91e-4f5c-b23b-ecee706482ce,open,2.419
2026-09-10T14:00:59Z,005056a9-779e-1eee-bfc4-26f2ed85158d,open,2.389
2026-09-10T14:00:59Z,51d4b52a-a095-1aa0-e100-80009459e03a,open,2.379
2026-09-10T14:00:59Z,005056ba-7cb6-1ed2-bceb-8b9067120d33,open,2.379
2026-09-10T14:00:59Z,03344243-1c82-4fe4-9191-9d9bc9cc4d14,open,2.379
2026-09-10T14:00:59Z,51d4b662-a095-1aa0-e100-80009459e03a,open,2.379
2026-09-10T14:00:59Z,f3f3b1ad-72ef-424a-8237-96c84ef806af,open,2.419
2026-09-10T14:00:59Z,9cc82fee-ffbf-4cf3-948a-9c5e494588a8,open,2.419
2026-09-10T14:00:59Z,515bab29-79a3-4a95-937b-3a13c7907955,open,2.399
2026-09-10T14:00:59Z,3d5d33e1-982e-4bd9-831c-7710f4b2bd72,open,2.389
2026-09-10T14:30:55Z,ff84eb62-9c83-4c6a-b3e3-d7dad141e8d5,open,2.379
2026-09-10T14:30:55Z,e1a15081-2513-9107-e040-0b0a3dfe563c,open,2.369
2026-09-10T14:30:55Z,0014c75b-2b35-4fad-b162-8b3fb9125cd2,open,2.399
2026-09-10T14:30:55Z,6cc0da1b-3d06-4abf-a2e9-3a4f67469658,open,2.399
2026-09-10T14:30:55Z,4c8cac28-e631-42aa-8206-db8f9acf8919,open,2.368
2026-09-10T14:30:55Z,77d0b269-a3f2-4a90-aebb-264d45748583,open,2.399
2026-09-10T14:30:55Z,3bc75820-2e63-4a74-92cf-ef078b21accf,open,2.389
2026-09-10T14:30:55Z,23cb9e76-f277-4ab3-b64b-d5d8a71eee0a,open,2.399
2026-09-10T14:30:55Z,0644af18-e91e-4f5c-b23b-ecee706482ce,open,2.389
2026-09-10T14:30:55Z,4910a275-9695-403e-bb77-bf059a03713b,open,2.369
2026-09-10T14:30:55Z,005056a9-779e-1eee-bfc4-26f2ed85158d,open,2.369
2026-09-10T14:30:55Z,51d4b52a-a095-1aa0-e100-80009459e03a,open,2.369
2026-09-10T14:30:55Z,005056ba-7cb6-1ed2-bceb-8b9067120d33,open,2.369
2026-09-10T14:30:55Z,695e738d-6386-4189-b454-af4a2947e89d,open,2.379
2026-09-10T14:30:55Z,51d4b662-a095-1aa0-e100-80009459e03a,open,2.369
2026-09-10T14:30:55Z,f3f3b1ad-72ef-424a-8237-96c84ef806af,open,2.389
2026-09-10T14:30:55Z,9cc82fee-ffbf-4cf3-948a-9c5e494588a8,open,2.399
2026-09-10T14:30:55Z,515bab29-79a3-4a95-937b-3a13c7907955,open,2.389
2026-09-10T14:30:55Z,3d5d33e1-982e-4bd9-831c-7710f4b2bd72,open,2.379
2026-09-10T15:00:58Z,e1a15081-2513-9107-e040-0b0a3dfe563c,open,2.359
2026-09-10T15:00:58Z,4c8cac28-e631-42aa-8206-db8f9acf8919,open,2.358
2026-09-10T15:00:58Z,3bc75820-2e63-4a74-92cf-ef078b21accf,open,2.379
2026-09-10T15:00:58Z,0644af18-e91e-4f5c-b23b-ecee706482ce,open,2.379
2026-09-10T15:00:58Z,51d4b52a-a095-1aa0-e100-80009459e03a,open,2.359
2026-09-10T15:00:58Z,005056ba-7cb6-1ed2-bceb-8b9067120d33,open,2.359
2026-09-10T15:00:58Z,51d4b662-a095-1aa0-e100-80009459e03a,open,2.359
2026-09-10T15:00:58Z,f3f3b1ad-72ef-424a-8237-96c84ef806af,open,2.379
2026-09-10T15:00:58Z,9cc82fee-ffbf-4cf3-948a-9c5e494588a8,open,2.379
2026-09-10T15:00:58Z,515bab29-79a3-4a95-937b-3a13c7907955,open,2.379
2026-09-10T15:00:58Z,3d5d33e1-982e-4bd9-831c-7710f4b2bd72,open,2.369
2026-09-10T15:30:52Z,ff84eb62-9c83-4c6a-b3e3-d7dad141e8d5,open,2.369
2026-09-10T15:30:52Z,e1a15081-2513-9107-e040-0b0a3dfe563c,open,2.349
2026-09-10T15:30:52Z,0014c75b-2b35-4fad-b162-8b3fb9125cd2,open,2.379
2026-09-10T15:30:52Z,6cc0da1b-3d06-4abf-a2e9-3a4f67469658,open,2.379
2026-09-10T15:30:52Z,4c8cac28-e631-42aa-8206-db8f9acf8919,open,2.348
2026-09-10T15:30:52Z,77d0b269-a3f2-4a90-aebb-264d45748583,open,2.379
2026-09-10T15:30:52Z,3bc75820-2e63-4a74-92cf-ef078b21accf,open,2.359
2026-09-10T15:30:52Z,23cb9e76-f277-4ab3-b64b-d5d8a71eee0a,open,2.369
2026-09-10T15:30:52Z,4910a275-9695-403e-bb77-bf059a03713b,open,2.349
2026-09-10T15:30:52Z,005056a9-779e-1eee-bfc4-26f2ed85158d,open,2.359
2026-09-10T15:30:52Z,51d4b52a-a095-1aa0-e100-80009459e03a,open,2.349
2026-09-10T15:30:52Z,005056ba-7cb6-1ed2-bceb-8b9067120d33,open,2.339
2026-09-10T15:30:52Z,695e738d-6386-4189-b454-af4a2947e89d,open,2.359
2026-09-10T15:30:52Z,03344243-1c82-4fe4-9191-9d9bc9cc4d14,open,2.359
2026-09-10T15:30:52Z,51d4b662-a095-1aa0-e100-80009459e03a,open,2.349
2026-09-10T15:30:52Z,f3f3b1ad-72ef-424a-8237-96c84ef806af,open,2.369
2026-09-10T15:30:52Z,515bab29-79a3-4a95-937b-3a13c7907955,open,2.369
2026-09-10T15:30:52Z,3d5d33e1-982e-4bd9-831c-7710f4b2bd72,open,2.359
2026-09-10T16:01:06Z,ff84eb62-9c83-4c6a-b3e3-d7dad141e8d5,open,2.359
2026-09-10T16:01:06Z,e1a15081-2513-9107-e040-0b0a3dfe563c,open,2.339
2026-09-10T16:01:06Z,4c8cac28-e631-42aa-8206-db8f9acf8919,open,2.328
2026-09-10T16:01:06Z,3bc75820-2e63-4a74-92cf-ef078b21accf,open,2.349
2026-09-10T16:01:06Z,0644af18-e91e-4f5c-b23b-ecee706482ce,open,2.359
2026-09-10T16:01:06Z,4910a275-9695-403e-bb77-bf059a03713b,open,2.339
2026-09-10T16:01:06Z,005056a9-779e-1eee-bfc4-26f2ed85158d,open,2.349
2026-09-10T16:01:06Z,51d4b52a-a095-1aa0-e100-80009459e03a,open,2.339
2026-09-10T16:01:06Z,005056ba-7cb6-1ed2-bceb-8b9067120d33,open,2.329
2026-09-10T16:01:06Z,695e738d-6386-4189-b454-af4a2947e89d,open,2.349
2026-09-10T16:01:06Z,03344243-1c82-4fe4-9191-9d9bc9cc4d14,open,2.349
2026-09-10T16:01:06Z,51d4b662-a095-1aa0-e100-80009459e03a,open,2.329
2026-09-10T16:01:06Z,f3f3b1ad-72ef-424a-8237-96c84ef806af,open,2.359
2026-09-10T16:01:06Z,9cc82fee-ffbf-4cf3-948a-9c5e494588a8,open,2.359
2026-09-10T16:01:06Z,515bab29-79a3-4a95-937b-3a13c7907955,open,2.359
2026-09-10T16:01:06Z,3d5d33e1-982e-4bd9-831c-7710f4b2bd72,open,2.349
2026-09-10T16:20:23Z,e1a15081-2513-9107-e040-0b0a3dfe563c,open,2.329
2026-09-10T16:20:23Z,0014c75b-2b35-4fad-b162-8b3fb9125cd2,open,2.359
2026-09-10T16:20:23Z,6cc0da1b-3d06-4abf-a2e9-3a4f67469658,open,2.369
2026-09-10T16:20:23Z,77d0b269-a3f2-4a90-aebb-264d45748583,open,2.359
2026-09-10T16:20:23Z,3bc75820-2e63-4a74-92cf-ef078b21accf,open,2.339
2026-09-10T16:20:23Z,23cb9e76-f277-4ab3-b64b-d5d8a71eee0a,open,2.349
2026-09-10T16:20:23Z,4910a275-9695-403e-bb77-bf059a03713b,open,2.329
2026-09-10T16:20:23Z,005056a9-779e-1eee-bfc4-26f2ed85158d,open,2.329
2026-09-10T16:20:23Z,695e738d-6386-4189-b454-af4a2947e89d,open,2.339
2026-09-10T16:20:23Z,03344243-1c82-4fe4-9191-9d9bc9cc4d14,open,2.339
2026-09-10T16:20:23Z,515bab29-79a3-4a95-937b-3a13c7907955,open,2.349
2026-09-10T16:20:23Z,3d5d33e1-982e-4bd9-831c-7710f4b2bd72,open,2.329
2026-09-10T16:30:51Z,ff84eb62-9c83-4c6a-b3e3-d7dad141e8d5,open,2.339
2026-09-10T16:30:51Z,6cc0da1b-3d06-4abf-a2e9-3a4f67469658,open,2.359
2026-09-10T16:30:51Z,f3f3b1ad-72ef-424a-8237-96c84ef806af,open,2.349
2026-09-10T17:01:02Z,0644af18-e91e-4f5c-b23b-ecee706482ce,open,2.349
2026-09-10T17:01:02Z,51d4b52a-a095-1aa0-e100-80009459e03a,open,2.329
2026-09-10T17:01:02Z,9cc82fee-ffbf-4cf3-948a-9c5e494588a8,open,2.349
2026-09-10T17:01:02Z,515bab29-79a3-4a95-937b-3a13c7907955,open,2.339
2026-09-10T17:30:58Z,0014c75b-2b35-4fad-b162-8b3fb9125cd2,open,2.339
2026-09-10T17:30:58Z,6cc0da1b-3d06-4abf-a2e9-3a4f67469658,open,2.339
2026-09-10T17:30:58Z,77d0b269-a3f2-4a90-aebb-264d45748583,open,2.339
2026-09-10T17:30:58Z,23cb9e76-f277-4ab3-b64b-d5d8a71eee0a,open,2.339
2026-09-10T17:30:58Z,0644af18-e91e-4f5c-b23b-ecee706482ce,open,2.339
2026-09-10T17:30:58Z,005056a9-779e-1eee-bfc4-26f2ed85158d,open,2.319
2026-09-10T17:30:58Z,51d4b52a-a095-1aa0-e100-80009459e03a,open,2.319
2026-09-10T17:30:58Z,f3f3b1ad-72ef-424a-8237-96c84ef806af,open,2.339
2026-09-10T17:30:58Z,9cc82fee-ffbf-4cf3-948a-9c5e494588a8,open,2.339
2026-09-10T17:30:58Z,515bab29-79a3-4a95-937b-3a13c7907955,open,2.329
2026-09-10T17:30:58Z,3d5d33e1-982e-4bd9-831c-7710f4b2bd72,open,2.319
2026-09-10T18:01:03Z,0644af18-e91e-4f5c-b23b-ecee706482ce,open,2.329
2026-09-10T18:01:03Z,51d4b52a-a095-1aa0-e100-80009459e03a,open,2.309
2026-09-10T18:01:03Z,f3f3b1ad-72ef-424a-8237-96c84ef806af,open,2.329
2026-09-10T18:01:03Z,9cc82fee-ffbf-4cf3-948a-9c5e494588a8,open,2.329
2026-09-10T18:01:03Z,515bab29-79a3-4a95-937b-3a13c7907955,open,2.319
2026-09-10T18:30:59Z,0014c75b-2b35-4fad-b162-8b3fb9125cd2,open,2.329
2026-09-10T18:30:59Z,4910a275-9695-403e-bb77-bf059a03713b,open,2.319
2026-09-10T18:30:59Z,005056a9-779e-1eee-bfc4-26f2ed85158d,open,2.309
2026-09-10T18:30:59Z,3d5d33e1-982e-4bd9-831c-7710f4b2bd72,open,2.309
2026-09-10T19:01:05Z,ff84eb62-9c83-4c6a-b3e3-d7dad141e8d5,open,2.329
2026-09-10T19:01:05Z,3bc75820-2e63-4a74-92cf-ef078b21accf,open,2.329
2026-09-10T19:01:05Z,0644af18-e91e-4f5c-b23b-ecee706482ce,closed,
2026-09-10T19:01:05Z,51d4b52a-a095-1aa0-e100-80009459e03a,open,2.299
2026-09-10T19:01:05Z,51d4b662-a095-1aa0-e100-80009459e03a,open,2.319
2026-09-10T19:01:05Z,515bab29-79a3-4a95-937b-3a13c7907955,open,2.309
2026-09-10T19:30:49Z,e1a15081-2513-9107-e040-0b0a3dfe563c,open,2.319
2026-09-10T19:30:49Z,4c8cac28-e631-42aa-8206-db8f9acf8919,open,2.318
2026-09-10T19:30:49Z,005056a9-779e-1eee-bfc4-26f2ed85158d,open,2.299
2026-09-10T19:30:49Z,005056ba-7cb6-1ed2-bceb-8b9067120d33,open,2.319
2026-09-10T19:30:49Z,695e738d-6386-4189-b454-af4a2947e89d,open,2.329
2026-09-10T19:30:49Z,03344243-1c82-4fe4-9191-9d9bc9cc4d14,open,2.329
2026-09-10T19:30:49Z,f3f3b1ad-72ef-424a-8237-96c84ef806af,open,2.309
2026-09-10T20:01:11Z,e1a15081-2513-9107-e040-0b0a3dfe563c,closed,
2026-09-10T20:01:11Z,4c8cac28-e631-42aa-8206-db8f9acf8919,closed,
2026-09-10T20:01:11Z,3bc75820-2e63-4a74-92cf-ef078b21accf,closed,
2026-09-10T20:01:11Z,4910a275-9695-403e-bb77-bf059a03713b,closed,
2026-09-10T20:01:11Z,51d4b662-a095-1aa0-e100-80009459e03a,closed,
2026-09-10T20:01:11Z,515bab29-79a3-4a95-937b-3a13c7907955,closed,
2026-09-10T21:01:04Z,51d4b52a-a095-1aa0-e100-80009459e03a,closed,
2026-09-10T21:01:04Z,005056ba-7cb6-1ed2-bceb-8b9067120d33,closed,
2026-09-11T03:00:58Z,4c8cac28-e631-42aa-8206-db8f9acf8919,open,2.318
2026-09-11T03:00:58Z,51d4b52a-a095-1aa0-e100-80009459e03a,open,2.299
2026-09-11T03:00:58Z,005056ba-7cb6-1ed2-bceb-8b9067120d33,open,2.319
2026-09-11T04:01:04Z,e1a15081-2513-9107-e040-0b0a3dfe563c,open,2.319
2026-09-11T04:01:04Z,0644af18-e91e-4f5c-b23b-ecee706482ce,open,2.329
2026-09-11T04:01:04Z,4910a275-9695-403e-bb77-bf059a03713b,open,2.319
2026-09-11T04:01:04Z,51d4b662-a095-1aa0-e100-80009459e03a,open,2.319
2026-09-11T04:01:04Z,515bab29-79a3-4a95-937b-3a13c7907955,open,2.309
2026-09-11T04:30:56Z,3d5d33e1-982e-4bd9-831c-7710f4b2bd72,open,2.299
2026-09-11T05:01:06Z,3bc75820-2e63-4a74-92cf-ef078b21accf,open,2.329
2026-09-11T05:30:53Z,6cc0da1b-3d06-4abf-a2e9-3a4f67469658,open,2.319
2026-09-11T05:30:53Z,0644af18-e91e-4f5c-b23b-ecee706482ce,open,2.309
2026-09-11T05:30:53Z,4910a275-9695-403e-bb77-bf059a03713b,open,2.299
2026-09-11T05:30:53Z,9cc82fee-ffbf-4cf3-948a-9c5e494588a8,open,2.309
2026-09-11T06:01:04Z,0014c75b-2b35-4fad-b162-8b3fb9125cd2,open,2.309
2026-09-11T06:01:04Z,77d0b269-a3f2-4a90-aebb-264d45748583,open,2.319
2026-09-11T06:01:04Z,3bc75820-2e63-4a74-92cf-ef078b21accf,open,2.309
2026-09-11T06:30:54Z,e1a15081-2513-9107-e040-0b0a3dfe563c,open,2.309
2026-09-11T06:30:54Z,695e738d-6386-4189-b454-af4a2947e89d,open,2.319
2026-09-11T06:30:54Z,03344243-1c82-4fe4-9191-9d9bc9cc4d14,open,2.319
2026-09-11T06:30:54Z,51d4b662-a095-1aa0-e100-80009459e03a,open,2.309
2026-09-11T07:01:09Z,23cb9e76-f277-4ab3-b64b-d5d8a71eee0a,open,2.329
2026-09-11T10:31:00Z,ff84eb62-9c83-4c6a-b3e3-d7dad141e8d5,open,2.539
2026-09-11T10:31:00Z,e1a15081-2513-9107-e040-0b0a3dfe563c,open,2.559
2026-09-11T10:31:00Z,0014c75b-2b35-4fad-b162-8b3fb9125cd2,open,2.569
2026-09-11T10:31:00Z,6cc0da1b-3d06-4abf-a2e9-3a4f67469658,open,2.529
2026-09-11T10:31:00Z,4c8cac28-e631-42aa-8206-db8f9acf8919,open,2.668
2026-09-11T10:31:00Z,77d0b269-a3f2-4a90-aebb-264d45748583,open,2.569
2026-09-11T10:31:00Z,3bc75820-2e63-4a74-92cf-ef078b21accf,open,2.569
2026-09-11T10:31:00Z,23cb9e76-f277-4ab3-b64b-d5d8a71eee0a,open,2.569
2026-09-11T10:31:00Z,0644af18-e91e-4f5c-b23b-ecee706482ce,open,2.519
2026-09-11T10:31:00Z,4910a275-9695-403e-bb77-bf059a03713b,open,2.539
2026-09-11T10:31:00Z,005056a9-779e-1eee-bfc4-26f2ed85158d,open,2.539
2026-09-11T10:31:00Z,51d4b52a-a095-1aa0-e100-80009459e03a,open,2.519
2026-09-11T10:31:00Z,005056ba-7cb6-1ed2-bceb-8b9067120d33,open,2.519
2026-09-11T10:31:00Z,695e738d-6386-4189-b454-af4a2947e89d,open,2.529
2026-09-11T10:31:00Z,03344243-1c82-4fe4-9191-9d9bc9cc4d14,open,2.569
2026-09-11T10:31:00Z,51d4b662-a095-1aa0-e100-80009459e03a,open,2.519
2026-09-11T10:31:00Z,f3f3b1ad-72ef-424a-8237-96c84ef806af,open,2.539
2026-09-11T10:31:00Z,9cc82fee-ffbf-4cf3-948a-9c5e494588a8,open,2.639
2026-09-11T10:31:00Z,515bab29-79a3-4a95-937b-3a13c7907955,open,2.569
2026-09-11T10:31:00Z,3d5d33e1-982e-4bd9-831c-7710f4b2bd72,open,2.559
2026-09-11T11:01:03Z,4c8cac28-e631-42aa-8206-db8f9acf8919,open,2.518
2026-09-11T11:01:03Z,3bc75820-2e63-4a74-92cf-ef078b21accf,open,2.529
2026-09-11T11:01:03Z,4910a275-9695-403e-bb77-bf059a03713b,open,2.509
2026-09-11T11:01:03Z,e1a15081-2513-9107-e040-0b0a3dfe563c,open,2.519
2026-09-11T11:01:03Z,03344243-1c82-4fe4-9191-9d9bc9cc4d14,open,2.529
2026-09-11T11:01:03Z,9cc82fee-ffbf-4cf3-948a-9c5e494588a8,open,2.529
2026-09-11T11:01:03Z,515bab29-79a3-4a95-937b-3a13c7907955,open,2.529
2026-09-11T11:01:03Z,005056a9-779e-1eee-bfc4-26f2ed85158d,open,2.519
2026-09-11T11:12:24Z,3bc75820-2e63-4a74-92cf-ef078b21accf,open,2.519
2026-09-11T11:12:24Z,f3f3b1ad-72ef-424a-8237-96c84ef806af,open,2.529
2026-09-11T11:12:24Z,3d5d33e1-982e-4bd9-831c-7710f4b2bd72,open,2.519
2026-09-11T11:30:54Z,23cb9e76-f277-4ab3-b64b-d5d8a71eee0a,open,2.529
2026-09-11T11:30:54Z,ff84eb62-9c83-4c6a-b3e3-d7dad141e8d5,open,2.519
2026-09-11T11:30:54Z,0014c75b-2b35-4fad-b162-8b3fb9125cd2,open,2.529
2026-09-11T11:30:54Z,77d0b269-a3f2-4a90-aebb-264d45748583,open,2.529
2026-09-11T12:01:04Z,e1a15081-2513-9107-e040-0b0a3dfe563c,open,2.509
2026-09-11T12:01:04Z,0014c75b-2b35-4fad-b162-8b3fb9125cd2,open,2.519
2026-09-11T12:01:04Z,6cc0da1b-3d06-4abf-a2e9-3a4f67469658,open,2.519
2026-09-11T12:01:04Z,23cb9e76-f277-4ab3-b64b-d5d8a71eee0a,open,2.519
2026-09-11T12:01:04Z,4c8cac28-e631-42aa-8206-db8f9acf8919,open,2.508
2026-09-11T12:01:04Z,77d0b269-a3f2-4a90-aebb-264d45748583,open,2.519
2026-09-11T12:01:04Z,51d4b52a-a095-1aa0-e100-80009459e03a,open,2.509
2026-09-11T12:01:04Z,005056ba-7cb6-1ed2-bceb-8b9067120d33,open,2.509
2026-09-11T12:01:04Z,695e738d-6386-4189-b454-af4a2947e89d,open,2.519
2026-09-11T12:01:04Z,03344243-1c82-4fe4-9191-9d9bc9cc4d14,open,2.519
2026-09-11T12:01:04Z,51d4b662-a095-1aa0-e100-80009459e03a,open,2.509
2026-09-11T12:01:04Z,9cc82fee-ffbf-4cf3-948a-9c5e494588a8,open,2.519
2026-09-11T12:01:04Z,515bab29-79a3-4a95-937b-3a13c7907955,open,2.519
2026-09-11T12:01:04Z,3d5d33e1-982e-4bd9-831c-7710f4b2bd72,open,2.509
2026-09-11T12:01:04Z,005056a9-779e-1eee-bfc4-26f2ed85158d,open,2.509
2026-09-11T12:01:04Z,f3f3b1ad-72ef-424a-8237-96c84ef806af,open,2.519
2026-09-11T12:30:54Z,e1a15081-2513-9107-e040-0b0a3dfe563c,open,2.499
2026-09-11T12:30:54Z,0014c75b-2b35-4fad-b162-8b3fb9125cd2,open,2.509
2026-09-11T12:30:54Z,0644af18-e91e-4f5c-b23b-ecee706482ce,open,2.509
2026-09-11T12:30:54Z,4910a275-9695-403e-bb77-bf059a03713b,open,2.499
2026-09-11T12:30:54Z,4c8cac28-e631-42aa-8206-db8f9acf8919,open,2.498
2026-09-11T12:30:54Z,51d4b52a-a095-1aa0-e100-80009459e03a,open,2.499
2026-09-11T12:30:54Z,005056ba-7cb6-1ed2-bceb-8b9067120d33,open,2.499
2026-09-11T12:30:54Z,03344243-1c82-4fe4-9191-9d9bc9cc4d14,open,2.499
2026-09-11T12:30:54Z,515bab29-79a3-4a95-937b-3a13c7907955,open,2.509
2026-09-11T12:30:54Z,3d5d33e1-982e-4bd9-831c-7710f4b2bd72,open,2.499
2026-09-11T12:30:54Z,005056a9-779e-1eee-bfc4-26f2ed85158d,open,2.499
2026-09-11T12:30:54Z,f3f3b1ad-72ef-424a-8237-96c84ef806af,open,2.509
2026-09-11T13:01:00Z,e1a15081-2513-9107-e040-0b0a3dfe563c,open,2.489
2026-09-11T13:01:00Z,6cc0da1b-3d06-4abf-a2e9-3a4f67469658,open,2.509
2026-09-11T13:01:00Z,3bc75820-2e63-4a74-92cf-ef078b21accf,open,2.509
2026-09-11T13:01:00Z,23cb9e76-f277-4ab3-b64b-d5d8a71eee0a,open,2.509
2026-09-11T13:01:00Z,0644af18-e91e-4f5c-b23b-ecee706482ce,open,2.499
2026-09-11T13:01:00Z,4910a275-9695-403e-bb77-bf059a03713b,open,2.489
2026-09-11T13:01:00Z,ff84eb62-9c83-4c6a-b3e3-d7dad141e8d5,open,2.499
2026-09-11T13:01:00Z,4c8cac28-e631-42aa-8206-db8f9acf8919,open,2.488
2026-09-11T13:01:00Z,51d4b52a-a095-1aa0-e100-80009459e03a,open,2.489
2026-09-11T13:01:00Z,005056ba-7cb6-1ed2-bceb-8b9067120d33,open,2.489
2026-09-11T13:01:00Z,695e738d-6386-4189-b454-af4a2947e89d,open,2.499
2026-09-11T13:01:00Z,51d4b662-a095-1aa0-e100-80009459e03a,open,2.489
2026-09-11T13:01:00Z,9cc82fee-ffbf-4cf3-948a-9c5e494588a8,open,2.509
2026-09-11T13:01:00Z,515bab29-79a3-4a95-937b-3a13c7907955,open,2.489
2026-09-11T13:01:00Z,3d5d33e1-982e-4bd9-831c-7710f4b2bd72,open,2.489
2026-09-11T13:01:00Z,005056a9-779e-1eee-bfc4-26f2ed85158d,open,2.489
2026-09-11T13:30:57Z,0014c75b-2b35-4fad-b162-8b3fb9125cd2,open,2.499
2026-09-11T13:30:57Z,6cc0da1b-3d06-4abf-a2e9-3a4f67469658,open,2.499
2026-09-11T13:30:57Z,3bc75820-2e63-4a74-92cf-ef078b21accf,open,2.499
2026-09-11T13:30:57Z,23cb9e76-f277-4ab3-b64b-d5d8a71eee0a,open,2.499
2026-09-11T13:30:57Z,0644af18-e91e-4f5c-b23b-ecee706482ce,open,2.489
2026-09-11T13:30:57Z,77d0b269-a3f2-4a90-aebb-264d45748583,open,2.499
2026-09-11T13:30:57Z,51d4b52a-a095-1aa0-e100-80009459e03a,open,2.479
2026-09-11T13:30:57Z,9cc82fee-ffbf-4cf3-948a-9c5e494588a8,open,2.499
2026-09-11T13:30:57Z,515bab29-79a3-4a95-937b-3a13c7907955,open,2.469
2026-09-11T13:30:57Z,f3f3b1ad-72ef-424a-8237-96c84ef806af,open,2.499
2026-09-11T14:01:08Z,e1a15081-2513-9107-e040-0b0a3dfe563c,open,2.449
2026-09-11T14:01:08Z,3bc75820-2e63-4a74-92cf-ef078b21accf,open,2.459
2026-09-11T14:01:08Z,4910a275-9695-403e-bb77-bf059a03713b,open,2.449
2026-09-11T14:01:08Z,4c8cac28-e631-42aa-8206-db8f9acf8919,open,2.448
2026-09-11T14:01:08Z,51d4b52a-a095-1aa0-e100-80009459e03a,open,2.469
2026-09-11T14:01:08Z,005056ba-7cb6-1ed2-bceb-8b9067120d33,open,2.449
2026-09-11T14:01:08Z,03344243-1c82-4fe4-9191-9d9bc9cc4d14,open,2.449
2026-09-11T14:01:08Z,51d4b662-a095-1aa0-e100-80009459e03a,open,2.449
2026-09-11T14:01:08Z,515bab29-79a3-4a95-937b-3a13c7907955,open,2.449
2026-09-11T14:01:08Z,3d5d33e1-982e-4bd9-831c-7710f4b2bd72,open,2.439
2026-09-11T14:01:08Z,005056a9-779e-1eee-bfc4-26f2ed85158d,open,2.439
2026-09-11T14:30:57Z,e1a15081-2513-9107-e040-0b0a3dfe563c,open,2.439
2026-09-11T14:30:57Z,0014c75b-2b35-4fad-b162-8b3fb9125cd2,open,2.449
2026-09-11T14:30:57Z,6cc0da1b-3d06-4abf-a2e9-3a4f67469658,open,2.469
2026-09-11T14:30:57Z,23cb9e76-f277-4ab3-b64b-d5d8a71eee0a,open,2.459
2026-09-11T14:30:57Z,0644af18-e91e-4f5c-b23b-ecee706482ce,open,2.469
2026-09-11T14:30:57Z,4910a275-9695-403e-bb77-bf059a03713b,open,2.439
2026-09-11T14:30:57Z,ff84eb62-9c83-4c6a-b3e3-d7dad141e8d5,open,2.459
2026-09-11T14:30:57Z,4c8cac28-e631-42aa-8206-db8f9acf8919,open,2.438
2026-09-11T14:30:57Z,77d0b269-a3f2-4a90-aebb-264d45748583,open,2.469
2026-09-11T14:30:57Z,51d4b52a-a095-1aa0-e100-80009459e03a,open,2.439
2026-09-11T14:30:57Z,005056ba-7cb6-1ed2-bceb-8b9067120d33,open,2.439
2026-09-11T14:30:57Z,695e738d-6386-4189-b454-af4a2947e89d,open,2.449
2026-09-11T14:30:57Z,51d4b662-a095-1aa0-e100-80009459e03a,open,2.439
2026-09-11T14:30:57Z,9cc82fee-ffbf-4cf3-948a-9c5e494588a8,open,2.479
2026-09-11T14:30:57Z,515bab29-79a3-4a95-937b-3a13c7907955,open,2.439
2026-09-11T14:30:57Z,3d5d33e1-982e-4bd9-831c-7710f4b2bd72,open,2.409
2026-09-11T14:30:57Z,005056a9-779e-1eee-bfc4-26f2ed85158d,open,2.409
2026-09-11T14:30:57Z,f3f3b1ad-72ef-424a-8237-96c84ef806af,open,2.469
2026-09-11T15:01:12Z,3bc75820-2e63-4a74-92cf-ef078b21accf,open,2.449
2026-09-11T15:01:12Z,0644af18-e91e-4f5c-b23b-ecee706482ce,open,2.449
2026-09-11T15:01:12Z,ff84eb62-9c83-4c6a-b3e3-d7dad141e8d5,open,2.449
2026-09-11T15:01:12Z,51d4b52a-a095-1aa0-e100-80009459e03a,open,2.429
2026-09-11T15:01:12Z,9cc82fee-ffbf-4cf3-948a-9c5e494588a8,open,2.449
2026-09-11T15:01:12Z,515bab29-79a3-4a95-937b-3a13c7907955,open,2.429
2026-09-11T15:01:12Z,3d5d33e1-982e-4bd9-831c-7710f4b2bd72,open,2.399
2026-09-11T15:01:12Z,005056a9-779e-1eee-bfc4-26f2ed85158d,open,2.399
2026-09-11T15:01:12Z,f3f3b1ad-72ef-424a-8237-96c84ef806af,open,2.449
2026-09-11T15:31:00Z,0014c75b-2b35-4fad-b162-8b3fb9125cd2,open,2.409
2026-09-11T15:31:00Z,6cc0da1b-3d06-4abf-a2e9-3a4f67469658,open,2.449
2026-09-11T15:31:00Z,23cb9e76-f277-4ab3-b64b-d5d8a71eee0a,open,2.449
2026-09-11T15:31:00Z,0644af18-e91e-4f5c-b23b-ecee706482ce,open,2.439
2026-09-11T15:31:00Z,77d0b269-a3f2-4a90-aebb-264d45748583,open,2.449
2026-09-11T15:31:00Z,51d4b52a-a095-1aa0-e100-80009459e03a,open,2.419
2026-09-11T15:31:00Z,9cc82fee-ffbf-4cf3-948a-9c5e494588a8,open,2.439
2026-09-11T15:31:00Z,515bab29-79a3-4a95-937b-3a13c7907955,open,2.409
2026-09-11T15:31:00Z,3d5d33e1-982e-4bd9-831c-7710f4b2bd72,open,2.389
2026-09-11T15:31:00Z,005056a9-779e-1eee-bfc4-26f2ed85158d,open,2.389
2026-09-11T15:31:00Z,f3f3b1ad-72ef-424a-8237-96c84ef806af,open,2.439
2026-09-11T16:01:06Z,3bc75820-2e63-4a74-92cf-ef078b21accf,open,2.439
2026-09-11T16:01:06Z,0644af18-e91e-4f5c-b23b-ecee706482ce,open,2.429
2026-09-11T16:01:06Z,4910a275-9695-403e-bb77-bf059a03713b,open,2.429
2026-09-11T16:01:06Z,ff84eb62-9c83-4c6a-b3e3-d7dad141e8d5,open,2.439
2026-09-11T16:01:06Z,9cc82fee-ffbf-4cf3-948a-9c5e494588a8,open,2.429
2026-09-11T16:01:06Z,515bab29-79a3-4a95-937b-3a13c7907955,open,2.389
2026-09-11T16:01:06Z,f3f3b1ad-72ef-424a-8237-96c84ef806af,open,2.429
2026-09-11T16:23:58Z,e1a15081-2513-9107-e040-0b0a3dfe563c,open,2.429
2026-09-11T16:23:58Z,0014c75b-2b35-4fad-b162-8b3fb9125cd2,open,2.399
2026-09-11T16:23:58Z,6cc0da1b-3d06-4abf-a2e9-3a4f67469658,open,2.439
2026-09-11T16:23:58Z,23cb9e76-f277-4ab3-b64b-d5d8a71eee0a,open,2.439
2026-09-11T16:23:58Z,4910a275-9695-403e-bb77-bf059a03713b,open,2.419
2026-09-11T16:23:58Z,4c8cac28-e631-42aa-8206-db8f9acf8919,open,2.428
2026-09-11T16:23:58Z,77d0b269-a3f2-4a90-aebb-264d45748583,open,2.439
2026-09-11T16:23:58Z,51d4b52a-a095-1aa0-e100-80009459e03a,open,2.379
2026-09-11T16:23:58Z,005056ba-7cb6-1ed2-bceb-8b9067120d33,open,2.429
2026-09-11T16:23:58Z,695e738d-6386-4189-b454-af4a2947e89d,open,2.439
2026-09-11T16:23:58Z,03344243-1c82-4fe4-9191-9d9bc9cc4d14,open,2.439
2026-09-11T16:23:58Z,51d4b662-a095-1aa0-e100-80009459e03a,open,2.429
2026-09-11T16:30:56Z,f3f3b1ad-72ef-424a-8237-96c84ef806af,open,2.409
2026-09-11T17:01:17Z,6cc0da1b-3d06-4abf-a2e9-3a4f67469658,open,2.419
2026-09-11T17:01:17Z,3bc75820-2e63-4a74-92cf-ef078b21accf,open,2.429
2026-09-11T17:01:17Z,0644af18-e91e-4f5c-b23b-ecee706482ce,open,2.389
2026-09-11T17:01:17Z,4910a275-9695-403e-bb77-bf059a03713b,open,2.399
2026-09-11T17:01:17Z,ff84eb62-9c83-4c6a-b3e3-d7dad141e8d5,open,2.429
2026-09-11T17:01:17Z,9cc82fee-ffbf-4cf3-948a-9c5e494588a8,open,2.389
2026-09-11T17:01:17Z,3d5d33e1-982e-4bd9-831c-7710f4b2bd72,open,2.379
2026-09-11T17:01:17Z,005056a9-779e-1eee-bfc4-26f2ed85158d,open,2.379
2026-09-11T17:01:17Z,f3f3b1ad-72ef-424a-8237-96c84ef806af,open,2.389
2026-09-11T17:31:00Z,e1a15081-2513-9107-e040-0b0a3dfe563c,open,2.409
2026-09-11T17:31:00Z,0014c75b-2b35-4fad-b162-8b3fb9125cd2,open,2.389
2026-09-11T17:31:00Z,6cc0da1b-3d06-4abf-a2e9-3a4f67469658,open,2.399
2026-09-11T17:31:00Z,3bc75820-2e63-4a74-92cf-ef078b21accf,open,2.399
2026-09-11T17:31:00Z,23cb9e76-f277-4ab3-b64b-d5d8a71eee0a,open,2.419
2026-09-11T17:31:00Z,4910a275-9695-403e-bb77-bf059a03713b,open,2.379
2026-09-11T17:31:00Z,ff84eb62-9c83-4c6a-b3e3-d7dad141e8d5,open,2.409
2026-09-11T17:31:00Z,4c8cac28-e631-42aa-8206-db8f9acf8919,open,2.418
2026-09-11T17:31:00Z,77d0b269-a3f2-4a90-aebb-264d45748583,open,2.419
2026-09-11T17:31:00Z,51d4b52a-a095-1aa0-e100-80009459e03a,open,2.369
2026-09-11T17:31:00Z,005056ba-7cb6-1ed2-bceb-8b9067120d33,open,2.419
2026-09-11T17:31:00Z,695e738d-6386-4189-b454-af4a2947e89d,open,2.429
2026-09-11T17:31:00Z,03344243-1c82-4fe4-9191-9d9bc9cc4d14,open,2.419
2026-09-11T17:31:00Z,51d4b662-a095-1aa0-e100-80009459e03a,open,2.419
2026-09-11T17:31:00Z,515bab29-79a3-4a95-937b-3a13c7907955,open,2.379
2026-09-11T17:31:00Z,3d5d33e1-982e-4bd9-831c-7710f4b2bd72,open,2.369
2026-09-11T17:31:00Z,005056a9-779e-1eee-bfc4-26f2ed85158d,open,2.369
2026-09-11T17:31:00Z,f3f3b1ad-72ef-424a-8237-96c84ef806af,open,2.379
2026-09-11T18:00:58Z,e1a15081-2513-9107-e040-0b0a3dfe563c,open,2.399
2026-09-11T18:00:58Z,3bc75820-2e63-4a74-92cf-ef078b21accf,open,2.389
2026-09-11T18:00:58Z,ff84eb62-9c83-4c6a-b3e3-d7dad141e8d5,open,2.389
2026-09-11T18:00:58Z,4c8cac28-e631-42aa-8206-db8f9acf8919,open,2.408
2026-09-11T18:00:58Z,005056ba-7cb6-1ed2-bceb-8b9067120d33,open,2.399
2026-09-11T18:00:58Z,695e738d-6386-4189-b454-af4a2947e89d,open,2.409
2026-09-11T18:00:58Z,03344243-1c82-4fe4-9191-9d9bc9cc4d14,open,2.409
2026-09-11T18:00:58Z,51d4b662-a095-1aa0-e100-80009459e03a,open,2.399
2026-09-11T18:30:53Z,e1a15081-2513-9107-e040-0b0a3dfe563c,open,2.379
2026-09-11T18:30:53Z,0014c75b-2b35-4fad-b162-8b3fb9125cd2,open,2.379
2026-09-11T18:30:53Z,6cc0da1b-3d06-4abf-a2e9-3a4f67469658,open,2.389
2026-09-11T18:30:53Z,23cb9e76-f277-4ab3-b64b-d5d8a71eee0a,open,2.389
2026-09-11T18:30:53Z,4c8cac28-e631-42aa-8206-db8f9acf8919,open,2.398
2026-09-11T18:30:53Z,77d0b269-a3f2-4a90-aebb-264d45748583,open,2.389
2026-09-11T18:30:53Z,695e738d-6386-4189-b454-af4a2947e89d,open,2.389
2026-09-11T18:30:53Z,03344243-1c82-4fe4-9191-9d9bc9cc4d14,open,2.389
2026-09-11T18:30:53Z,51d4b662-a095-1aa0-e100-80009459e03a,open,2.379
2026-09-11T19:01:00Z,0644af18-e91e-4f5c-b23b-ecee706482ce,closed,
2026-09-11T19:01:00Z,4c8cac28-e631-42aa-8206-db8f9acf8919,open,2.378
2026-09-11T19:01:00Z,005056ba-7cb6-1ed2-bceb-8b9067120d33,open,2.379
2026-09-11T20:01:04Z,e1a15081-2513-9107-e040-0b0a3dfe563c,closed,
2026-09-11T20:01:04Z,3bc75820-2e63-4a74-92cf-ef078b21accf,closed,
2026-09-11T20:01:04Z,4910a275-9695-403e-bb77-bf059a03713b,closed,
2026-09-11T20:01:04Z,4c8cac28-e631-42aa-8206-db8f9acf8919,closed,
2026-09-11T20:01:04Z,51d4b662-a095-1aa0-e100-80009459e03a,closed,
2026-09-11T20:01:04Z,515bab29-79a3-4a95-937b-3a13c7907955,closed,
2026-09-11T21:01:05Z,51d4b52a-a095-1aa0-e100-80009459e03a,closed,
2026-09-11T21:01:05Z,005056ba-7cb6-1ed2-bceb-8b9067120d33,closed,
2026-09-12T03:01:05Z,4c8cac28-e631-42aa-8206-db8f9acf8919,open,2.378
2026-09-12T03:01:05Z,005056ba-7cb6-1ed2-bceb-8b9067120d33,open,2.379
2026-09-12T04:01:04Z,e1a15081-2513-9107-e040-0b0a3dfe563c,open,2.379
2026-09-12T04:01:04Z,4910a275-9695-403e-bb77-bf059a03713b,open,2.379
2026-09-12T04:01:04Z,51d4b52a-a095-1aa0-e100-80009459e03a,open,2.369
2026-09-12T04:01:04Z,515bab29-79a3-4a95-937b-3a13c7907955,open,2.379
2026-09-12T05:01:05Z,3bc75820-2e63-4a74-92cf-ef078b21accf,open,2.389
2026-09-12T05:01:05Z,0644af18-e91e-4f5c-b23b-ecee706482ce,open,2.389
2026-09-12T05:01:05Z,005056ba-7cb6-1ed2-bceb-8b9067120d33,open,2.369
2026-09-12T05:01:05Z,695e738d-6386-4189-b454-af4a2947e89d,open,2.379
2026-09-12T05:01:05Z,03344243-1c82-4fe4-9191-9d9bc9cc4d14,open,2.379
2026-09-12T05:30:53Z,e1a15081-2513-9107-e040-0b0a3dfe563c,open,2.369
2026-09-12T05:30:53Z,3bc75820-2e63-4a74-92cf-ef078b21accf,open,2.379
2026-09-12T05:30:53Z,0644af18-e91e-4f5c-b23b-ecee706482ce,open,2.379
2026-09-12T05:30:53Z,4910a275-9695-403e-bb77-bf059a03713b,open,2.369
2026-09-12T05:30:53Z,4c8cac28-e631-42aa-8206-db8f9acf8919,open,2.368
2026-09-12T05:30:53Z,9cc82fee-ffbf-4cf3-948a-9c5e494588a8,open,2.379
2026-09-12T06:01:03Z,ff84eb62-9c83-4c6a-b3e3-d7dad141e8d5,open,2.379
2026-09-12T06:01:03Z,51d4b662-a095-1aa0-e100-80009459e03a,open,2.379
2026-09-12T06:30:59Z,51d4b662-a095-1aa0-e100-80009459e03a,open,2.369
2026-09-12T10:30:53Z,e1a15081-2513-9107-e040-0b0a3dfe563c,open,2.559
2026-09-12T10:30:53Z,0014c75b-2b35-4fad-b162-8b3fb9125cd2,open,2.569
2026-09-12T10:30:53Z,6cc0da1b-3d06-4abf-a2e9-3a4f67469658,open,2.589
2026-09-12T10:30:53Z,3bc75820-2e63-4a74-92cf-ef078b21accf,open,2.589
2026-09-12T10:30:53Z,23cb9e76-f277-4ab3-b64b-d5d8a71eee0a,open,2.569
2026-09-12T10:30:53Z,0644af18-e91e-4f5c-b23b-ecee706482ce,open,2.579
2026-09-12T10:30:53Z,4910a275-9695-403e-bb77-bf059a03713b,open,2.559
2026-09-12T10:30:53Z,ff84eb62-9c83-4c6a-b3e3-d7dad141e8d5,open,2.579
2026-09-12T10:30:53Z,4c8cac28-e631-42aa-8206-db8f9acf8919,open,2.718
2026-09-12T10:30:53Z,77d0b269-a3f2-4a90-aebb-264d45748583,open,2.569
2026-09-12T10:30:53Z,51d4b52a-a095-1aa0-e100-80009459e03a,open,2.539
2026-09-12T10:30:53Z,005056ba-7cb6-1ed2-bceb-8b9067120d33,open,2.539
2026-09-12T10:30:53Z,695e738d-6386-4189-b454-af4a2947e89d,open,2.589
2026-09-12T10:30:53Z,03344243-1c82-4fe4-9191-9d9bc9cc4d14,open,2.589
2026-09-12T10:30:53Z,51d4b662-a095-1aa0-e100-80009459e03a,open,2.539
2026-09-12T10:30:53Z,9cc82fee-ffbf-4cf3-948a-9c5e494588a8,open,2.639
2026-09-12T10:30:53Z,515bab29-79a3-4a95-937b-3a13c7907955,open,2.589
2026-09-12T10:30:53Z,3d5d33e1-982e-4bd9-831c-7710f4b2bd72,open,2.559
2026-09-12T10:30:53Z,005056a9-779e-1eee-bfc4-26f2ed85158d,open,2.539
2026-09-12T10:30:53Z,f3f3b1ad-72ef-424a-8237-96c84ef806af,open,2.579
2026-09-12T11:01:02Z,e1a15081-2513-9107-e040-0b0a3dfe563c,open,2.539
2026-09-12T11:01:02Z,3bc75820-2e63-4a74-92cf-ef078b21accf,open,2.549
2026-09-12T11:01:02Z,0644af18-e91e-4f5c-b23b-ecee706482ce,open,2.569
2026-09-12T11:01:02Z,4910a275-9695-403e-bb77-bf059a03713b,open,2.539
2026-09-12T11:01:02Z,4c8cac28-e631-42aa-8206-db8f9acf8919,open,2.538
2026-09-12T11:01:02Z,03344243-1c82-4fe4-9191-9d9bc9cc4d14,open,2.549
2026-09-12T11:01:02Z,9cc82fee-ffbf-4cf3-948a-9c5e494588a8,open,2.579
2026-09-12T11:01:02Z,515bab29-79a3-4a95-937b-3a13c7907955,open,2.549
2026-09-12T11:30:52Z,e1a15081-2513-9107-e040-0b0a3dfe563c,open,2.529
2026-09-12T11:30:52Z,0014c75b-2b35-4fad-b162-8b3fb9125cd2,open,2.549
2026-09-12T11:30:52Z,6cc0da1b-3d06-4abf-a2e9-3a4f67469658,open,2.569
2026-09-12T11:30:52Z,3bc75820-2e63-4a74-92cf-ef078b21accf,open,2.539
2026-09-12T11:30:52Z,23cb9e76-f277-4ab3-b64b-d5d8a71eee0a,open,2.549
2026-09-12T11:30:52Z,0644af18-e91e-4f5c-b23b-ecee706482ce,open,2.549
2026-09-12T11:30:52Z,4910a275-9695-403e-bb77-bf059a03713b,open,2.529
2026-09-12T11:30:52Z,ff84eb62-9c83-4c6a-b3e3-d7dad141e8d5,open,2.549
2026-09-12T11:30:52Z,4c8cac28-e631-42aa-8206-db8f9acf8919,open,2.528
2026-09-12T11:30:52Z,77d0b269-a3f2-4a90-aebb-264d45748583,open,2.559
2026-09-12T11:30:52Z,51d4b52a-a095-1aa0-e100-80009459e03a,open,2.529
2026-09-12T11:30:52Z,005056ba-7cb6-1ed2-bceb-8b9067120d33,open,2.519
2026-09-12T11:30:52Z,695e738d-6386-4189-b454-af4a2947e89d,open,2.539
2026-09-12T11:30:52Z,03344243-1c82-4fe4-9191-9d9bc9cc4d14,open,2.539
2026-09-12T11:30:52Z,51d4b662-a095-1aa0-e100-80009459e03a,open,2.529
2026-09-12T11:30:52Z,9cc82fee-ffbf-4cf3-948a-9c5e494588a8,open,2.549
2026-09-12T11:30:52Z,3d5d33e1-982e-4bd9-831c-7710f4b2bd72,open,2.539
2026-09-12T11:30:52Z,f3f3b1ad-72ef-424a-8237-96c84ef806af,open,2.549
2026-09-12T12:01:05Z,e1a15081-2513-9107-e040-0b0a3dfe563c,open,2.519
2026-09-12T12:01:05Z,0014c75b-2b35-4fad-b162-8b3fb9125cd2,open,2.539
2026-09-12T12:01:05Z,6cc0da1b-3d06-4abf-a2e9-3a4f67469658,open,2.549
2026-09-12T12:01:05Z,3bc75820-2e63-4a74-92cf-ef078b21accf,open,2.529
2026-09-12T12:01:05Z,23cb9e76-f277-4ab3-b64b-d5d8a71eee0a,open,2.539
2026-09-12T12:01:05Z,0644af18-e91e-4f5c-b23b-ecee706482ce,open,2.539
2026-09-12T12:01:05Z,4910a275-9695-403e-bb77-bf059a03713b,open,2.519
2026-09-12T12:01:05Z,ff84eb62-9c83-4c6a-b3e3-d7dad141e8d5,open,2.529
2026-09-12T12:01:05Z,4c8cac28-e631-42aa-8206-db8f9acf8919,open,2.468
2026-09-12T12:01:05Z,77d0b269-a3f2-4a90-aebb-264d45748583,open,2.549
2026-09-12T12:01:05Z,005056ba-7cb6-1ed2-bceb-8b9067120d33,open,2.469
2026-09-12T12:01:05Z,695e738d-6386-4189-b454-af4a2947e89d,open,2.529
2026-09-12T12:01:05Z,03344243-1c82-4fe4-9191-9d9bc9cc4d14,open,2.529
2026-09-12T12:01:05Z,51d4b662-a095-1aa0-e100-80009459e03a,open,2.519
2026-09-12T12:01:05Z,9cc82fee-ffbf-4cf3-948a-9c5e494588a8,open,2.539
2026-09-12T12:01:05Z,515bab29-79a3-4a95-937b-3a13c7907955,open,2.539
2026-09-12T12:01:05Z,3d5d33e1-982e-4bd9-831c-7710f4b2bd72,open,2.529
2026-09-12T12:01:05Z,005056a9-779e-1eee-bfc4-26f2ed85158d,open,2.529
2026-09-12T12:01:05Z,f3f3b1ad-72ef-424a-8237-96c84ef806af,open,2.539
2026-09-12T12:08:12Z,e1a15081-2513-9107-e040-0b0a3dfe563c,open,2.469
2026-09-12T12:08:12Z,0644af18-e91e-4f5c-b23b-ecee706482ce,open,2.529
2026-09-12T12:08:12Z,51d4b52a-a095-1aa0-e100-80009459e03a,open,2.519
2026-09-12T12:08:12Z,03344243-1c82-4fe4-9191-9d9bc9cc4d14,open,2.469
2026-09-12T12:08:12Z,51d4b662-a095-1aa0-e100-80009459e03a,open,2.469
2026-09-12T12:30:59Z,e1a15081-2513-9107-e040-0b0a3dfe563c,open,2.459
2026-09-12T12:30:59Z,0014c75b-2b35-4fad-b162-8b3fb9125cd2,open,2.529
2026-09-12T12:30:59Z,6cc0da1b-3d06-4abf-a2e9-3a4f67469658,open,2.539
2026-09-12T12:30:59Z,3bc75820-2e63-4a74-92cf-ef078b21accf,open,2.479
2026-09-12T12:30:59Z,23cb9e76-f277-4ab3-b64b-d5d8a71eee0a,open,2.479
2026-09-12T12:30:59Z,4910a275-9695-403e-bb77-bf059a03713b,open,2.469
2026-09-12T12:30:59Z,ff84eb62-9c83-4c6a-b3e3-d7dad141e8d5,open,2.489
2026-09-12T12:30:59Z,77d0b269-a3f2-4a90-aebb-264d45748583,open,2.529
2026-09-12T12:30:59Z,695e738d-6386-4189-b454-af4a2947e89d,open,2.469
2026-09-12T12:30:59Z,51d4b662-a095-1aa0-e100-80009459e03a,open,2.459
2026-09-12T12:30:59Z,515bab29-79a3-4a95-937b-3a13c7907955,open,2.529
2026-09-12T12:30:59Z,3d5d33e1-982e-4bd9-831c-7710f4b2bd72,open,2.519
2026-09-12T12:30:59Z,005056a9-779e-1eee-bfc4-26f2ed85158d,open,2.519
2026-09-12T12:30:59Z,f3f3b1ad-72ef-424a-8237-96c84ef806af,open,2.529
2026-09-12T13:01:08Z,0014c75b-2b35-4fad-b162-8b3fb9125cd2,open,2.469
2026-09-12T13:01:08Z,6cc0da1b-3d06-4abf-a2e9-3a4f67469658,open,2.529
2026-09-12T13:01:08Z,3bc75820-2e63-4a74-92cf-ef078b21accf,open,2.469
2026-09-12T13:01:08Z,23cb9e76-f277-4ab3-b64b-d5d8a71eee0a,open,2.469
2026-09-12T13:01:08Z,0644af18-e91e-4f5c-b23b-ecee706482ce,open,2.489
2026-09-12T13:01:08Z,4910a275-9695-403e-bb77-bf059a03713b,open,2.459
2026-09-12T13:01:08Z,ff84eb62-9c83-4c6a-b3e3-d7dad141e8d5,open,2.469
2026-09-12T13:01:08Z,4c8cac28-e631-42aa-8206-db8f9acf8919,open,2.458
2026-09-12T13:01:08Z,77d0b269-a3f2-4a90-aebb-264d45748583,open,2.489
2026-09-12T13:01:08Z,51d4b52a-a095-1aa0-e100-80009459e03a,open,2.459
2026-09-12T13:01:08Z,005056ba-7cb6-1ed2-bceb-8b9067120d33,open,2.459
2026-09-12T13:01:08Z,9cc82fee-ffbf-4cf3-948a-9c5e494588a8,open,2.489
2026-09-12T13:01:08Z,515bab29-79a3-4a95-937b-3a13c7907955,open,2.469
2026-09-12T13:01:08Z,3d5d33e1-982e-4bd9-831c-7710f4b2bd72,open,2.459
2026-09-12T13:01:08Z,005056a9-779e-1eee-bfc4-26f2ed85158d,open,2.459
2026-09-12T13:01:08Z,f3f3b1ad-72ef-424a-8237-96c84ef806af,open,2.489
2026-09-12T13:30:54Z,e1a15081-2513-9107-e040-0b0a3dfe563c,open,2.449
2026-09-12T13:30:54Z,6cc0da1b-3d06-4abf-a2e9-3a4f67469658,open,2.479
2026-09-12T13:30:54Z,0644af18-e91e-4f5c-b23b-ecee706482ce,open,2.469
2026-09-12T13:30:54Z,4c8cac28-e631-42aa-8206-db8f9acf8919,open,2.438
2026-09-12T13:30:54Z,77d0b269-a3f2-4a90-aebb-264d45748583,open,2.479
2026-09-12T13:30:54Z,51d4b52a-a095-1aa0-e100-80009459e03a,open,2.449
2026-09-12T13:30:54Z,005056ba-7cb6-1ed2-bceb-8b9067120d33,open,2.439
2026-09-12T13:30:54Z,03344243-1c82-4fe4-9191-9d9bc9cc4d14,open,2.439
2026-09-12T13:30:54Z,51d4b662-a095-1aa0-e100-80009459e03a,open,2.449
2026-09-12T13:30:54Z,9cc82fee-ffbf-4cf3-948a-9c5e494588a8,open,2.469
2026-09-12T13:30:54Z,515bab29-79a3-4a95-937b-3a13c7907955,open,2.459
2026-09-12T13:30:54Z,3d5d33e1-982e-4bd9-831c-7710f4b2bd72,open,2.449
2026-09-12T13:30:54Z,005056a9-779e-1eee-bfc4-26f2ed85158d,open,2.449
2026-09-12T13:30:54Z,f3f3b1ad-72ef-424a-8237-96c84ef806af,open,2.459
2026-09-12T14:01:08Z,e1a15081-2513-9107-e040-0b0a3dfe563c,open,2.429
2026-09-12T14:01:08Z,6cc0da1b-3d06-4abf-a2e9-3a4f67469658,open,2.469
2026-09-12T14:01:08Z,3bc75820-2e63-4a74-92cf-ef078b21accf,open,2.449
2026-09-12T14:01:08Z,0644af18-e91e-4f5c-b23b-ecee706482ce,open,2.449
2026-09-12T14:01:08Z,4910a275-9695-403e-bb77-bf059a03713b,open,2.429
2026-09-12T14:01:08Z,ff84eb62-9c83-4c6a-b3e3-d7dad141e8d5,open,2.439
2026-09-12T14:01:08Z,4c8cac28-e631-42aa-8206-db8f9acf8919,open,2.418
2026-09-12T14:01:08Z,51d4b52a-a095-1aa0-e100-80009459e03a,open,2.429
2026-09-12T14:01:08Z,005056ba-7cb6-1ed2-bceb-8b9067120d33,open,2.419
2026-09-12T14:01:08Z,695e738d-6386-4189-b454-af4a2947e89d,open,2.439
2026-09-12T14:01:08Z,51d4b662-a095-1aa0-e100-80009459e03a,open,2.429
2026-09-12T14:01:08Z,9cc82fee-ffbf-4cf3-948a-9c5e494588a8,open,2.449
2026-09-12T14:01:08Z,515bab29-79a3-4a95-937b-3a13c7907955,open,2.449
2026-09-12T14:01:08Z,3d5d33e1-982e-4bd9-831c-7710f4b2bd72,open,2.439
2026-09-12T14:01:08Z,005056a9-779e-1eee-bfc4-26f2ed85158d,open,2.439
2026-09-12T14:01:08Z,f3f3b1ad-72ef-424a-8237-96c84ef806af,open,2.449
2026-09-12T14:30:56Z,e1a15081-2513-9107-e040-0b0a3dfe563c,open,2.409
2026-09-12T14:30:56Z,0014c75b-2b35-4fad-b162-8b3fb9125cd2,open,2.439
2026-09-12T14:30:56Z,6cc0da1b-3d06-4abf-a2e9-3a4f67469658,open,2.439
2026-09-12T14:30:56Z,3bc75820-2e63-4a74-92cf-ef078b21accf,open,2.419
2026-09-12T14:30:56Z,23cb9e76-f277-4ab3-b64b-d5d8a71eee0a,open,2.439
2026-09-12T14:30:56Z,0644af18-e91e-4f5c-b23b-ecee706482ce,open,2.439
2026-09-12T14:30:56Z,4910a275-9695-403e-bb77-bf059a03713b,open,2.419
2026-09-12T14:30:56Z,ff84eb62-9c83-4c6a-b3e3-d7dad141e8d5,open,2.429
2026-09-12T14:30:56Z,4c8cac28-e631-42aa-8206-db8f9acf8919,open,2.408
2026-09-12T14:30:56Z,77d0b269-a3f2-4a90-aebb-264d45748583,open,2.439
2026-09-12T14:30:56Z,51d4b52a-a095-1aa0-e100-80009459e03a,open,2.419
2026-09-12T14:30:56Z,005056ba-7cb6-1ed2-bceb-8b9067120d33,open,2.399
2026-09-12T14:30:56Z,695e738d-6386-4189-b454-af4a2947e89d,open,2.429
2026-09-12T14:30:56Z,03344243-1c82-4fe4-9191-9d9bc9cc4d14,open,2.419
2026-09-12T14:30:56Z,51d4b662-a095-1aa0-e100-80009459e03a,open,2.409
2026-09-12T14:30:56Z,9cc82fee-ffbf-4cf3-948a-9c5e494588a8,open,2.439
2026-09-12T14:30:56Z,515bab29-79a3-4a95-937b-3a13c7907955,open,2.439
2026-09-12T14:30:56Z,3d5d33e1-982e-4bd9-831c-7710f4b2bd72,open,2.419
2026-09-12T14:30:56Z,005056a9-779e-1eee-bfc4-26f2ed85158d,open,2.419
2026-09-12T14:30:56Z,f3f3b1ad-72ef-424a-8237-96c84ef806af,open,2.439
2026-09-12T15:01:02Z,e1a15081-2513-9107-e040-0b0a3dfe563c,open,2.389
2026-09-12T15:01:02Z,3bc75820-2e63-4a74-92cf-ef078b21accf,open,2.409
2026-09-12T15:01:02Z,0644af18-e91e-4f5c-b23b-ecee706482ce,open,2.429
2026-09-12T15:01:02Z,4910a275-9695-403e-bb77-bf059a03713b,open,2.399
2026-09-12T15:01:02Z,ff84eb62-9c83-4c6a-b3e3-d7dad141e8d5,open,2.409
2026-09-12T15:01:02Z,4c8cac28-e631-42aa-8206-db8f9acf8919,open,2.378
2026-09-12T15:01:02Z,005056ba-7cb6-1ed2-bceb-8b9067120d33,open,2.379
2026-09-12T15:01:02Z,695e738d-6386-4189-b454-af4a2947e89d,open,2.409
2026-09-12T15:01:02Z,03344243-1c82-4fe4-9191-9d9bc9cc4d14,open,2.409
2026-09-12T15:01:02Z,51d4b662-a095-1aa0-e100-80009459e03a,open,2.389
2026-09-12T15:01:02Z,9cc82fee-ffbf-4cf3-948a-9c5e494588a8,open,2.429
2026-09-12T15:01:02Z,515bab29-79a3-4a95-937b-3a13c7907955,open,2.429
2026-09-12T15:01:02Z,f3f3b1ad-72ef-424a-8237-96c84ef806af,open,2.429
2026-09-12T15:28:20Z,6cc0da1b-3d06-4abf-a2e9-3a4f67469658,open,2.419
2026-09-12T15:28:20Z,3bc75820-2e63-4a74-92cf-ef078b21accf,open,2.389
2026-09-12T15:28:20Z,23cb9e76-f277-4ab3-b64b-d5d8a71eee0a,open,2.399
2026-09-12T15:28:20Z,0644af18-e91e-4f5c-b23b-ecee706482ce,open,2.419
2026-09-12T15:28:20Z,4910a275-9695-403e-bb77-bf059a03713b,open,2.379
2026-09-12T15:28:20Z,ff84eb62-9c83-4c6a-b3e3-d7dad141e8d5,open,2.389
2026-09-12T15:28:20Z,4c8cac28-e631-42aa-8206-db8f9acf8919,open,2.368
2026-09-12T15:28:20Z,77d0b269-a3f2-4a90-aebb-264d45748583,open,2.419
2026-09-12T15:28:20Z,e1a15081-2513-9107-e040-0b0a3dfe563c,open,2.369
2026-09-12T15:28:20Z,0014c75b-2b35-4fad-b162-8b3fb9125cd2,open,2.429
2026-09-12T15:28:20Z,03344243-1c82-4fe4-9191-9d9bc9cc4d14,open,2.389
2026-09-12T15:28:20Z,51d4b662-a095-1aa0-e100-80009459e03a,open,2.369
2026-09-12T15:28:20Z,515bab29-79a3-4a95-937b-3a13c7907955,open,2.419
2026-09-12T15:28:20Z,3d5d33e1-982e-4bd9-831c-7710f4b2bd72,open,2.409
2026-09-12T15:28:20Z,005056a9-779e-1eee-bfc4-26f2ed85158d,open,2.409
2026-09-12T15:28:20Z,51d4b52a-a095-1aa0-e100-80009459e03a,open,2.409
2026-09-12T15:28:20Z,005056ba-7cb6-1ed2-bceb-8b9067120d33,open,2.369
2026-09-12T15:28:20Z,695e738d-6386-4189-b454-af4a2947e89d,open,2.389
2026-09-12T15:30:53Z,f3f3b1ad-72ef-424a-8237-96c84ef806af,open,2.419
2026-09-12T16:01:01Z,4910a275-9695-403e-bb77-bf059a03713b,open,2.369
2026-09-12T16:01:01Z,0644af18-e91e-4f5c-b23b-ecee706482ce,open,2.409
2026-09-12T16:01:01Z,ff84eb62-9c83-4c6a-b3e3-d7dad141e8d5,open,2.379
2026-09-12T16:01:01Z,f3f3b1ad-72ef-424a-8237-96c84ef806af,open,2.409
2026-09-12T16:01:01Z,51d4b52a-a095-1aa0-e100-80009459e03a,open,2.399
2026-09-12T16:01:01Z,695e738d-6386-4189-b454-af4a2947e89d,open,2.379
2026-09-12T16:01:01Z,9cc82fee-ffbf-4cf3-948a-9c5e494588a8,open,2.409
2026-09-12T16:01:01Z,515bab29-79a3-4a95-937b-3a13c7907955,open,2.409
2026-09-12T16:01:01Z,3d5d33e1-982e-4bd9-831c-7710f4b2bd72,open,2.399
2026-09-12T16:01:01Z,005056a9-779e-1eee-bfc4-26f2ed85158d,open,2.399
2026-09-12T16:30:51Z,23cb9e76-f277-4ab3-b64b-d5d8a71eee0a,open,2.379
2026-09-12T16:30:51Z,0644af18-e91e-4f5c-b23b-ecee706482ce,open,2.389
2026-09-12T16:30:51Z,77d0b269-a3f2-4a90-aebb-264d45748583,open,2.389
2026-09-12T16:30:51Z,0014c75b-2b35-4fad-b162-8b3fb9125cd2,open,2.409
2026-09-12T16:30:51Z,6cc0da1b-3d06-4abf-a2e9-3a4f67469658,open,2.389
2026-09-12T16:30:51Z,515bab29-79a3-4a95-937b-3a13c7907955,open,2.399
2026-09-12T16:30:51Z,3d5d33e1-982e-4bd9-831c-7710f4b2bd72,open,2.389
2026-09-12T16:30:51Z,005056a9-779e-1eee-bfc4-26f2ed85158d,open,2.389
2026-09-12T16:30:51Z,f3f3b1ad-72ef-424a-8237-96c84ef806af,open,2.399
2026-09-12T16:30:51Z,51d4b52a-a095-1aa0-e100-80009459e03a,open,2.389
2026-09-12T17:01:05Z,9cc82fee-ffbf-4cf3-948a-9c5e494588a8,open,2.399
2026-09-12T17:01:05Z,515bab29-79a3-4a95-937b-3a13c7907955,open,2.389
2026-09-12T17:01:05Z,51d4b52a-a095-1aa0-e100-80009459e03a,open,2.379
2026-09-12T17:30:51Z,0644af18-e91e-4f5c-b23b-ecee706482ce,open,2.379
2026-09-12T17:30:51Z,77d0b269-a3f2-4a90-aebb-264d45748583,open,2.379
2026-09-12T17:30:51Z,0014c75b-2b35-4fad-b162-8b3fb9125cd2,open,2.389
2026-09-12T17:30:51Z,6cc0da1b-3d06-4abf-a2e9-3a4f67469658,open,2.379
2026-09-12T17:30:51Z,9cc82fee-ffbf-4cf3-948a-9c5e494588a8,open,2.389
2026-09-12T17:30:51Z,3d5d33e1-982e-4bd9-831c-7710f4b2bd72,open,2.379
2026-09-12T17:30:51Z,005056a9-779e-1eee-bfc4-26f2ed85158d,open,2.379
2026-09-12T17:30:51Z,f3f3b1ad-72ef-424a-8237-96c84ef806af,open,2.389
2026-09-12T19:00:59Z,0644af18-e91e-4f5c-b23b-ecee706482ce,closed,
2026-09-12T20:01:13Z,3bc75820-2e63-4a74-92cf-ef078b21accf,closed,
2026-09-12T20:01:13Z,4910a275-9695-403e-bb77-bf059a03713b,closed,
2026-09-12T20:01:13Z,4c8cac28-e631-42aa-8206-db8f9acf8919,closed,
2026-09-12T20:01:13Z,e1a15081-2513-9107-e040-0b0a3dfe563c,closed,
2026-09-12T20:01:13Z,51d4b662-a095-1aa0-e100-80009459e03a,closed,
2026-09-12T20:01:13Z,515bab29-79a3-4a95-937b-3a13c7907955,closed,
2026-09-12T21:03:10Z,51d4b52a-a095-1aa0-e100-80009459e03a,closed,
2026-09-12T21:03:10Z,005056ba-7cb6-1ed2-bceb-8b9067120d33,closed,
2026-09-13T03:00:56Z,4c8cac28-e631-42aa-8206-db8f9acf8919,open,2.368
2026-09-13T03:00:56Z,005056ba-7cb6-1ed2-bceb-8b9067120d33,open,2.369
2026-09-13T04:01:03Z,4910a275-9695-403e-bb77-bf059a03713b,open,2.369
2026-09-13T04:01:03Z,e1a15081-2513-9107-e040-0b0a3dfe563c,open,2.369
2026-09-13T04:01:03Z,515bab29-79a3-4a95-937b-3a13c7907955,open,2.389
2026-09-13T05:01:07Z,3bc75820-2e63-4a74-92cf-ef078b21accf,open,2.389
2026-09-13T05:01:07Z,51d4b52a-a095-1aa0-e100-80009459e03a,open,2.379
2026-09-13T06:01:04Z,0644af18-e91e-4f5c-b23b-ecee706482ce,open,2.379
2026-09-13T07:01:04Z,51d4b662-a095-1aa0-e100-80009459e03a,open,2.369
2026-09-13T10:30:55Z,0014c75b-2b35-4fad-b162-8b3fb9125cd2,open,2.569
2026-09-13T10:30:55Z,6cc0da1b-3d06-4abf-a2e9-3a4f67469658,open,2.589
2026-09-13T10:30:55Z,3bc75820-2e63-4a74-92cf-ef078b21accf,open,2.589
2026-09-13T10:30:55Z,23cb9e76-f277-4ab3-b64b-d5d8a71eee0a,open,2.569
2026-09-13T10:30:55Z,0644af18-e91e-4f5c-b23b-ecee706482ce,open,2.579
2026-09-13T10:30:55Z,ff84eb62-9c83-4c6a-b3e3-d7dad141e8d5,open,2.579
2026-09-13T10:30:55Z,4910a275-9695-403e-bb77-bf059a03713b,open,2.559
2026-09-13T10:30:55Z,4c8cac28-e631-42aa-8206-db8f9acf8919,open,2.718
2026-09-13T10:30:55Z,77d0b269-a3f2-4a90-aebb-264d45748583,open,2.569
2026-09-13T10:30:55Z,e1a15081-2513-9107-e040-0b0a3dfe563c,open,2.559
2026-09-13T10:30:55Z,51d4b52a-a095-1aa0-e100-80009459e03a,open,2.539
2026-09-13T10:30:55Z,005056ba-7cb6-1ed2-bceb-8b9067120d33,open,2.539
2026-09-13T10:30:55Z,03344243-1c82-4fe4-9191-9d9bc9cc4d14,open,2.589
2026-09-13T10:30:55Z,51d4b662-a095-1aa0-e100-80009459e03a,open,2.539
2026-09-13T10:30:55Z,695e738d-6386-4189-b454-af4a2947e89d,open,2.589
2026-09-13T10:30:55Z,9cc82fee-ffbf-4cf3-948a-9c5e494588a8,open,2.639
2026-09-13T10:30:55Z,515bab29-79a3-4a95-937b-3a13c7907955,open,2.589
2026-09-13T10:30:55Z,3d5d33e1-982e-4bd9-831c-7710f4b2bd72,open,2.559
2026-09-13T10:30:55Z,005056a9-779e-1eee-bfc4-26f2ed85158d,open,2.539
2026-09-13T10:30:55Z,f3f3b1ad-72ef-424a-8237-96c84ef806af,open,2.579
2026-09-13T11:01:39Z,6cc0da1b-3d06-4abf-a2e9-3a4f67469658,open,2.569
2026-09-13T11:01:39Z,3bc75820-2e63-4a74-92cf-ef078b21accf,open,2.549
2026-09-13T11:01:39Z,0644af18-e91e-4f5c-b23b-ecee706482ce,open,2.569
2026-09-13T11:01:39Z,4910a275-9695-403e-bb77-bf059a03713b,open,2.539
2026-09-13T11:01:39Z,4c8cac28-e631-42aa-8206-db8f9acf8919,open,2.538
2026-09-13T11:01:39Z,e1a15081-2513-9107-e040-0b0a3dfe563c,open,2.539
2026-09-13T11:01:39Z,03344243-1c82-4fe4-9191-9d9bc9cc4d14,open,2.539
2026-09-13T11:01:39Z,695e738d-6386-4189-b454-af4a2947e89d,open,2.549
2026-09-13T11:01:39Z,9cc82fee-ffbf-4cf3-948a-9c5e494588a8,open,2.579
2026-09-13T11:01:39Z,515bab29-79a3-4a95-937b-3a13c7907955,open,2.549
2026-09-13T11:30:54Z,0014c75b-2b35-4fad-b162-8b3fb9125cd2,open,2.549
2026-09-13T11:30:54Z,3bc75820-2e63-4a74-92cf-ef078b21accf,open,2.539
2026-09-13T11:30:54Z,23cb9e76-f277-4ab3-b64b-d5d8a71eee0a,open,2.549
2026-09-13T11:30:54Z,0644af18-e91e-4f5c-b23b-ecee706482ce,open,2.549
2026-09-13T11:30:54Z,ff84eb62-9c83-4c6a-b3e3-d7dad141e8d5,open,2.539
2026-09-13T11:30:54Z,4910a275-9695-403e-bb77-bf059a03713b,open,2.529
2026-09-13T11:30:54Z,4c8cac28-e631-42aa-8206-db8f9acf8919,open,2.518
2026-09-13T11:30:54Z,77d0b269-a3f2-4a90-aebb-264d45748583,open,2.559
2026-09-13T11:30:54Z,e1a15081-2513-9107-e040-0b0a3dfe563c,open,2.519
2026-09-13T11:30:54Z,51d4b52a-a095-1aa0-e100-80009459e03a,open,2.529
2026-09-13T11:30:54Z,005056ba-7cb6-1ed2-bceb-8b9067120d33,open,2.519
2026-09-13T11:30:54Z,03344243-1c82-4fe4-9191-9d9bc9cc4d14,open,2.519
2026-09-13T11:30:54Z,51d4b662-a095-1aa0-e100-80009459e03a,open,2.529
2026-09-13T11:30:54Z,695e738d-6386-4189-b454-af4a2947e89d,open,2.539
2026-09-13T11:30:54Z,9cc82fee-ffbf-4cf3-948a-9c5e494588a8,open,2.549
2026-09-13T11:30:54Z,3d5d33e1-982e-4bd9-831c-7710f4b2bd72,open,2.539
2026-09-13T11:30:54Z,f3f3b1ad-72ef-424a-8237-96c84ef806af,open,2.549
2026-09-13T11:43:26Z,0014c75b-2b35-4fad-b162-8b3fb9125cd2,open,2.539
2026-09-13T11:43:26Z,3bc75820-2e63-4a74-92cf-ef078b21accf,open,2.529
2026-09-13T11:43:26Z,23cb9e76-f277-4ab3-b64b-d5d8a71eee0a,open,2.539
2026-09-13T11:43:26Z,4910a275-9695-403e-bb77-bf059a03713b,open,2.519
2026-09-13T11:43:26Z,51d4b662-a095-1aa0-e100-80009459e03a,open,2.509
2026-09-13T11:43:26Z,515bab29-79a3-4a95-937b-3a13c7907955,open,2.539
2026-09-13T11:43:26Z,3d5d33e1-982e-4bd9-831c-7710f4b2bd72,open,2.529
2026-09-13T11:43:26Z,005056a9-779e-1eee-bfc4-26f2ed85158d,open,2.529
2026-09-13T12:01:00Z,6cc0da1b-3d06-4abf-a2e9-3a4f67469658,open,2.559
2026-09-13T12:01:00Z,23cb9e76-f277-4ab3-b64b-d5d8a71eee0a,open,2.529
2026-09-13T12:01:00Z,0644af18-e91e-4f5c-b23b-ecee706482ce,open,2.529
2026-09-13T12:01:00Z,ff84eb62-9c83-4c6a-b3e3-d7dad141e8d5,open,2.519
2026-09-13T12:01:00Z,4910a275-9695-403e-bb77-bf059a03713b,open,2.509
2026-09-13T12:01:00Z,4c8cac28-e631-42aa-8206-db8f9acf8919,open,2.508
2026-09-13T12:01:00Z,77d0b269-a3f2-4a90-aebb-264d45748583,open,2.539
2026-09-13T12:01:00Z,e1a15081-2513-9107-e040-0b0a3dfe563c,open,2.509
2026-09-13T12:01:00Z,51d4b52a-a095-1aa0-e100-80009459e03a,open,2.509
2026-09-13T12:01:00Z,005056ba-7cb6-1ed2-bceb-8b9067120d33,open,2.499
2026-09-13T12:01:00Z,695e738d-6386-4189-b454-af4a2947e89d,open,2.519
2026-09-13T12:01:00Z,9cc82fee-ffbf-4cf3-948a-9c5e494588a8,open,2.539
2026-09-13T12:01:00Z,f3f3b1ad-72ef-424a-8237-96c84ef806af,open,2.539
2026-09-13T12:30:52Z,0014c75b-2b35-4fad-b162-8b3fb9125cd2,open,2.519
2026-09-13T12:30:52Z,6cc0da1b-3d06-4abf-a2e9-3a4f67469658,open,2.519
2026-09-13T12:30:52Z,3bc75820-2e63-4a74-92cf-ef078b21accf,open,2.509
2026-09-13T12:30:52Z,23cb9e76-f277-4ab3-b64b-d5d8a71eee0a,open,2.499
2026-09-13T12:30:52Z,0644af18-e91e-4f5c-b23b-ecee706482ce,open,2.509
2026-09-13T12:30:52Z,ff84eb62-9c83-4c6a-b3e3-d7dad141e8d5,open,2.509
2026-09-13T12:30:52Z,4910a275-9695-403e-bb77-bf059a03713b,open,2.499
2026-09-13T12:30:52Z,4c8cac28-e631-42aa-8206-db8f9acf8919,open,2.488
2026-09-13T12:30:52Z,77d0b269-a3f2-4a90-aebb-264d45748583,open,2.519
2026-09-13T12:30:52Z,e1a15081-2513-9107-e040-0b0a3dfe563c,open,2.489
2026-09-13T12:30:52Z,51d4b52a-a095-1aa0-e100-80009459e03a,open,2.499
2026-09-13T12:30:52Z,005056ba-7cb6-1ed2-bceb-8b9067120d33,open,2.479
2026-09-13T12:30:52Z,03344243-1c82-4fe4-9191-9d9bc9cc4d14,open,2.509
2026-09-13T12:30:52Z,51d4b662-a095-1aa0-e100-80009459e03a,open,2.489
2026-09-13T12:30:52Z,695e738d-6386-4189-b454-af4a2947e89d,open,2.509
2026-09-13T12:30:52Z,9cc82fee-ffbf-4cf3-948a-9c5e494588a8,open,2.519
2026-09-13T12:30:52Z,515bab29-79a3-4a95-937b-3a13c7907955,open,2.519
2026-09-13T12:30:52Z,3d5d33e1-982e-4bd9-831c-7710f4b2bd72,open,2.509
2026-09-13T12:30:52Z,005056a9-779e-1eee-bfc4-26f2ed85158d,open,2.509
2026-09-13T12:30:52Z,f3f3b1ad-72ef-424a-8237-96c84ef806af,open,2.519
2026-09-13T13:01:06Z,0014c75b-2b35-4fad-b162-8b3fb9125cd2,open,2.509
2026-09-13T13:01:06Z,3bc75820-2e63-4a74-92cf-ef078b21accf,open,2.489
2026-09-13T13:01:06Z,0644af18-e91e-4f5c-b23b-ecee706482ce,open,2.499
2026-09-13T13:01:06Z,ff84eb62-9c83-4c6a-b3e3-d7dad141e8d5,open,2.489
2026-09-13T13:01:06Z,4910a275-9695-403e-bb77-bf059a03713b,open,2.479
2026-09-13T13:01:06Z,4c8cac28-e631-42aa-8206-db8f9acf8919,open,2.468
2026-09-13T13:01:06Z,77d0b269-a3f2-4a90-aebb-264d45748583,open,2.509
2026-09-13T13:01:06Z,e1a15081-2513-9107-e040-0b0a3dfe563c,open,2.469
2026-09-13T13:01:06Z,005056ba-7cb6-1ed2-bceb-8b9067120d33,open,2.459
2026-09-13T13:01:06Z,03344243-1c82-4fe4-9191-9d9bc9cc4d14,open,2.489
2026-09-13T13:01:06Z,51d4b662-a095-1aa0-e100-80009459e03a,open,2.469
2026-09-13T13:01:06Z,695e738d-6386-4189-b454-af4a2947e89d,open,2.489
2026-09-13T13:01:06Z,9cc82fee-ffbf-4cf3-948a-9c5e494588a8,open,2.509
2026-09-13T13:01:06Z,515bab29-79a3-4a95-937b-3a13c7907955,open,2.509
2026-09-13T13:01:06Z,3d5d33e1-982e-4bd9-831c-7710f4b2bd72,open,2.499
2026-09-13T13:01:06Z,005056a9-779e-1eee-bfc4-26f2ed85158d,open,2.499
2026-09-13T13:01:06Z,f3f3b1ad-72ef-424a-8237-96c84ef806af,open,2.509
2026-09-13T13:30:51Z,6cc0da1b-3d06-4abf-a2e9-3a4f67469658,open,2.499
2026-09-13T13:30:51Z,3bc75820-2e63-4a74-92cf-ef078b21accf,open,2.469
2026-09-13T13:30:51Z,23cb9e76-f277-4ab3-b64b-d5d8a71eee0a,open,2.489
2026-09-13T13:30:51Z,0644af18-e91e-4f5c-b23b-ecee706482ce,open,2.489
2026-09-13T13:30:51Z,ff84eb62-9c83-4c6a-b3e3-d7dad141e8d5,open,2.469
2026-09-13T13:30:51Z,4910a275-9695-403e-bb77-bf059a03713b,open,2.459
2026-09-13T13:30:51Z,4c8cac28-e631-42aa-8206-db8f9acf8919,open,2.448
2026-09-13T13:30:51Z,77d0b269-a3f2-4a90-aebb-264d45748583,open,2.499
2026-09-13T13:30:51Z,e1a15081-2513-9107-e040-0b0a3dfe563c,open,2.449
2026-09-13T13:30:51Z,51d4b52a-a095-1aa0-e100-80009459e03a,open,2.489
2026-09-13T13:30:51Z,005056ba-7cb6-1ed2-bceb-8b9067120d33,open,2.439
2026-09-13T13:30:51Z,03344243-1c82-4fe4-9191-9d9bc9cc4d14,open,2.469
2026-09-13T13:30:51Z,51d4b662-a095-1aa0-e100-80009459e03a,open,2.449
2026-09-13T13:30:51Z,695e738d-6386-4189-b454-af4a2947e89d,open,2.469
2026-09-13T13:30:51Z,515bab29-79a3-4a95-937b-3a13c7907955,open,2.499
2026-09-13T13:30:51Z,3d5d33e1-982e-4bd9-831c-7710f4b2bd72,open,2.489
2026-09-13T13:30:51Z,005056a9-779e-1eee-bfc4-26f2ed85158d,open,2.489
2026-09-13T13:30:51Z,f3f3b1ad-72ef-424a-8237-96c84ef806af,open,2.499
2026-09-13T14:01:03Z,3bc75820-2e63-4a74-92cf-ef078b21accf,open,2.449
2026-09-13T14:01:03Z,0644af18-e91e-4f5c-b23b-ecee706482ce,open,2.479
2026-09-13T14:01:03Z,ff84eb62-9c83-4c6a-b3e3-d7dad141e8d5,open,2.449
2026-09-13T14:01:03Z,4910a275-9695-403e-bb77-bf059a03713b,open,2.439
2026-09-13T14:01:03Z,4c8cac28-e631-42aa-8206-db8f9acf8919,open,2.418
2026-09-13T14:01:03Z,e1a15081-2513-9107-e040-0b0a3dfe563c,open,2.429
2026-09-13T14:01:03Z,51d4b52a-a095-1aa0-e100-80009459e03a,open,2.479
2026-09-13T14:01:03Z,005056ba-7cb6-1ed2-bceb-8b9067120d33,open,2.419
2026-09-13T14:01:03Z,03344243-1c82-4fe4-9191-9d9bc9cc4d14,open,2.449
2026-09-13T14:01:03Z,51d4b662-a095-1aa0-e100-80009459e03a,open,2.429
2026-09-13T14:01:03Z,695e738d-6386-4189-b454-af4a2947e89d,open,2.449
2026-09-13T14:01:03Z,9cc82fee-ffbf-4cf3-948a-9c5e494588a8,open,2.489
2026-09-13T14:01:03Z,515bab29-79a3-4a95-937b-3a13c7907955,open,2.449
2026-09-13T14:01:03Z,3d5d33e1-982e-4bd9-831c-7710f4b2bd72,open,2.419
2026-09-13T14:01:03Z,005056a9-779e-1eee-bfc4-26f2ed85158d,open,2.419
2026-09-13T14:01:03Z,f3f3b1ad-72ef-424a-8237-96c84ef806af,open,2.489
2026-09-13T14:30:50Z,0014c75b-2b35-4fad-b162-8b3fb9125cd2,open,2.439
2026-09-13T14:30:50Z,6cc0da1b-3d06-4abf-a2e9-3a4f67469658,open,2.449
2026-09-13T14:30:50Z,3bc75820-2e63-4a74-92cf-ef078b21accf,open,2.429
2026-09-13T14:30:50Z,23cb9e76-f277-4ab3-b64b-d5d8a71eee0a,open,2.449
2026-09-13T14:30:50Z,0644af18-e91e-4f5c-b23b-ecee706482ce,open,2.449
2026-09-13T14:30:50Z,ff84eb62-9c83-4c6a-b3e3-d7dad141e8d5,open,2.429
2026-09-13T14:30:50Z,4910a275-9695-403e-bb77-bf059a03713b,open,2.419
2026-09-13T14:30:50Z,4c8cac28-e631-42aa-8206-db8f9acf8919,open,2.398
2026-09-13T14:30:50Z,77d0b269-a3f2-4a90-aebb-264d45748583,open,2.449
2026-09-13T14:30:50Z,e1a15081-2513-9107-e040-0b0a3dfe563c,open,2.409
2026-09-13T14:30:50Z,51d4b52a-a095-1aa0-e100-80009459e03a,open,2.469
2026-09-13T14:30:50Z,005056ba-7cb6-1ed2-bceb-8b9067120d33,open,2.399
2026-09-13T14:30:50Z,03344243-1c82-4fe4-9191-9d9bc9cc4d14,open,2.429
2026-09-13T14:30:50Z,51d4b662-a095-1aa0-e100-80009459e03a,open,2.409
2026-09-13T14:30:50Z,695e738d-6386-4189-b454-af4a2947e89d,open,2.429
2026-09-13T14:30:50Z,515bab29-79a3-4a95-937b-3a13c7907955,open,2.439
2026-09-13T14:30:50Z,f3f3b1ad-72ef-424a-8237-96c84ef806af,open,2.479
2026-09-13T15:01:04Z,3bc75820-2e63-4a74-92cf-ef078b21accf,open,2.409
2026-09-13T15:01:04Z,ff84eb62-9c83-4c6a-b3e3-d7dad141e8d5,open,2.409
2026-09-13T15:01:04Z,4910a275-9695-403e-bb77-bf059a03713b,open,2.399
2026-09-13T15:01:04Z,4c8cac28-e631-42aa-8206-db8f9acf8919,open,2.388
2026-09-13T15:01:04Z,e1a15081-2513-9107-e040-0b0a3dfe563c,open,2.389
2026-09-13T15:01:04Z,51d4b52a-a095-1aa0-e100-80009459e03a,open,2.439
2026-09-13T15:01:04Z,005056ba-7cb6-1ed2-bceb-8b9067120d33,open,2.379
2026-09-13T15:01:04Z,03344243-1c82-4fe4-9191-9d9bc9cc4d14,open,2.409
2026-09-13T15:01:04Z,51d4b662-a095-1aa0-e100-80009459e03a,open,2.389
2026-09-13T15:01:04Z,695e738d-6386-4189-b454-af4a2947e89d,open,2.409
2026-09-13T15:01:04Z,9cc82fee-ffbf-4cf3-948a-9c5e494588a8,open,2.459
2026-09-13T15:30:59Z,0014c75b-2b35-4fad-b162-8b3fb9125cd2,open,2.429
2026-09-13T15:30:59Z,6cc0da1b-3d06-4abf-a2e9-3a4f67469658,open,2.419
2026-09-13T15:30:59Z,3bc75820-2e63-4a74-92cf-ef078b21accf,open,2.399
2026-09-13T15:30:59Z,23cb9e76-f277-4ab3-b64b-d5d8a71eee0a,open,2.399
2026-09-13T15:30:59Z,0644af18-e91e-4f5c-b23b-ecee706482ce,open,2.419
2026-09-13T15:30:59Z,ff84eb62-9c83-4c6a-b3e3-d7dad141e8d5,open,2.389
2026-09-13T15:30:59Z,4910a275-9695-403e-bb77-bf059a03713b,open,2.379
2026-09-13T15:30:59Z,4c8cac28-e631-42aa-8206-db8f9acf8919,open,2.378
2026-09-13T15:30:59Z,77d0b269-a3f2-4a90-aebb-264d45748583,open,2.419
2026-09-13T15:30:59Z,e1a15081-2513-9107-e040-0b0a3dfe563c,open,2.379
2026-09-13T15:30:59Z,51d4b52a-a095-1aa0-e100-80009459e03a,open,2.419
2026-09-13T15:30:59Z,03344243-1c82-4fe4-9191-9d9bc9cc4d14,open,2.399
2026-09-13T15:30:59Z,51d4b662-a095-1aa0-e100-80009459e03a,open,2.379
2026-09-13T15:30:59Z,695e738d-6386-4189-b454-af4a2947e89d,open,2.399
2026-09-13T15:30:59Z,9cc82fee-ffbf-4cf3-948a-9c5e494588a8,open,2.449
2026-09-13T15:30:59Z,515bab29-79a3-4a95-937b-3a13c7907955,open,2.429
2026-09-13T15:30:59Z,3d5d33e1-982e-4bd9-831c-7710f4b2bd72,open,2.409
2026-09-13T15:30:59Z,005056a9-779e-1eee-bfc4-26f2ed85158d,open,2.409
2026-09-13T15:30:59Z,f3f3b1ad-72ef-424a-8237-96c84ef806af,open,2.429
2026-09-13T16:01:15Z,51d4b52a-a095-1aa0-e100-80009459e03a,open,2.409
2026-09-13T16:01:15Z,9cc82fee-ffbf-4cf3-948a-9c5e494588a8,open,2.419
2026-09-13T16:01:15Z,515bab29-79a3-4a95-937b-3a13c7907955,open,2.409
2026-09-13T16:01:15Z,f3f3b1ad-72ef-424a-8237-96c84ef806af,open,2.419
2026-09-13T16:11:36Z,0014c75b-2b35-4fad-b162-8b3fb9125cd2,open,2.419
2026-09-13T16:11:36Z,23cb9e76-f277-4ab3-b64b-d5d8a71eee0a,open,2.389
2026-09-13T16:11:36Z,77d0b269-a3f2-4a90-aebb-264d45748583,open,2.389
2026-09-13T16:11:36Z,51d4b52a-a095-1aa0-e100-80009459e03a,open,2.399
2026-09-13T16:30:58Z,6cc0da1b-3d06-4abf-a2e9-3a4f67469658,open,2.389
2026-09-13T16:30:58Z,0644af18-e91e-4f5c-b23b-ecee706482ce,open,2.389
2026-09-13T16:30:58Z,9cc82fee-ffbf-4cf3-948a-9c5e494588a8,open,2.399
2026-09-13T16:30:58Z,3d5d33e1-982e-4bd9-831c-7710f4b2bd72,open,2.399
2026-09-13T16:30:58Z,005056a9-779e-1eee-bfc4-26f2ed85158d,open,2.399
2026-09-13T16:30:58Z,f3f3b1ad-72ef-424a-8237-96c84ef806af,open,2.409
2026-09-13T17:01:00Z,51d4b52a-a095-1aa0-e100-80009459e03a,open,2.389
2026-09-13T17:01:00Z,515bab29-79a3-4a95-937b-3a13c7907955,open,2.399
2026-09-13T17:01:00Z,3d5d33e1-982e-4bd9-831c-7710f4b2bd72,open,2.389
2026-09-13T17:01:00Z,005056a9-779e-1eee-bfc4-26f2ed85158d,open,2.389
2026-09-13T17:01:00Z,f3f3b1ad-72ef-424a-8237-96c84ef806af,open,2.399
2026-09-13T17:30:55Z,0014c75b-2b35-4fad-b162-8b3fb9125cd2,open,2.399
2026-09-13T19:01:09Z,4c8cac28-e631-42aa-8206-db8f9acf8919,closed,
2026-09-13T19:01:09Z,0644af18-e91e-4f5c-b23b-ecee706482ce,closed,
2026-09-13T20:01:00Z,4910a275-9695-403e-bb77-bf059a03713b,closed,
2026-09-13T20:01:00Z,e1a15081-2513-9107-e040-0b0a3dfe563c,closed,
2026-09-13T20:01:00Z,3bc75820-2e63-4a74-92cf-ef078b21accf,closed,
2026-09-13T20:01:00Z,51d4b662-a095-1aa0-e100-80009459e03a,closed,
2026-09-13T20:01:00Z,515bab29-79a3-4a95-937b-3a13c7907955,closed,
2026-09-13T21:01:02Z,51d4b52a-a095-1aa0-e100-80009459e03a,closed,
2026-09-13T21:01:02Z,005056ba-7cb6-1ed2-bceb-8b9067120d33,closed,
2026-09-14T03:00:56Z,4c8cac28-e631-42aa-8206-db8f9acf8919,open,2.378
2026-09-14T03:00:56Z,51d4b52a-a095-1aa0-e100-80009459e03a,open,2.389
2026-09-14T03:00:56Z,005056ba-7cb6-1ed2-bceb-8b9067120d33,open,2.379
2026-09-14T04:01:03Z,0644af18-e91e-4f5c-b23b-ecee706482ce,open,2.389
2026-09-14T04:01:03Z,4910a275-9695-403e-bb77-bf059a03713b,open,2.379
2026-09-14T04:01:03Z,e1a15081-2513-9107-e040-0b0a3dfe563c,open,2.379
2026-09-14T04:01:03Z,51d4b662-a095-1aa0-e100-80009459e03a,open,2.379
2026-09-14T04:01:03Z,515bab29-79a3-4a95-937b-3a13c7907955,open,2.399
2026-09-14T05:01:02Z,3bc75820-2e63-4a74-92cf-ef078b21accf,open,2.399
2026-09-14T07:30:54Z,3bc75820-2e63-4a74-92cf-ef078b21accf,open,2.389
2026-09-14T07:30:54Z,03344243-1c82-4fe4-9191-9d9bc9cc4d14,open,2.389
2026-09-14T08:01:06Z,51d4b52a-a095-1aa0-e100-80009459e03a,open,2.379
2026-09-14T08:01:06Z,005056ba-7cb6-1ed2-bceb-8b9067120d33,open,2.369
2026-09-14T08:01:06Z,695e738d-6386-4189-b454-af4a2947e89d,open,2.389
2026-09-14T08:30:56Z,0644af18-e91e-4f5c-b23b-ecee706482ce,open,2.379
2026-09-14T08:30:56Z,4910a275-9695-403e-bb77-bf059a03713b,open,2.369
2026-09-14T08:30:56Z,4c8cac28-e631-42aa-8206-db8f9acf8919,open,2.368
2026-09-14T08:30:56Z,e1a15081-2513-9107-e040-0b0a3dfe563c,open,2.369
2026-09-14T08:30:56Z,0014c75b-2b35-4fad-b162-8b3fb9125cd2,open,2.389
2026-09-14T08:30:56Z,3bc75820-2e63-4a74-92cf-ef078b21accf,open,2.379
2026-09-14T08:30:56Z,005056a9-779e-1eee-bfc4-26f2ed85158d,open,2.379
2026-09-14T08:30:56Z,f3f3b1ad-72ef-424a-8237-96c84ef806af,open,2.389
2026-09-14T08:30:56Z,51d4b52a-a095-1aa0-e100-80009459e03a,open,2.369
2026-09-14T08:30:56Z,03344243-1c82-4fe4-9191-9d9bc9cc4d14,open,2.379
2026-09-14T08:30:56Z,51d4b662-a095-1aa0-e100-80009459e03a,open,2.369
2026-09-14T08:30:56Z,9cc82fee-ffbf-4cf3-948a-9c5e494588a8,open,2.389
2026-09-14T08:30:56Z,515bab29-79a3-4a95-937b-3a13c7907955,open,2.389
2026-09-14T08:30:56Z,3d5d33e1-982e-4bd9-831c-7710f4b2bd72,open,2.379
2026-09-14T09:01:46Z,ff84eb62-9c83-4c6a-b3e3-d7dad141e8d5,open,2.379
2026-09-14T09:01:46Z,005056a9-779e-1eee-bfc4-26f2ed85158d,open,2.369
2026-09-14T09:01:46Z,f3f3b1ad-72ef-424a-8237-96c84ef806af,open,2.379
2026-09-14T09:01:46Z,695e738d-6386-4189-b454-af4a2947e89d,open,2.379
2026-09-14T09:01:46Z,9cc82fee-ffbf-4cf3-948a-9c5e494588a8,open,2.379
2026-09-14T09:01:46Z,515bab29-79a3-4a95-937b-3a13c7907955,open,2.379
2026-09-14T09:01:46Z,3d5d33e1-982e-4bd9-831c-7710f4b2bd72,open,2.369
2026-09-14T10:30:55Z,0644af18-e91e-4f5c-b23b-ecee706482ce,open,2.579
2026-09-14T10:30:55Z,4910a275-9695-403e-bb77-bf059a03713b,open,2.569
2026-09-14T10:30:55Z,ff84eb62-9c83-4c6a-b3e3-d7dad141e8d5,open,2.569
2026-09-14T10:30:55Z,4c8cac28-e631-42aa-8206-db8f9acf8919,open,2.718
2026-09-14T10:30:55Z,77d0b269-a3f2-4a90-aebb-264d45748583,open,2.589
2026-09-14T10:30:55Z,e1a15081-2513-9107-e040-0b0a3dfe563c,open,2.569
2026-09-14T10:30:55Z,0014c75b-2b35-4fad-b162-8b3fb9125cd2,open,2.589
2026-09-14T10:30:55Z,6cc0da1b-3d06-4abf-a2e9-3a4f67469658,open,2.609
2026-09-14T10:30:55Z,3bc75820-2e63-4a74-92cf-ef078b21accf,open,2.599
2026-09-14T10:30:55Z,23cb9e76-f277-4ab3-b64b-d5d8a71eee0a,open,2.589
2026-09-14T10:30:55Z,005056a9-779e-1eee-bfc4-26f2ed85158d,open,2.549
2026-09-14T10:30:55Z,f3f3b1ad-72ef-424a-8237-96c84ef806af,open,2.569
2026-09-14T10:30:55Z,51d4b52a-a095-1aa0-e100-80009459e03a,open,2.549
2026-09-14T10:30:55Z,005056ba-7cb6-1ed2-bceb-8b9067120d33,open,2.539
2026-09-14T10:30:55Z,03344243-1c82-4fe4-9191-9d9bc9cc4d14,open,2.599
2026-09-14T10:30:55Z,51d4b662-a095-1aa0-e100-80009459e03a,open,2.549
2026-09-14T10:30:55Z,695e738d-6386-4189-b454-af4a2947e89d,open,2.609
2026-09-14T10:30:55Z,9cc82fee-ffbf-4cf3-948a-9c5e494588a8,open,2.639
2026-09-14T10:30:55Z,515bab29-79a3-4a95-937b-3a13c7907955,open,2.599
2026-09-14T10:30:55Z,3d5d33e1-982e-4bd9-831c-7710f4b2bd72,open,2.579
2026-09-14T11:01:02Z,0644af18-e91e-4f5c-b23b-ecee706482ce,open,2.559
2026-09-14T11:01:02Z,4910a275-9695-403e-bb77-bf059a03713b,open,2.539
2026-09-14T11:01:02Z,4c8cac28-e631-42aa-8206-db8f9acf8919,open,2.538
2026-09-14T11:01:02Z,e1a15081-2513-9107-e040-0b0a3dfe563c,open,2.539
2026-09-14T11:01:02Z,6cc0da1b-3d06-4abf-a2e9-3a4f67469658,open,2.589
2026-09-14T11:01:02Z,3bc75820-2e63-4a74-92cf-ef078b21accf,open,2.549
2026-09-14T11:01:02Z,03344243-1c82-4fe4-9191-9d9bc9cc4d14,open,2.539
2026-09-14T11:01:02Z,51d4b662-a095-1aa0-e100-80009459e03a,open,2.539
2026-09-14T11:01:02Z,695e738d-6386-4189-b454-af4a2947e89d,open,2.559
2026-09-14T11:01:02Z,9cc82fee-ffbf-4cf3-948a-9c5e494588a8,open,2.569
2026-09-14T11:01:02Z,515bab29-79a3-4a95-937b-3a13c7907955,open,2.559
2026-09-14T11:30:53Z,0644af18-e91e-4f5c-b23b-ecee706482ce,open,2.549
2026-09-14T11:30:53Z,4910a275-9695-403e-bb77-bf059a03713b,open,2.529
2026-09-14T11:30:53Z,ff84eb62-9c83-4c6a-b3e3-d7dad141e8d5,open,2.539
2026-09-14T11:30:53Z,4c8cac28-e631-42aa-8206-db8f9acf8919,open,2.528
2026-09-14T11:30:53Z,77d0b269-a3f2-4a90-aebb-264d45748583,open,2.559
2026-09-14T11:30:53Z,e1a15081-2513-9107-e040-0b0a3dfe563c,open,2.529
2026-09-14T11:30:53Z,0014c75b-2b35-4fad-b162-8b3fb9125cd2,open,2.559
2026-09-14T11:30:53Z,6cc0da1b-3d06-4abf-a2e9-3a4f67469658,open,2.569
2026-09-14T11:30:53Z,23cb9e76-f277-4ab3-b64b-d5d8a71eee0a,open,2.549
2026-09-14T11:30:53Z,f3f3b1ad-72ef-424a-8237-96c84ef806af,open,2.559
2026-09-14T11:30:53Z,51d4b52a-a095-1aa0-e100-80009459e03a,open,2.529
2026-09-14T11:30:53Z,005056ba-7cb6-1ed2-bceb-8b9067120d33,open,2.529
2026-09-14T11:30:53Z,51d4b662-a095-1aa0-e100-80009459e03a,open,2.529
2026-09-14T11:30:53Z,695e738d-6386-4189-b454-af4a2947e89d,open,2.539
2026-09-14T11:30:53Z,9cc82fee-ffbf-4cf3-948a-9c5e494588a8,open,2.559
2026-09-14T11:30:53Z,3d5d33e1-982e-4bd9-831c-7710f4b2bd72,open,2.549
2026-09-14T12:01:09Z,0644af18-e91e-4f5c-b23b-ecee706482ce,open,2.539
2026-09-14T12:01:09Z,77d0b269-a3f2-4a90-aebb-264d45748583,open,2.539
2026-09-14T12:01:09Z,0014c75b-2b35-4fad-b162-8b3fb9125cd2,open,2.539
2026-09-14T12:01:09Z,6cc0da1b-3d06-4abf-a2e9-3a4f67469658,open,2.539
2026-09-14T12:01:09Z,3bc75820-2e63-4a74-92cf-ef078b21accf,open,2.539
2026-09-14T12:01:09Z,23cb9e76-f277-4ab3-b64b-d5d8a71eee0a,open,2.539
2026-09-14T12:01:09Z,005056a9-779e-1eee-bfc4-26f2ed85158d,open,2.529
2026-09-14T12:01:09Z,f3f3b1ad-72ef-424a-8237-96c84ef806af,open,2.539
2026-09-14T12:01:09Z,51d4b52a-a095-1aa0-e100-80009459e03a,open,2.519
2026-09-14T12:01:09Z,9cc82fee-ffbf-4cf3-948a-9c5e494588a8,open,2.539
2026-09-14T12:01:09Z,515bab29-79a3-4a95-937b-3a13c7907955,open,2.539
2026-09-14T12:01:09Z,3d5d33e1-982e-4bd9-831c-7710f4b2bd72,open,2.529
2026-09-14T12:30:57Z,0644af18-e91e-4f5c-b23b-ecee706482ce,open,2.529
2026-09-14T12:30:57Z,0014c75b-2b35-4fad-b162-8b3fb9125cd2,open,2.529
2026-09-14T12:30:57Z,005056a9-779e-1eee-bfc4-26f2ed85158d,open,2.519
2026-09-14T12:30:57Z,f3f3b1ad-72ef-424a-8237-96c84ef806af,open,2.529
2026-09-14T12:30:57Z,9cc82fee-ffbf-4cf3-948a-9c5e494588a8,open,2.529
2026-09-14T12:30:57Z,515bab29-79a3-4a95-937b-3a13c7907955,open,2.529
2026-09-14T12:30:57Z,3d5d33e1-982e-4bd9-831c-7710f4b2bd72,open,2.519
2026-09-14T12:36:57Z,4910a275-9695-403e-bb77-bf059a03713b,open,2.519
2026-09-14T12:36:57Z,515bab29-79a3-4a95-937b-3a13c7907955,open,2.499
2026-09-14T13:01:13Z,0644af18-e91e-4f5c-b23b-ecee706482ce,open,2.519
2026-09-14T13:01:13Z,ff84eb62-9c83-4c6a-b3e3-d7dad141e8d5,open,2.529
2026-09-14T13:01:13Z,6cc0da1b-3d06-4abf-a2e9-3a4f67469658,open,2.529
2026-09-14T13:01:13Z,3bc75820-2e63-4a74-92cf-ef078b21accf,open,2.529
2026-09-14T13:01:13Z,005056a9-779e-1eee-bfc4-26f2ed85158d,open,2.509
2026-09-14T13:01:13Z,51d4b52a-a095-1aa0-e100-80009459e03a,open,2.509
2026-09-14T13:01:13Z,3d5d33e1-982e-4bd9-831c-7710f4b2bd72,open,2.509
2026-09-14T13:30:55Z,0644af18-e91e-4f5c-b23b-ecee706482ce,open,2.509
2026-09-14T13:30:55Z,4910a275-9695-403e-bb77-bf059a03713b,open,2.499
2026-09-14T13:30:55Z,ff84eb62-9c83-4c6a-b3e3-d7dad141e8d5,open,2.519
2026-09-14T13:30:55Z,4c8cac28-e631-42aa-8206-db8f9acf8919,open,2.478
2026-09-14T13:30:55Z,77d0b269-a3f2-4a90-aebb-264d45748583,open,2.529
2026-09-14T13:30:55Z,e1a15081-2513-9107-e040-0b0a3dfe563c,open,2.519
2026-09-14T13:30:55Z,0014c75b-2b35-4fad-b162-8b3fb9125cd2,open,2.519
2026-09-14T13:30:55Z,3bc75820-2e63-4a74-92cf-ef078b21accf,open,2.519
2026-09-14T13:30:55Z,23cb9e76-f277-4ab3-b64b-d5d8a71eee0a,open,2.529
2026-09-14T13:30:55Z,005056a9-779e-1eee-bfc4-26f2ed85158d,open,2.469
2026-09-14T13:30:55Z,f3f3b1ad-72ef-424a-8237-96c84ef806af,open,2.499
2026-09-14T13:30:55Z,51d4b52a-a095-1aa0-e100-80009459e03a,open,2.489
2026-09-14T13:30:55Z,005056ba-7cb6-1ed2-bceb-8b9067120d33,open,2.479
2026-09-14T13:30:55Z,03344243-1c82-4fe4-9191-9d9bc9cc4d14,open,2.529
2026-09-14T13:30:55Z,51d4b662-a095-1aa0-e100-80009459e03a,open,2.519
2026-09-14T13:30:55Z,695e738d-6386-4189-b454-af4a2947e89d,open,2.529
2026-09-14T13:30:55Z,9cc82fee-ffbf-4cf3-948a-9c5e494588a8,open,2.519
2026-09-14T13:30:55Z,515bab29-79a3-4a95-937b-3a13c7907955,open,2.489
2026-09-14T13:30:55Z,3d5d33e1-982e-4bd9-831c-7710f4b2bd72,open,2.469
2026-09-14T14:01:09Z,0644af18-e91e-4f5c-b23b-ecee706482ce,open,2.489
2026-09-14T14:01:09Z,4910a275-9695-403e-bb77-bf059a03713b,open,2.479
2026-09-14T14:01:09Z,ff84eb62-9c83-4c6a-b3e3-d7dad141e8d5,open,2.489
2026-09-14T14:01:09Z,4c8cac28-e631-42aa-8206-db8f9acf8919,open,2.448
2026-09-14T14:01:09Z,e1a15081-2513-9107-e040-0b0a3dfe563c,open,2.479
2026-09-14T14:01:09Z,6cc0da1b-3d06-4abf-a2e9-3a4f67469658,open,2.509
2026-09-14T14:01:09Z,3bc75820-2e63-4a74-92cf-ef078b21accf,open,2.489
2026-09-14T14:01:09Z,005056a9-779e-1eee-bfc4-26f2ed85158d,open,2.429
2026-09-14T14:01:09Z,51d4b52a-a095-1aa0-e100-80009459e03a,open,2.479
2026-09-14T14:01:09Z,005056ba-7cb6-1ed2-bceb-8b9067120d33,open,2.449
2026-09-14T14:01:09Z,03344243-1c82-4fe4-9191-9d9bc9cc4d14,open,2.479
2026-09-14T14:01:09Z,51d4b662-a095-1aa0-e100-80009459e03a,open,2.469
2026-09-14T14:01:09Z,695e738d-6386-4189-b454-af4a2947e89d,open,2.479
2026-09-14T14:01:09Z,9cc82fee-ffbf-4cf3-948a-9c5e494588a8,open,2.499
2026-09-14T14:01:09Z,515bab29-79a3-4a95-937b-3a13c7907955,open,2.469
2026-09-14T14:01:09Z,3d5d33e1-982e-4bd9-831c-7710f4b2bd72,open,2.429
2026-09-14T14:31:14Z,0644af18-e91e-4f5c-b23b-ecee706482ce,open,2.479
2026-09-14T14:31:14Z,4910a275-9695-403e-bb77-bf059a03713b,open,2.449
2026-09-14T14:31:14Z,ff84eb62-9c83-4c6a-b3e3-d7dad141e8d5,open,2.479
2026-09-14T14:31:14Z,77d0b269-a3f2-4a90-aebb-264d45748583,open,2.489
2026-09-14T14:31:14Z,e1a15081-2513-9107-e040-0b0a3dfe563c,open,2.449
2026-09-14T14:31:14Z,0014c75b-2b35-4fad-b162-8b3fb9125cd2,open,2.449
2026-09-14T14:31:14Z,6cc0da1b-3d06-4abf-a2e9-3a4f67469658,open,2.489
2026-09-14T14:31:14Z,3bc75820-2e63-4a74-92cf-ef078b21accf,open,2.459
2026-09-14T14:31:14Z,23cb9e76-f277-4ab3-b64b-d5d8a71eee0a,open,2.489
2026-09-14T14:31:14Z,005056a9-779e-1eee-bfc4-26f2ed85158d,open,2.419
2026-09-14T14:31:14Z,f3f3b1ad-72ef-424a-8237-96c84ef806af,open,2.469
2026-09-14T14:31:14Z,51d4b52a-a095-1aa0-e100-80009459e03a,open,2.459
2026-09-14T14:31:14Z,03344243-1c82-4fe4-9191-9d9bc9cc4d14,open,2.449
2026-09-14T14:31:14Z,51d4b662-a095-1aa0-e100-80009459e03a,open,2.439
2026-09-14T14:31:14Z,695e738d-6386-4189-b454-af4a2947e89d,open,2.449
2026-09-14T14:31:14Z,9cc82fee-ffbf-4cf3-948a-9c5e494588a8,open,2.489
2026-09-14T14:31:14Z,515bab29-79a3-4a95-937b-3a13c7907955,open,2.439
2026-09-14T15:01:10Z,0644af18-e91e-4f5c-b23b-ecee706482ce,open,2.469
2026-09-14T15:01:10Z,4910a275-9695-403e-bb77-bf059a03713b,open,2.439
2026-09-14T15:01:10Z,ff84eb62-9c83-4c6a-b3e3-d7dad141e8d5,open,2.449
2026-09-14T15:01:10Z,4c8cac28-e631-42aa-8206-db8f9acf8919,open,2.398
2026-09-14T15:01:10Z,e1a15081-2513-9107-e040-0b0a3dfe563c,open,2.399
2026-09-14T15:01:10Z,6cc0da1b-3d06-4abf-a2e9-3a4f67469658,open,2.479
2026-09-14T15:01:10Z,3bc75820-2e63-4a74-92cf-ef078b21accf,open,2.449
2026-09-14T15:01:10Z,51d4b52a-a095-1aa0-e100-80009459e03a,open,2.409
2026-09-14T15:01:10Z,005056ba-7cb6-1ed2-bceb-8b9067120d33,open,2.399
2026-09-14T15:01:10Z,03344243-1c82-4fe4-9191-9d9bc9cc4d14,open,2.409
2026-09-14T15:01:10Z,51d4b662-a095-1aa0-e100-80009459e03a,open,2.399
2026-09-14T15:01:10Z,9cc82fee-ffbf-4cf3-948a-9c5e494588a8,open,2.469
2026-09-14T15:01:10Z,515bab29-79a3-4a95-937b-3a13c7907955,open,2.419
2026-09-14T15:30:56Z,0644af18-e91e-4f5c-b23b-ecee706482ce,open,2.449
2026-09-14T15:30:56Z,4910a275-9695-403e-bb77-bf059a03713b,open,2.399
2026-09-14T15:30:56Z,ff84eb62-9c83-4c6a-b3e3-d7dad141e8d5,open,2.409
2026-09-14T15:30:56Z,77d0b269-a3f2-4a90-aebb-264d45748583,open,2.449
2026-09-14T15:30:56Z,0014c75b-2b35-4fad-b162-8b3fb9125cd2,open,2.429
2026-09-14T15:30:56Z,6cc0da1b-3d06-4abf-a2e9-3a4f67469658,open,2.449
2026-09-14T15:30:56Z,3bc75820-2e63-4a74-92cf-ef078b21accf,open,2.409
2026-09-14T15:30:56Z,23cb9e76-f277-4ab3-b64b-d5d8a71eee0a,open,2.419
2026-09-14T15:30:56Z,005056a9-779e-1eee-bfc4-26f2ed85158d,open,2.409
2026-09-14T15:30:56Z,f3f3b1ad-72ef-424a-8237-96c84ef806af,open,2.419
2026-09-14T15:30:56Z,51d4b52a-a095-1aa0-e100-80009459e03a,open,2.399
2026-09-14T15:30:56Z,695e738d-6386-4189-b454-af4a2947e89d,open,2.409
2026-09-14T15:30:56Z,9cc82fee-ffbf-4cf3-948a-9c5e494588a8,open,2.449
2026-09-14T16:01:03Z,0644af18-e91e-4f5c-b23b-ecee706482ce,open,2.439
2026-09-14T16:01:03Z,005056a9-779e-1eee-bfc4-26f2ed85158d,open,2.399
2026-09-14T16:01:03Z,f3f3b1ad-72ef-424a-8237-96c84ef806af,open,2.409
2026-09-14T16:01:03Z,9cc82fee-ffbf-4cf3-948a-9c5e494588a8,open,2.439
2026-09-14T16:01:03Z,515bab29-79a3-4a95-937b-3a13c7907955,open,2.409
2026-09-14T16:30:56Z,0644af18-e91e-4f5c-b23b-ecee706482ce,open,2.409
2026-09-14T16:30:56Z,77d0b269-a3f2-4a90-aebb-264d45748583,open,2.409
2026-09-14T16:30:56Z,0014c75b-2b35-4fad-b162-8b3fb9125cd2,open,2.409
2026-09-14T16:30:56Z,6cc0da1b-3d06-4abf-a2e9-3a4f67469658,open,2.409
2026-09-14T16:30:56Z,23cb9e76-f277-4ab3-b64b-d5d8a71eee0a,open,2.409
2026-09-14T16:30:56Z,3d5d33e1-982e-4bd9-831c-7710f4b2bd72,open,2.419
2026-09-14T19:01:05Z,0644af18-e91e-4f5c-b23b-ecee706482ce,closed,
2026-09-14T20:01:06Z,4910a275-9695-403e-bb77-bf059a03713b,closed,
2026-09-14T20:01:06Z,4c8cac28-e631-42aa-8206-db8f9acf8919,closed,
2026-09-14T20:01:06Z,e1a15081-2513-9107-e040-0b0a3dfe563c,closed,
2026-09-14T20:01:06Z,3bc75820-2e63-4a74-92cf-ef078b21accf,closed,
2026-09-14T20:01:06Z,51d4b662-a095-1aa0-e100-80009459e03a,closed,
2026-09-14T20:01:06Z,515bab29-79a3-4a95-937b-3a13c7907955,closed,
2026-09-14T21:00:59Z,51d4b52a-a095-1aa0-e100-80009459e03a,closed,
2026-09-14T21:00:59Z,005056ba-7cb6-1ed2-bceb-8b9067120d33,closed,
2026-09-15T03:00:57Z,4c8cac28-e631-42aa-8206-db8f9acf8919,open,2.398
2026-09-15T03:00:57Z,51d4b52a-a095-1aa0-e100-80009459e03a,open,2.399
2026-09-15T03:00:57Z,005056ba-7cb6-1ed2-bceb-8b9067120d33,open,2.399
2026-09-15T04:01:01Z,0644af18-e91e-4f5c-b23b-ecee706482ce,open,2.409
2026-09-15T04:01:01Z,4910a275-9695-403e-bb77-bf059a03713b,open,2.399
2026-09-15T04:01:01Z,e1a15081-2513-9107-e040-0b0a3dfe563c,open,2.399
2026-09-15T04:01:01Z,515bab29-79a3-4a95-937b-3a13c7907955,open,2.409
2026-09-15T04:01:01Z,51d4b662-a095-1aa0-e100-80009459e03a,open,2.399
2026-09-15T04:30:50Z,3d5d33e1-982e-4bd9-831c-7710f4b2bd72,open,2.399
2026-09-15T05:00:57Z,3bc75820-2e63-4a74-92cf-ef078b21accf,open,2.409
2026-09-15T05:30:47Z,9cc82fee-ffbf-4cf3-948a-9c5e494588a8,open,2.409
2026-09-15T06:30:56Z,51d4b52a-a095-1aa0-e100-80009459e03a,open,2.389
2026-09-15T07:00:56Z,0014c75b-2b35-4fad-b162-8b3fb9125cd2,open,2.399
2026-09-15T07:00:56Z,005056a9-779e-1eee-bfc4-26f2ed85158d,open,2.389
2026-09-15T07:00:56Z,3d5d33e1-982e-4bd9-831c-7710f4b2bd72,open,2.389
2026-09-15T07:00:56Z,f3f3b1ad-72ef-424a-8237-96c84ef806af,open,2.399
2026-09-15T08:00:59Z,515bab29-79a3-4a95-937b-3a13c7907955,open,2.399
2026-09-15T08:00:59Z,03344243-1c82-4fe4-9191-9d9bc9cc4d14,open,2.399
2026-09-15T08:30:50Z,4910a275-9695-403e-bb77-bf059a03713b,open,2.389
2026-09-15T08:30:50Z,e1a15081-2513-9107-e040-0b0a3dfe563c,open,2.389
2026-09-15T08:30:50Z,4c8cac28-e631-42aa-8206-db8f9acf8919,open,2.388
2026-09-15T08:30:50Z,51d4b52a-a095-1aa0-e100-80009459e03a,open,2.379
2026-09-15T08:30:50Z,005056ba-7cb6-1ed2-bceb-8b9067120d33,open,2.389
2026-09-15T08:30:50Z,51d4b662-a095-1aa0-e100-80009459e03a,open,2.389
2026-09-15T08:30:50Z,695e738d-6386-4189-b454-af4a2947e89d,open,2.399
2026-09-15T09:01:01Z,0644af18-e91e-4f5c-b23b-ecee706482ce,open,2.399
2026-09-15T09:01:01Z,ff84eb62-9c83-4c6a-b3e3-d7dad141e8d5,open,2.399
2026-09-15T09:01:01Z,3bc75820-2e63-4a74-92cf-ef078b21accf,open,2.399
2026-09-15T09:01:01Z,515bab29-79a3-4a95-937b-3a13c7907955,open,2.389
2026-09-15T09:01:01Z,005056a9-779e-1eee-bfc4-26f2ed85158d,open,2.379
2026-09-15T09:01:01Z,3d5d33e1-982e-4bd9-831c-7710f4b2bd72,open,2.379
2026-09-15T09:01:01Z,f3f3b1ad-72ef-424a-8237-96c84ef806af,open,2.389
2026-09-15T09:01:01Z,51d4b52a-a095-1aa0-e100-80009459e03a,open,2.369
2026-09-15T09:30:57Z,005056a9-779e-1eee-bfc4-26f2ed85158d,open,2.369
2026-09-15T09:30:57Z,3d5d33e1-982e-4bd9-831c-7710f4b2bd72,open,2.369
2026-09-15T09:30:57Z,f3f3b1ad-72ef-424a-8237-96c84ef806af,open,2.379
2026-09-15T10:30:53Z,23cb9e76-f277-4ab3-b64b-d5d8a71eee0a,open,2.589
2026-09-15T10:30:53Z,0644af18-e91e-4f5c-b23b-ecee706482ce,open,2.599
2026-09-15T10:30:53Z,4910a275-9695-403e-bb77-bf059a03713b,open,2.579
2026-09-15T10:30:53Z,77d0b269-a3f2-4a90-aebb-264d45748583,open,2.589
2026-09-15T10:30:53Z,e1a15081-2513-9107-e040-0b0a3dfe563c,open,2.579
2026-09-15T10:30:53Z,ff84eb62-9c83-4c6a-b3e3-d7dad141e8d5,open,2.599
2026-09-15T10:30:53Z,4c8cac28-e631-42aa-8206-db8f9acf8919,open,2.738
2026-09-15T10:30:53Z,0014c75b-2b35-4fad-b162-8b3fb9125cd2,open,2.589
2026-09-15T10:30:53Z,6cc0da1b-3d06-4abf-a2e9-3a4f67469658,open,2.609
2026-09-15T10:30:53Z,3bc75820-2e63-4a74-92cf-ef078b21accf,open,2.609
2026-09-15T10:30:53Z,9cc82fee-ffbf-4cf3-948a-9c5e494588a8,open,2.649
2026-09-15T10:30:53Z,515bab29-79a3-4a95-937b-3a13c7907955,open,2.609
2026-09-15T10:30:53Z,005056a9-779e-1eee-bfc4-26f2ed85158d,open,2.559
2026-09-15T10:30:53Z,3d5d33e1-982e-4bd9-831c-7710f4b2bd72,open,2.579
2026-09-15T10:30:53Z,f3f3b1ad-72ef-424a-8237-96c84ef806af,open,2.599
2026-09-15T10:30:53Z,51d4b52a-a095-1aa0-e100-80009459e03a,open,2.559
2026-09-15T10:30:53Z,005056ba-7cb6-1ed2-bceb-8b9067120d33,open,2.559
2026-09-15T10:30:53Z,03344243-1c82-4fe4-9191-9d9bc9cc4d14,open,2.609
2026-09-15T10:30:53Z,51d4b662-a095-1aa0-e100-80009459e03a,open,2.559
2026-09-15T10:30:53Z,695e738d-6386-4189-b454-af4a2947e89d,open,2.609
2026-09-15T11:00:57Z,0644af18-e91e-4f5c-b23b-ecee706482ce,open,2.589
2026-09-15T11:00:57Z,4910a275-9695-403e-bb77-bf059a03713b,open,2.559
2026-09-15T11:00:57Z,e1a15081-2513-9107-e040-0b0a3dfe563c,open,2.559
2026-09-15T11:00:57Z,4c8cac28-e631-42aa-8206-db8f9acf8919,open,2.558
2026-09-15T11:00:57Z,6cc0da1b-3d06-4abf-a2e9-3a4f67469658,open,2.589
2026-09-15T11:00:57Z,3bc75820-2e63-4a74-92cf-ef078b21accf,open,2.569
2026-09-15T11:00:57Z,9cc82fee-ffbf-4cf3-948a-9c5e494588a8,open,2.599
2026-09-15T11:00:57Z,515bab29-79a3-4a95-937b-3a13c7907955,open,2.569
2026-09-15T11:00:57Z,03344243-1c82-4fe4-9191-9d9bc9cc4d14,open,2.569
2026-09-15T11:00:57Z,695e738d-6386-4189-b454-af4a2947e89d,open,2.569
2026-09-15T11:30:50Z,0644af18-e91e-4f5c-b23b-ecee706482ce,open,2.569
2026-09-15T11:30:50Z,4910a275-9695-403e-bb77-bf059a03713b,open,2.539
2026-09-15T11:30:50Z,e1a15081-2513-9107-e040-0b0a3dfe563c,open,2.539
2026-09-15T11:30:50Z,ff84eb62-9c83-4c6a-b3e3-d7dad141e8d5,open,2.569
2026-09-15T11:30:50Z,4c8cac28-e631-42aa-8206-db8f9acf8919,open,2.538
2026-09-15T11:30:50Z,6cc0da1b-3d06-4abf-a2e9-3a4f67469658,open,2.579
2026-09-15T11:30:50Z,3bc75820-2e63-4a74-92cf-ef078b21accf,open,2.549
2026-09-15T11:30:50Z,9cc82fee-ffbf-4cf3-948a-9c5e494588a8,open,2.569
2026-09-15T11:30:50Z,3d5d33e1-982e-4bd9-831c-7710f4b2bd72,open,2.559
2026-09-15T11:30:50Z,f3f3b1ad-72ef-424a-8237-96c84ef806af,open,2.569
2026-09-15T11:30:50Z,51d4b52a-a095-1aa0-e100-80009459e03a,open,2.549
2026-09-15T11:30:50Z,005056ba-7cb6-1ed2-bceb-8b9067120d33,open,2.539
2026-09-15T11:30:50Z,03344243-1c82-4fe4-9191-9d9bc9cc4d14,open,2.539
2026-09-15T11:30:50Z,51d4b662-a095-1aa0-e100-80009459e03a,open,2.529
2026-09-15T11:30:50Z,695e738d-6386-4189-b454-af4a2947e89d,open,2.539
2026-09-15T11:37:49Z,005056a9-779e-1eee-bfc4-26f2ed85158d,open,2.549
2026-09-15T12:01:03Z,23cb9e76-f277-4ab3-b64b-d5d8a71eee0a,open,2.549
2026-09-15T12:01:03Z,0644af18-e91e-4f5c-b23b-ecee706482ce,open,2.559
2026-09-15T12:01:03Z,4910a275-9695-403e-bb77-bf059a03713b,open,2.529
2026-09-15T12:01:03Z,77d0b269-a3f2-4a90-aebb-264d45748583,open,2.559
2026-09-15T12:01:03Z,e1a15081-2513-9107-e040-0b0a3dfe563c,open,2.529
2026-09-15T12:01:03Z,ff84eb62-9c83-4c6a-b3e3-d7dad141e8d5,open,2.539
2026-09-15T12:01:03Z,4c8cac28-e631-42aa-8206-db8f9acf8919,open,2.528
2026-09-15T12:01:03Z,0014c75b-2b35-4fad-b162-8b3fb9125cd2,open,2.559
2026-09-15T12:01:03Z,6cc0da1b-3d06-4abf-a2e9-3a4f67469658,open,2.559
2026-09-15T12:01:03Z,9cc82fee-ffbf-4cf3-948a-9c5e494588a8,open,2.559
2026-09-15T12:01:03Z,515bab29-79a3-4a95-937b-3a13c7907955,open,2.539
2026-09-15T12:01:03Z,005056a9-779e-1eee-bfc4-26f2ed85158d,open,2.529
2026-09-15T12:01:03Z,3d5d33e1-982e-4bd9-831c-7710f4b2bd72,open,2.529
2026-09-15T12:01:03Z,f3f3b1ad-72ef-424a-8237-96c84ef806af,open,2.559
2026-09-15T12:01:03Z,51d4b52a-a095-1aa0-e100-80009459e03a,open,2.529
2026-09-15T12:01:03Z,005056ba-7cb6-1ed2-bceb-8b9067120d33,open,2.529
2026-09-15T12:30:51Z,23cb9e76-f277-4ab3-b64b-d5d8a71eee0a,open,2.539
2026-09-15T12:30:51Z,0644af18-e91e-4f5c-b23b-ecee706482ce,open,2.539
2026-09-15T12:30:51Z,77d0b269-a3f2-4a90-aebb-264d45748583,open,2.539
2026-09-15T12:30:51Z,0014c75b-2b35-4fad-b162-8b3fb9125cd2,open,2.539
2026-09-15T12:30:51Z,6cc0da1b-3d06-4abf-a2e9-3a4f67469658,open,2.549
2026-09-15T12:30:51Z,3bc75820-2e63-4a74-92cf-ef078b21accf,open,2.539
2026-09-15T12:30:51Z,9cc82fee-ffbf-4cf3-948a-9c5e494588a8,open,2.539
2026-09-15T12:30:51Z,f3f3b1ad-72ef-424a-8237-96c84ef806af,open,2.539
2026-09-15T12:30:51Z,51d4b52a-a095-1aa0-e100-80009459e03a,open,2.519
2026-09-15T13:01:00Z,0014c75b-2b35-4fad-b162-8b3fb9125cd2,open,2.529
2026-09-15T13:01:00Z,6cc0da1b-3d06-4abf-a2e9-3a4f67469658,open,2.539
2026-09-15T13:01:00Z,9cc82fee-ffbf-4cf3-948a-9c5e494588a8,open,2.529
2026-09-15T13:01:00Z,515bab29-79a3-4a95-937b-3a13c7907955,open,2.529
2026-09-15T13:01:00Z,005056a9-779e-1eee-bfc4-26f2ed85158d,open,2.519
2026-09-15T13:01:00Z,3d5d33e1-982e-4bd9-831c-7710f4b2bd72,open,2.519
2026-09-15T13:01:00Z,f3f3b1ad-72ef-424a-8237-96c84ef806af,open,2.529
2026-09-15T13:01:00Z,51d4b52a-a095-1aa0-e100-80009459e03a,open,2.509
2026-09-15T13:30:54Z,0644af18-e91e-4f5c-b23b-ecee706482ce,open,2.519
2026-09-15T13:30:54Z,4910a275-9695-403e-bb77-bf059a03713b,open,2.519
2026-09-15T13:30:54Z,e1a15081-2513-9107-e040-0b0a3dfe563c,open,2.519
2026-09-15T13:30:54Z,4c8cac28-e631-42aa-8206-db8f9acf8919,open,2.518
2026-09-15T13:30:54Z,0014c75b-2b35-4fad-b162-8b3fb9125cd2,open,2.519
2026-09-15T13:30:54Z,6cc0da1b-3d06-4abf-a2e9-3a4f67469658,open,2.529
2026-09-15T13:30:54Z,9cc82fee-ffbf-4cf3-948a-9c5e494588a8,open,2.519
2026-09-15T13:30:54Z,515bab29-79a3-4a95-937b-3a13c7907955,open,2.499
2026-09-15T13:30:54Z,005056a9-779e-1eee-bfc4-26f2ed85158d,open,2.509
2026-09-15T13:30:54Z,3d5d33e1-982e-4bd9-831c-7710f4b2bd72,open,2.509
2026-09-15T13:30:54Z,f3f3b1ad-72ef-424a-8237-96c84ef806af,open,2.519
2026-09-15T13:30:54Z,51d4b52a-a095-1aa0-e100-80009459e03a,open,2.499
2026-09-15T13:30:54Z,005056ba-7cb6-1ed2-bceb-8b9067120d33,open,2.519
2026-09-15T13:30:54Z,03344243-1c82-4fe4-9191-9d9bc9cc4d14,open,2.519
2026-09-15T13:30:54Z,51d4b662-a095-1aa0-e100-80009459e03a,open,2.519
2026-09-15T14:01:03Z,0644af18-e91e-4f5c-b23b-ecee706482ce,open,2.509
2026-09-15T14:01:03Z,4910a275-9695-403e-bb77-bf059a03713b,open,2.509
2026-09-15T14:01:03Z,e1a15081-2513-9107-e040-0b0a3dfe563c,open,2.509
2026-09-15T14:01:03Z,ff84eb62-9c83-4c6a-b3e3-d7dad141e8d5,open,2.519
2026-09-15T14:01:03Z,4c8cac28-e631-42aa-8206-db8f9acf8919,open,2.508
2026-09-15T14:01:03Z,3bc75820-2e63-4a74-92cf-ef078b21accf,open,2.519
2026-09-15T14:01:03Z,9cc82fee-ffbf-4cf3-948a-9c5e494588a8,open,2.509
2026-09-15T14:01:03Z,005056a9-779e-1eee-bfc4-26f2ed85158d,open,2.489
2026-09-15T14:01:03Z,3d5d33e1-982e-4bd9-831c-7710f4b2bd72,open,2.489
2026-09-15T14:01:03Z,f3f3b1ad-72ef-424a-8237-96c84ef806af,open,2.509
2026-09-15T14:01:03Z,51d4b52a-a095-1aa0-e100-80009459e03a,open,2.489
2026-09-15T14:01:03Z,005056ba-7cb6-1ed2-bceb-8b9067120d33,open,2.509
2026-09-15T14:01:03Z,51d4b662-a095-1aa0-e100-80009459e03a,open,2.509
2026-09-15T14:01:03Z,695e738d-6386-4189-b454-af4a2947e89d,open,2.519
2026-09-15T14:30:57Z,23cb9e76-f277-4ab3-b64b-d5d8a71eee0a,open,2.519
2026-09-15T14:30:57Z,0644af18-e91e-4f5c-b23b-ecee706482ce,open,2.499
2026-09-15T14:30:57Z,4910a275-9695-403e-bb77-bf059a03713b,open,2.499
2026-09-15T14:30:57Z,77d0b269-a3f2-4a90-aebb-264d45748583,open,2.519
2026-09-15T14:30:57Z,0014c75b-2b35-4fad-b162-8b3fb9125cd2,open,2.499
2026-09-15T14:30:57Z,6cc0da1b-3d06-4abf-a2e9-3a4f67469658,open,2.519
2026-09-15T14:30:57Z,9cc82fee-ffbf-4cf3-948a-9c5e494588a8,open,2.499
2026-09-15T14:30:57Z,515bab29-79a3-4a95-937b-3a13c7907955,open,2.489
2026-09-15T14:30:57Z,005056a9-779e-1eee-bfc4-26f2ed85158d,open,2.479
2026-09-15T14:30:57Z,3d5d33e1-982e-4bd9-831c-7710f4b2bd72,open,2.479
2026-09-15T14:30:57Z,f3f3b1ad-72ef-424a-8237-96c84ef806af,open,2.489
2026-09-15T14:30:57Z,51d4b52a-a095-1aa0-e100-80009459e03a,open,2.479
2026-09-15T15:01:06Z,0644af18-e91e-4f5c-b23b-ecee706482ce,open,2.489
2026-09-15T15:01:06Z,4910a275-9695-403e-bb77-bf059a03713b,open,2.489
2026-09-15T15:01:06Z,ff84eb62-9c83-4c6a-b3e3-d7dad141e8d5,open,2.499
2026-09-15T15:01:06Z,6cc0da1b-3d06-4abf-a2e9-3a4f67469658,open,2.499
2026-09-15T15:01:06Z,3bc75820-2e63-4a74-92cf-ef078b21accf,open,2.499
2026-09-15T15:01:06Z,9cc82fee-ffbf-4cf3-948a-9c5e494588a8,open,2.489
2026-09-15T15:01:06Z,515bab29-79a3-4a95-937b-3a13c7907955,open,2.449
2026-09-15T15:01:06Z,005056a9-779e-1eee-bfc4-26f2ed85158d,open,2.469
2026-09-15T15:01:06Z,3d5d33e1-982e-4bd9-831c-7710f4b2bd72,open,2.469
2026-09-15T15:01:06Z,51d4b52a-a095-1aa0-e100-80009459e03a,open,2.439
2026-09-15T15:01:06Z,51d4b662-a095-1aa0-e100-80009459e03a,open,2.489
2026-09-15T15:30:52Z,23cb9e76-f277-4ab3-b64b-d5d8a71eee0a,open,2.499
2026-09-15T15:30:52Z,0644af18-e91e-4f5c-b23b-ecee706482ce,open,2.449
2026-09-15T15:30:52Z,4910a275-9695-403e-bb77-bf059a03713b,open,2.479
2026-09-15T15:30:52Z,77d0b269-a3f2-4a90-aebb-264d45748583,open,2.499
2026-09-15T15:30:52Z,e1a15081-2513-9107-e040-0b0a3dfe563c,open,2.489
2026-09-15T15:30:52Z,ff84eb62-9c83-4c6a-b3e3-d7dad141e8d5,open,2.489
2026-09-15T15:30:52Z,4c8cac28-e631-42aa-8206-db8f9acf8919,open,2.458
2026-09-15T15:30:52Z,0014c75b-2b35-4fad-b162-8b3fb9125cd2,open,2.449
2026-09-15T15:30:52Z,6cc0da1b-3d06-4abf-a2e9-3a4f67469658,open,2.459
2026-09-15T15:30:52Z,3bc75820-2e63-4a74-92cf-ef078b21accf,open,2.489
2026-09-15T15:30:52Z,9cc82fee-ffbf-4cf3-948a-9c5e494588a8,open,2.449
2026-09-15T15:30:52Z,005056a9-779e-1eee-bfc4-26f2ed85158d,open,2.439
2026-09-15T15:30:52Z,3d5d33e1-982e-4bd9-831c-7710f4b2bd72,open,2.439
2026-09-15T15:30:52Z,f3f3b1ad-72ef-424a-8237-96c84ef806af,open,2.449
2026-09-15T15:30:52Z,51d4b52a-a095-1aa0-e100-80009459e03a,open,2.429
2026-09-15T15:30:52Z,005056ba-7cb6-1ed2-bceb-8b9067120d33,open,2.459
2026-09-15T15:30:52Z,03344243-1c82-4fe4-9191-9d9bc9cc4d14,open,2.489
2026-09-15T15:30:52Z,51d4b662-a095-1aa0-e100-80009459e03a,open,2.479
2026-09-15T15:30:52Z,695e738d-6386-4189-b454-af4a2947e89d,open,2.499
2026-09-15T16:01:00Z,0644af18-e91e-4f5c-b23b-ecee706482ce,open,2.439
2026-09-15T16:01:00Z,4910a275-9695-403e-bb77-bf059a03713b,open,2.439
2026-09-15T16:01:00Z,e1a15081-2513-9107-e040-0b0a3dfe563c,open,2.459
2026-09-15T16:01:00Z,ff84eb62-9c83-4c6a-b3e3-d7dad141e8d5,open,2.449
2026-09-15T16:01:00Z,3bc75820-2e63-4a74-92cf-ef078b21accf,open,2.449
2026-09-15T16:01:00Z,9cc82fee-ffbf-4cf3-948a-9c5e494588a8,open,2.439
2026-09-15T16:01:00Z,515bab29-79a3-4a95-937b-3a13c7907955,open,2.419
2026-09-15T16:01:00Z,005056a9-779e-1eee-bfc4-26f2ed85158d,open,2.429
2026-09-15T16:01:00Z,3d5d33e1-982e-4bd9-831c-7710f4b2bd72,open,2.429
2026-09-15T16:01:00Z,f3f3b1ad-72ef-424a-8237-96c84ef806af,open,2.439
2026-09-15T16:01:00Z,51d4b52a-a095-1aa0-e100-80009459e03a,open,2.409
2026-09-15T16:01:00Z,03344243-1c82-4fe4-9191-9d9bc9cc4d14,open,2.459
2026-09-15T16:01:00Z,51d4b662-a095-1aa0-e100-80009459e03a,open,2.439
2026-09-15T16:01:00Z,695e738d-6386-4189-b454-af4a2947e89d,open,2.459
2026-09-15T16:30:50Z,23cb9e76-f277-4ab3-b64b-d5d8a71eee0a,open,2.449
2026-09-15T16:30:50Z,4910a275-9695-403e-bb77-bf059a03713b,open,2.429
2026-09-15T16:30:50Z,77d0b269-a3f2-4a90-aebb-264d45748583,open,2.449
2026-09-15T16:30:50Z,e1a15081-2513-9107-e040-0b0a3dfe563c,open,2.439
2026-09-15T16:30:50Z,4c8cac28-e631-42aa-8206-db8f9acf8919,open,2.438
2026-09-15T16:30:50Z,0014c75b-2b35-4fad-b162-8b3fb9125cd2,open,2.419
2026-09-15T16:30:50Z,6cc0da1b-3d06-4abf-a2e9-3a4f67469658,open,2.449
2026-09-15T16:30:50Z,005056a9-779e-1eee-bfc4-26f2ed85158d,open,2.409
2026-09-15T16:30:50Z,3d5d33e1-982e-4bd9-831c-7710f4b2bd72,open,2.419
2026-09-15T16:30:50Z,f3f3b1ad-72ef-424a-8237-96c84ef806af,open,2.419
2026-09-15T16:30:50Z,51d4b52a-a095-1aa0-e100-80009459e03a,open,2.399
2026-09-15T16:30:50Z,005056ba-7cb6-1ed2-bceb-8b9067120d33,open,2.439
2026-09-15T16:30:50Z,03344243-1c82-4fe4-9191-9d9bc9cc4d14,open,2.449
2026-09-15T16:30:50Z,695e738d-6386-4189-b454-af4a2947e89d,open,2.449
2026-09-15T16:52:52Z,ff84eb62-9c83-4c6a-b3e3-d7dad141e8d5,open,2.439
2026-09-15T16:52:52Z,3bc75820-2e63-4a74-92cf-ef078b21accf,open,2.439
2026-09-15T16:52:52Z,515bab29-79a3-4a95-937b-3a13c7907955,open,2.409
2026-09-15T16:52:52Z,005056a9-779e-1eee-bfc4-26f2ed85158d,open,2.399
2026-09-15T16:52:52Z,f3f3b1ad-72ef-424a-8237-96c84ef806af,open,2.409
2026-09-15T17:01:00Z,51d4b662-a095-1aa0-e100-80009459e03a,open,2.429
2026-09-15T17:30:52Z,23cb9e76-f277-4ab3-b64b-d5d8a71eee0a,open,2.439
2026-09-15T17:30:52Z,77d0b269-a3f2-4a90-aebb-264d45748583,open,2.439
2026-09-15T17:30:52Z,e1a15081-2513-9107-e040-0b0a3dfe563c,open,2.429
2026-09-15T17:30:52Z,4c8cac28-e631-42aa-8206-db8f9acf8919,open,2.428
2026-09-15T17:30:52Z,6cc0da1b-3d06-4abf-a2e9-3a4f67469658,open,2.439
2026-09-15T17:30:52Z,515bab29-79a3-4a95-937b-3a13c7907955,open,2.399
2026-09-15T17:30:52Z,005056a9-779e-1eee-bfc4-26f2ed85158d,open,2.389
2026-09-15T17:30:52Z,f3f3b1ad-72ef-424a-8237-96c84ef806af,open,2.399
2026-09-15T17:30:52Z,51d4b52a-a095-1aa0-e100-80009459e03a,open,2.389
2026-09-15T17:30:52Z,005056ba-7cb6-1ed2-bceb-8b9067120d33,open,2.429
2026-09-15T17:30:52Z,03344243-1c82-4fe4-9191-9d9bc9cc4d14,open,2.439
2026-09-15T17:30:52Z,695e738d-6386-4189-b454-af4a2947e89d,open,2.439
2026-09-15T18:01:04Z,51d4b52a-a095-1aa0-e100-80009459e03a,open,2.379
2026-09-15T18:30:50Z,515bab29-79a3-4a95-937b-3a13c7907955,open,2.389
2026-09-15T18:30:50Z,005056a9-779e-1eee-bfc4-26f2ed85158d,open,2.379
2026-09-15T18:30:50Z,f3f3b1ad-72ef-424a-8237-96c84ef806af,open,2.389
2026-09-15T19:01:00Z,0644af18-e91e-4f5c-b23b-ecee706482ce,closed,
2026-09-15T20:01:03Z,4910a275-9695-403e-bb77-bf059a03713b,closed,
2026-09-15T20:01:03Z,e1a15081-2513-9107-e040-0b0a3dfe563c,closed,
2026-09-15T20:01:03Z,4c8cac28-e631-42aa-8206-db8f9acf8919,closed,
2026-09-15T20:01:03Z,3bc75820-2e63-4a74-92cf-ef078b21accf,closed,
2026-09-15T20:01:03Z,515bab29-79a3-4a95-937b-3a13c7907955,closed,
2026-09-15T20:01:03Z,51d4b662-a095-1aa0-e100-80009459e03a,closed,
2026-09-15T21:00:58Z,51d4b52a-a095-1aa0-e100-80009459e03a,closed,
2026-09-15T21:00:58Z,005056ba-7cb6-1ed2-bceb-8b9067120d33,closed,
2026-09-16T03:00:59Z,4c8cac28-e631-42aa-8206-db8f9acf8919,open,2.428
2026-09-16T03:00:59Z,51d4b52a-a095-1aa0-e100-80009459e03a,open,2.379
2026-09-16T03:00:59Z,005056ba-7cb6-1ed2-bceb-8b9067120d33,open,2.429
2026-09-16T04:01:04Z,e1a15081-2513-9107-e040-0b0a3dfe563c,open,2.429
2026-09-16T04:01:04Z,0644af18-e91e-4f5c-b23b-ecee706482ce,open,2.439
2026-09-16T04:01:04Z,4910a275-9695-403e-bb77-bf059a03713b,open,2.429
2026-09-16T04:01:04Z,51d4b662-a095-1aa0-e100-80009459e03a,open,2.429
2026-09-16T04:01:04Z,515bab29-79a3-4a95-937b-3a13c7907955,open,2.389
2026-09-16T04:30:53Z,3d5d33e1-982e-4bd9-831c-7710f4b2bd72,open,2.399
2026-09-16T05:00:59Z,3bc75820-2e63-4a74-92cf-ef078b21accf,open,2.439
2026-09-16T05:30:52Z,0644af18-e91e-4f5c-b23b-ecee706482ce,open,2.409
2026-09-16T05:30:52Z,6cc0da1b-3d06-4abf-a2e9-3a4f67469658,open,2.419
2026-09-16T05:30:52Z,9cc82fee-ffbf-4cf3-948a-9c5e494588a8,open,2.409
2026-09-16T06:01:05Z,3bc75820-2e63-4a74-92cf-ef078b21accf,open,2.409
2026-09-16T06:01:05Z,4910a275-9695-403e-bb77-bf059a03713b,open,2.399
2026-09-16T06:01:05Z,51d4b662-a095-1aa0-e100-80009459e03a,open,2.419
2026-09-16T06:01:05Z,03344243-1c82-4fe4-9191-9d9bc9cc4d14,open,2.429
2026-09-16T06:01:05Z,695e738d-6386-4189-b454-af4a2947e89d,open,2.429
2026-09-16T06:30:51Z,e1a15081-2513-9107-e040-0b0a3dfe563c,open,2.419
2026-09-16T06:30:51Z,4c8cac28-e631-42aa-8206-db8f9acf8919,open,2.418
2026-09-16T06:30:51Z,005056ba-7cb6-1ed2-bceb-8b9067120d33,open,2.419
2026-09-16T07:01:11Z,e1a15081-2513-9107-e040-0b0a3dfe563c,open,2.409
2026-09-16T07:01:11Z,0014c75b-2b35-4fad-b162-8b3fb9125cd2,open,2.409
2026-09-16T07:01:11Z,23cb9e76-f277-4ab3-b64b-d5d8a71eee0a,open,2.419
2026-09-16T07:01:11Z,77d0b269-a3f2-4a90-aebb-264d45748583,open,2.429
2026-09-16T07:30:52Z,3d5d33e1-982e-4bd9-831c-7710f4b2bd72,open,2.379
2026-09-16T10:01:16Z,3d5d33e1-982e-4bd9-831c-7710f4b2bd72,open,2.619
2026-09-16T10:30:57Z,e1a15081-2513-9107-e040-0b0a3dfe563c,open,2.599
2026-09-16T10:30:57Z,3bc75820-2e63-4a74-92cf-ef078b21accf,open,2.629
2026-09-16T10:30:57Z,ff84eb62-9c83-4c6a-b3e3-d7dad141e8d5,open,2.649
2026-09-16T10:30:57Z,4c8cac28-e631-42aa-8206-db8f9acf8919,open,2.768
2026-09-16T10:30:57Z,0014c75b-2b35-4fad-b162-8b3fb9125cd2,open,2.619
2026-09-16T10:30:57Z,23cb9e76-f277-4ab3-b64b-d5d8a71eee0a,open,2.619
2026-09-16T10:30:57Z,0644af18-e91e-4f5c-b23b-ecee706482ce,open,2.579
2026-09-16T10:30:57Z,4910a275-9695-403e-bb77-bf059a03713b,open,2.599
2026-09-16T10:30:57Z,77d0b269-a3f2-4a90-aebb-264d45748583,open,2.619
2026-09-16T10:30:57Z,6cc0da1b-3d06-4abf-a2e9-3a4f67469658,open,2.579
2026-09-16T10:30:57Z,51d4b52a-a095-1aa0-e100-80009459e03a,open,2.579
2026-09-16T10:30:57Z,51d4b662-a095-1aa0-e100-80009459e03a,open,2.579
2026-09-16T10:30:57Z,005056a9-779e-1eee-bfc4-26f2ed85158d,open,2.579
2026-09-16T10:30:57Z,005056ba-7cb6-1ed2-bceb-8b9067120d33,open,2.569
2026-09-16T10:30:57Z,03344243-1c82-4fe4-9191-9d9bc9cc4d14,open,2.629
2026-09-16T10:30:57Z,695e738d-6386-4189-b454-af4a2947e89d,open,2.579
2026-09-16T10:30:57Z,9cc82fee-ffbf-4cf3-948a-9c5e494588a8,open,2.669
2026-09-16T10:30:57Z,515bab29-79a3-4a95-937b-3a13c7907955,open,2.629
2026-09-16T10:30:57Z,f3f3b1ad-72ef-424a-8237-96c84ef806af,open,2.609
2026-09-16T10:30:57Z,3d5d33e1-982e-4bd9-831c-7710f4b2bd72,open,2.609
2026-09-16T11:01:07Z,e1a15081-2513-9107-e040-0b0a3dfe563c,open,2.569
2026-09-16T11:01:07Z,3bc75820-2e63-4a74-92cf-ef078b21accf,open,2.579
2026-09-16T11:01:07Z,ff84eb62-9c83-4c6a-b3e3-d7dad141e8d5,open,2.609
2026-09-16T11:01:07Z,4c8cac28-e631-42aa-8206-db8f9acf8919,open,2.568
2026-09-16T11:01:07Z,4910a275-9695-403e-bb77-bf059a03713b,open,2.569
2026-09-16T11:01:07Z,51d4b52a-a095-1aa0-e100-80009459e03a,open,2.569
2026-09-16T11:01:07Z,51d4b662-a095-1aa0-e100-80009459e03a,open,2.569
2026-09-16T11:01:07Z,03344243-1c82-4fe4-9191-9d9bc9cc4d14,open,2.579
2026-09-16T11:01:07Z,9cc82fee-ffbf-4cf3-948a-9c5e494588a8,open,2.599
2026-09-16T11:01:07Z,515bab29-79a3-4a95-937b-3a13c7907955,open,2.589
2026-09-16T11:01:07Z,f3f3b1ad-72ef-424a-8237-96c84ef806af,open,2.589
2026-09-16T11:30:54Z,ff84eb62-9c83-4c6a-b3e3-d7dad141e8d5,open,2.579
2026-09-16T11:30:54Z,4c8cac28-e631-42aa-8206-db8f9acf8919,open,2.538
2026-09-16T11:30:54Z,0014c75b-2b35-4fad-b162-8b3fb9125cd2,open,2.579
2026-09-16T11:30:54Z,23cb9e76-f277-4ab3-b64b-d5d8a71eee0a,open,2.579
2026-09-16T11:30:54Z,77d0b269-a3f2-4a90-aebb-264d45748583,open,2.579
2026-09-16T11:30:54Z,005056a9-779e-1eee-bfc4-26f2ed85158d,open,2.569
2026-09-16T11:30:54Z,005056ba-7cb6-1ed2-bceb-8b9067120d33,open,2.539
2026-09-16T11:30:54Z,03344243-1c82-4fe4-9191-9d9bc9cc4d14,open,2.539
2026-09-16T11:30:54Z,515bab29-79a3-4a95-937b-3a13c7907955,open,2.579
2026-09-16T11:30:54Z,f3f3b1ad-72ef-424a-8237-96c84ef806af,open,2.579
2026-09-16T11:30:54Z,3d5d33e1-982e-4bd9-831c-7710f4b2bd72,open,2.569
2026-09-16T12:01:02Z,e1a15081-2513-9107-e040-0b0a3dfe563c,open,2.529
2026-09-16T12:01:02Z,3bc75820-2e63-4a74-92cf-ef078b21accf,open,2.549
2026-09-16T12:01:02Z,ff84eb62-9c83-4c6a-b3e3-d7dad141e8d5,open,2.539
2026-09-16T12:01:02Z,4c8cac28-e631-42aa-8206-db8f9acf8919,open,2.528
2026-09-16T12:01:02Z,23cb9e76-f277-4ab3-b64b-d5d8a71eee0a,open,2.549
2026-09-16T12:01:02Z,0644af18-e91e-4f5c-b23b-ecee706482ce,open,2.569
2026-09-16T12:01:02Z,4910a275-9695-403e-bb77-bf059a03713b,open,2.529
2026-09-16T12:01:02Z,51d4b52a-a095-1aa0-e100-80009459e03a,open,2.549
2026-09-16T12:01:02Z,51d4b662-a095-1aa0-e100-80009459e03a,open,2.529
2026-09-16T12:01:02Z,005056a9-779e-1eee-bfc4-26f2ed85158d,open,2.559
2026-09-16T12:01:02Z,005056ba-7cb6-1ed2-bceb-8b9067120d33,open,2.529
2026-09-16T12:01:02Z,695e738d-6386-4189-b454-af4a2947e89d,open,2.539
2026-09-16T12:01:02Z,515bab29-79a3-4a95-937b-3a13c7907955,open,2.569
2026-09-16T12:01:02Z,3d5d33e1-982e-4bd9-831c-7710f4b2bd72,open,2.559
2026-09-16T12:30:51Z,3bc75820-2e63-4a74-92cf-ef078b21accf,open,2.539
2026-09-16T12:30:51Z,0014c75b-2b35-4fad-b162-8b3fb9125cd2,open,2.539
2026-09-16T12:30:51Z,23cb9e76-f277-4ab3-b64b-d5d8a71eee0a,open,2.539
2026-09-16T12:30:51Z,0644af18-e91e-4f5c-b23b-ecee706482ce,open,2.539
2026-09-16T12:30:51Z,77d0b269-a3f2-4a90-aebb-264d45748583,open,2.539
2026-09-16T12:30:51Z,6cc0da1b-3d06-4abf-a2e9-3a4f67469658,open,2.539
2026-09-16T12:30:51Z,51d4b52a-a095-1aa0-e100-80009459e03a,open,2.529
2026-09-16T12:30:51Z,005056a9-779e-1eee-bfc4-26f2ed85158d,open,2.529
2026-09-16T12:30:51Z,9cc82fee-ffbf-4cf3-948a-9c5e494588a8,open,2.579
2026-09-16T12:30:51Z,515bab29-79a3-4a95-937b-3a13c7907955,open,2.539
2026-09-16T12:30:51Z,f3f3b1ad-72ef-424a-8237-96c84ef806af,open,2.539
2026-09-16T12:30:51Z,3d5d33e1-982e-4bd9-831c-7710f4b2bd72,open,2.529
2026-09-16T13:01:04Z,0644af18-e91e-4f5c-b23b-ecee706482ce,open,2.529
2026-09-16T13:01:04Z,51d4b52a-a095-1aa0-e100-80009459e03a,open,2.519
2026-09-16T13:01:04Z,005056a9-779e-1eee-bfc4-26f2ed85158d,open,2.519
2026-09-16T13:01:04Z,515bab29-79a3-4a95-937b-3a13c7907955,open,2.529
2026-09-16T13:01:04Z,3d5d33e1-982e-4bd9-831c-7710f4b2bd72,open,2.519
2026-09-16T13:27:46Z,0014c75b-2b35-4fad-b162-8b3fb9125cd2,open,2.529
2026-09-16T13:27:46Z,4910a275-9695-403e-bb77-bf059a03713b,open,2.519
2026-09-16T13:27:46Z,51d4b52a-a095-1aa0-e100-80009459e03a,open,2.509
2026-09-16T13:27:46Z,9cc82fee-ffbf-4cf3-948a-9c5e494588a8,open,2.549
2026-09-16T13:27:46Z,f3f3b1ad-72ef-424a-8237-96c84ef806af,open,2.529
2026-09-16T13:30:53Z,3bc75820-2e63-4a74-92cf-ef078b21accf,open,2.529
2026-09-16T14:01:04Z,ff84eb62-9c83-4c6a-b3e3-d7dad141e8d5,open,2.529
2026-09-16T14:01:04Z,005056a9-779e-1eee-bfc4-26f2ed85158d,open,2.509
2026-09-16T14:01:04Z,005056ba-7cb6-1ed2-bceb-8b9067120d33,open,2.499
2026-09-16T14:01:04Z,515bab29-79a3-4a95-937b-3a13c7907955,open,2.519
2026-09-16T14:01:04Z,f3f3b1ad-72ef-424a-8237-96c84ef806af,open,2.519
2026-09-16T14:01:04Z,3d5d33e1-982e-4bd9-831c-7710f4b2bd72,open,2.509
2026-09-16T14:30:53Z,e1a15081-2513-9107-e040-0b0a3dfe563c,open,2.499
2026-09-16T14:30:53Z,3bc75820-2e63-4a74-92cf-ef078b21accf,open,2.509
2026-09-16T14:30:53Z,ff84eb62-9c83-4c6a-b3e3-d7dad141e8d5,open,2.509
2026-09-16T14:30:53Z,4c8cac28-e631-42aa-8206-db8f9acf8919,open,2.498
2026-09-16T14:30:53Z,0014c75b-2b35-4fad-b162-8b3fb9125cd2,open,2.519
2026-09-16T14:30:53Z,23cb9e76-f277-4ab3-b64b-d5d8a71eee0a,open,2.529
2026-09-16T14:30:53Z,0644af18-e91e-4f5c-b23b-ecee706482ce,open,2.519
2026-09-16T14:30:53Z,4910a275-9695-403e-bb77-bf059a03713b,open,2.499
2026-09-16T14:30:53Z,77d0b269-a3f2-4a90-aebb-264d45748583,open,2.529
2026-09-16T14:30:53Z,51d4b52a-a095-1aa0-e100-80009459e03a,open,2.499
2026-09-16T14:30:53Z,51d4b662-a095-1aa0-e100-80009459e03a,open,2.489
2026-09-16T14:30:53Z,03344243-1c82-4fe4-9191-9d9bc9cc4d14,open,2.499
2026-09-16T14:30:53Z,695e738d-6386-4189-b454-af4a2947e89d,open,2.509
2026-09-16T14:30:53Z,9cc82fee-ffbf-4cf3-948a-9c5e494588a8,open,2.519
2026-09-16T15:01:05Z,e1a15081-2513-9107-e040-0b0a3dfe563c,open,2.489
2026-09-16T15:01:05Z,3bc75820-2e63-4a74-92cf-ef078b21accf,open,2.499
2026-09-16T15:01:05Z,ff84eb62-9c83-4c6a-b3e3-d7dad141e8d5,open,2.499
2026-09-16T15:01:05Z,4c8cac28-e631-42aa-8206-db8f9acf8919,open,2.488
2026-09-16T15:01:05Z,0644af18-e91e-4f5c-b23b-ecee706482ce,open,2.509
2026-09-16T15:01:05Z,4910a275-9695-403e-bb77-bf059a03713b,open,2.489
2026-09-16T15:01:05Z,6cc0da1b-3d06-4abf-a2e9-3a4f67469658,open,2.529
2026-09-16T15:01:05Z,51d4b52a-a095-1aa0-e100-80009459e03a,open,2.489
2026-09-16T15:01:05Z,005056a9-779e-1eee-bfc4-26f2ed85158d,open,2.489
2026-09-16T15:01:05Z,005056ba-7cb6-1ed2-bceb-8b9067120d33,open,2.489
2026-09-16T15:01:05Z,695e738d-6386-4189-b454-af4a2947e89d,open,2.499
2026-09-16T15:01:05Z,9cc82fee-ffbf-4cf3-948a-9c5e494588a8,open,2.509
2026-09-16T15:01:05Z,515bab29-79a3-4a95-937b-3a13c7907955,open,2.499
2026-09-16T15:01:05Z,f3f3b1ad-72ef-424a-8237-96c84ef806af,open,2.509
2026-09-16T15:01:05Z,3d5d33e1-982e-4bd9-831c-7710f4b2bd72,open,2.489
2026-09-16T15:31:02Z,0014c75b-2b35-4fad-b162-8b3fb9125cd2,open,2.499
2026-09-16T15:31:02Z,23cb9e76-f277-4ab3-b64b-d5d8a71eee0a,open,2.499
2026-09-16T15:31:02Z,0644af18-e91e-4f5c-b23b-ecee706482ce,open,2.499
2026-09-16T15:31:02Z,77d0b269-a3f2-4a90-aebb-264d45748583,open,2.499
2026-09-16T15:31:02Z,6cc0da1b-3d06-4abf-a2e9-3a4f67469658,open,2.499
2026-09-16T15:31:02Z,51d4b52a-a095-1aa0-e100-80009459e03a,open,2.479
2026-09-16T15:31:02Z,9cc82fee-ffbf-4cf3-948a-9c5e494588a8,open,2.499
2026-09-16T15:31:02Z,f3f3b1ad-72ef-424a-8237-96c84ef806af,open,2.499
2026-09-16T16:01:10Z,e1a15081-2513-9107-e040-0b0a3dfe563c,open,2.469
2026-09-16T16:01:10Z,4c8cac28-e631-42aa-8206-db8f9acf8919,open,2.468
2026-09-16T16:01:10Z,0644af18-e91e-4f5c-b23b-ecee706482ce,open,2.489
2026-09-16T16:01:10Z,51d4b662-a095-1aa0-e100-80009459e03a,open,2.469
2026-09-16T16:01:10Z,005056a9-779e-1eee-bfc4-26f2ed85158d,open,2.479
2026-09-16T16:01:10Z,005056ba-7cb6-1ed2-bceb-8b9067120d33,open,2.469
2026-09-16T16:01:10Z,03344243-1c82-4fe4-9191-9d9bc9cc4d14,open,2.489
2026-09-16T16:01:10Z,9cc82fee-ffbf-4cf3-948a-9c5e494588a8,open,2.489
2026-09-16T16:01:10Z,515bab29-79a3-4a95-937b-3a13c7907955,open,2.489
2026-09-16T16:01:10Z,f3f3b1ad-72ef-424a-8237-96c84ef806af,open,2.489
2026-09-16T16:01:10Z,3d5d33e1-982e-4bd9-831c-7710f4b2bd72,open,2.479
2026-09-16T16:30:54Z,3bc75820-2e63-4a74-92cf-ef078b21accf,open,2.489
2026-09-16T16:30:54Z,ff84eb62-9c83-4c6a-b3e3-d7dad141e8d5,open,2.479
2026-09-16T16:30:54Z,0014c75b-2b35-4fad-b162-8b3fb9125cd2,open,2.489
2026-09-16T16:30:54Z,23cb9e76-f277-4ab3-b64b-d5d8a71eee0a,open,2.479
2026-09-16T16:30:54Z,4910a275-9695-403e-bb77-bf059a03713b,open,2.469
2026-09-16T16:30:54Z,695e738d-6386-4189-b454-af4a2947e89d,open,2.479
2026-09-16T17:30:58Z,0644af18-e91e-4f5c-b23b-ecee706482ce,open,2.479
2026-09-16T17:30:58Z,77d0b269-a3f2-4a90-aebb-264d45748583,open,2.479
2026-09-16T17:30:58Z,6cc0da1b-3d06-4abf-a2e9-3a4f67469658,open,2.479
2026-09-16T17:30:58Z,51d4b52a-a095-1aa0-e100-80009459e03a,open,2.469
2026-09-16T17:30:58Z,005056a9-779e-1eee-bfc4-26f2ed85158d,open,2.469
2026-09-16T17:30:58Z,f3f3b1ad-72ef-424a-8237-96c84ef806af,open,2.479
2026-09-16T17:30:58Z,3d5d33e1-982e-4bd9-831c-7710f4b2bd72,open,2.469
2026-09-16T18:09:56Z,0014c75b-2b35-4fad-b162-8b3fb9125cd2,open,2.479
2026-09-16T19:01:03Z,0644af18-e91e-4f5c-b23b-ecee706482ce,closed,
2026-09-16T20:01:01Z,e1a15081-2513-9107-e040-0b0a3dfe563c,closed,
2026-09-16T20:01:01Z,3bc75820-2e63-4a74-92cf-ef078b21accf,closed,
2026-09-16T20:01:01Z,4c8cac28-e631-42aa-8206-db8f9acf8919,closed,
2026-09-16T20:01:01Z,4910a275-9695-403e-bb77-bf059a03713b,closed,
2026-09-16T20:01:01Z,51d4b662-a095-1aa0-e100-80009459e03a,closed,
2026-09-16T20:01:01Z,515bab29-79a3-4a95-937b-3a13c7907955,closed,
2026-09-16T21:01:02Z,51d4b52a-a095-1aa0-e100-80009459e03a,closed,
2026-09-16T21:01:02Z,005056ba-7cb6-1ed2-bceb-8b9067120d33,closed,
2026-09-17T03:01:02Z,4c8cac28-e631-42aa-8206-db8f9acf8919,open,2.468
2026-09-17T03:01:02Z,51d4b52a-a095-1aa0-e100-80009459e03a,open,2.469
2026-09-17T03:01:02Z,005056ba-7cb6-1ed2-bceb-8b9067120d33,open,2.469
2026-09-17T04:01:01Z,e1a15081-2513-9107-e040-0b0a3dfe563c,open,2.469
2026-09-17T04:01:01Z,0644af18-e91e-4f5c-b23b-ecee706482ce,open,2.479
2026-09-17T04:01:01Z,4910a275-9695-403e-bb77-bf059a03713b,open,2.469
2026-09-17T04:01:01Z,51d4b662-a095-1aa0-e100-80009459e03a,open,2.469
2026-09-17T04:01:01Z,515bab29-79a3-4a95-937b-3a13c7907955,open,2.489
2026-09-17T05:01:01Z,3bc75820-2e63-4a74-92cf-ef078b21accf,open,2.489
2026-09-17T07:31:00Z,3bc75820-2e63-4a74-92cf-ef078b21accf,open,2.479
2026-09-17T07:31:00Z,03344243-1c82-4fe4-9191-9d9bc9cc4d14,open,2.469
2026-09-17T07:31:00Z,515bab29-79a3-4a95-937b-3a13c7907955,open,2.479
2026-09-17T08:01:04Z,e1a15081-2513-9107-e040-0b0a3dfe563c,open,2.459
2026-09-17T08:01:04Z,ff84eb62-9c83-4c6a-b3e3-d7dad141e8d5,open,2.469
2026-09-17T08:01:04Z,4c8cac28-e631-42aa-8206-db8f9acf8919,open,2.458
2026-09-17T08:01:04Z,0644af18-e91e-4f5c-b23b-ecee706482ce,open,2.469
2026-09-17T08:01:04Z,4910a275-9695-403e-bb77-bf059a03713b,open,2.459
2026-09-17T08:01:04Z,51d4b52a-a095-1aa0-e100-80009459e03a,open,2.459
2026-09-17T08:01:04Z,51d4b662-a095-1aa0-e100-80009459e03a,open,2.459
2026-09-17T08:01:04Z,005056ba-7cb6-1ed2-bceb-8b9067120d33,open,2.459
2026-09-17T08:01:04Z,695e738d-6386-4189-b454-af4a2947e89d,open,2.469
2026-09-17T08:30:54Z,3bc75820-2e63-4a74-92cf-ef078b21accf,open,2.469
2026-09-17T08:30:54Z,23cb9e76-f277-4ab3-b64b-d5d8a71eee0a,open,2.469
2026-09-17T08:30:54Z,51d4b52a-a095-1aa0-e100-80009459e03a,open,2.449
2026-09-17T08:30:54Z,005056a9-779e-1eee-bfc4-26f2ed85158d,open,2.459
2026-09-17T08:30:54Z,515bab29-79a3-4a95-937b-3a13c7907955,open,2.469
2026-09-17T08:30:54Z,f3f3b1ad-72ef-424a-8237-96c84ef806af,open,2.469
2026-09-17T08:30:54Z,3d5d33e1-982e-4bd9-831c-7710f4b2bd72,open,2.459
2026-09-17T09:01:04Z,51d4b52a-a095-1aa0-e100-80009459e03a,open,2.439
2026-09-17T09:01:04Z,005056a9-779e-1eee-bfc4-26f2ed85158d,open,2.449
2026-09-17T09:01:04Z,9cc82fee-ffbf-4cf3-948a-9c5e494588a8,open,2.469
2026-09-17T09:01:04Z,515bab29-79a3-4a95-937b-3a13c7907955,open,2.459
2026-09-17T09:01:04Z,f3f3b1ad-72ef-424a-8237-96c84ef806af,open,2.459
2026-09-17T09:01:04Z,3d5d33e1-982e-4bd9-831c-7710f4b2bd72,open,2.449
2026-09-17T09:30:54Z,005056a9-779e-1eee-bfc4-26f2ed85158d,open,2.439
2026-09-17T09:30:54Z,515bab29-79a3-4a95-937b-3a13c7907955,open,2.449
2026-09-17T09:30:54Z,f3f3b1ad-72ef-424a-8237-96c84ef806af,open,2.449
2026-09-17T09:30:54Z,3d5d33e1-982e-4bd9-831c-7710f4b2bd72,open,2.439
2026-09-17T10:01:09Z,51d4b52a-a095-1aa0-e100-80009459e03a,open,2.429
2026-09-17T10:30:54Z,e1a15081-2513-9107-e040-0b0a3dfe563c,open,2.629
2026-09-17T10:30:54Z,3bc75820-2e63-4a74-92cf-ef078b21accf,open,2.629
2026-09-17T10:30:54Z,ff84eb62-9c83-4c6a-b3e3-d7dad141e8d5,open,2.629
2026-09-17T10:30:54Z,4c8cac28-e631-42aa-8206-db8f9acf8919,open,2.808
2026-09-17T10:30:54Z,0014c75b-2b35-4fad-b162-8b3fb9125cd2,open,2.609
2026-09-17T10:30:54Z,23cb9e76-f277-4ab3-b64b-d5d8a71eee0a,open,2.609
2026-09-17T10:30:54Z,0644af18-e91e-4f5c-b23b-ecee706482ce,open,2.609
2026-09-17T10:30:54Z,4910a275-9695-403e-bb77-bf059a03713b,open,2.599
2026-09-17T10:30:54Z,6cc0da1b-3d06-4abf-a2e9-3a4f67469658,open,2.609
2026-09-17T10:30:54Z,51d4b52a-a095-1aa0-e100-80009459e03a,open,2.579
2026-09-17T10:30:54Z,51d4b662-a095-1aa0-e100-80009459e03a,open,2.579
2026-09-17T10:30:54Z,005056a9-779e-1eee-bfc4-26f2ed85158d,open,2.579
2026-09-17T10:30:54Z,005056ba-7cb6-1ed2-bceb-8b9067120d33,open,2.579
2026-09-17T10:30:54Z,03344243-1c82-4fe4-9191-9d9bc9cc4d14,open,2.629
2026-09-17T10:30:54Z,695e738d-6386-4189-b454-af4a2947e89d,open,2.609
2026-09-17T10:30:54Z,9cc82fee-ffbf-4cf3-948a-9c5e494588a8,open,2.649
2026-09-17T10:30:54Z,515bab29-79a3-4a95-937b-3a13c7907955,open,2.629
2026-09-17T10:30:54Z,f3f3b1ad-72ef-424a-8237-96c84ef806af,open,2.629
2026-09-17T10:30:54Z,3d5d33e1-982e-4bd9-831c-7710f4b2bd72,open,2.599
2026-09-17T11:01:02Z,e1a15081-2513-9107-e040-0b0a3dfe563c,open,2.579
2026-09-17T11:01:02Z,3bc75820-2e63-4a74-92cf-ef078b21accf,open,2.589
2026-09-17T11:01:02Z,4c8cac28-e631-42aa-8206-db8f9acf8919,open,2.578
2026-09-17T11:01:02Z,0644af18-e91e-4f5c-b23b-ecee706482ce,open,2.479
2026-09-17T11:01:02Z,4910a275-9695-403e-bb77-bf059a03713b,open,2.579
2026-09-17T11:01:02Z,6cc0da1b-3d06-4abf-a2e9-3a4f67469658,open,2.479
2026-09-17T11:01:02Z,03344243-1c82-4fe4-9191-9d9bc9cc4d14,open,2.589
2026-09-17T11:01:02Z,695e738d-6386-4189-b454-af4a2947e89d,open,2.589
2026-09-17T11:01:02Z,9cc82fee-ffbf-4cf3-948a-9c5e494588a8,open,2.609
2026-09-17T11:01:02Z,515bab29-79a3-4a95-937b-3a13c7907955,open,2.589
2026-09-17T11:30:52Z,e1a15081-2513-9107-e040-0b0a3dfe563c,open,2.529
2026-09-17T11:30:52Z,3bc75820-2e63-4a74-92cf-ef078b21accf,open,2.479
2026-09-17T11:30:52Z,ff84eb62-9c83-4c6a-b3e3-d7dad141e8d5,open,2.589
2026-09-17T11:30:52Z,4c8cac28-e631-42aa-8206-db8f9acf8919,open,2.568
2026-09-17T11:30:52Z,0014c75b-2b35-4fad-b162-8b3fb9125cd2,open,2.589
2026-09-17T11:30:52Z,23cb9e76-f277-4ab3-b64b-d5d8a71eee0a,open,2.539
2026-09-17T11:30:52Z,4910a275-9695-403e-bb77-bf059a03713b,open,2.469
2026-09-17T11:30:52Z,51d4b52a-a095-1aa0-e100-80009459e03a,open,2.569
2026-09-17T11:30:52Z,51d4b662-a095-1aa0-e100-80009459e03a,open,2.569
2026-09-17T11:30:52Z,005056a9-779e-1eee-bfc4-26f2ed85158d,open,2.569
2026-09-17T11:30:52Z,005056ba-7cb6-1ed2-bceb-8b9067120d33,open,2.569
2026-09-17T11:30:52Z,03344243-1c82-4fe4-9191-9d9bc9cc4d14,open,2.579
2026-09-17T11:30:52Z,695e738d-6386-4189-b454-af4a2947e89d,open,2.579
2026-09-17T11:30:52Z,9cc82fee-ffbf-4cf3-948a-9c5e494588a8,open,2.579
2026-09-17T11:30:52Z,f3f3b1ad-72ef-424a-8237-96c84ef806af,open,2.579
2026-09-17T11:30:52Z,3d5d33e1-982e-4bd9-831c-7710f4b2bd72,open,2.569
2026-09-17T12:01:00Z,e1a15081-2513-9107-e040-0b0a3dfe563c,open,2.469
2026-09-17T12:01:00Z,ff84eb62-9c83-4c6a-b3e3-d7dad141e8d5,open,2.549
2026-09-17T12:01:00Z,4c8cac28-e631-42aa-8206-db8f9acf8919,open,2.558
2026-09-17T12:01:00Z,0014c75b-2b35-4fad-b162-8b3fb9125cd2,open,2.579
2026-09-17T12:01:00Z,23cb9e76-f277-4ab3-b64b-d5d8a71eee0a,open,2.479
2026-09-17T12:01:00Z,51d4b52a-a095-1aa0-e100-80009459e03a,open,2.559
2026-09-17T12:01:00Z,51d4b662-a095-1aa0-e100-80009459e03a,open,2.539
2026-09-17T12:01:00Z,005056ba-7cb6-1ed2-bceb-8b9067120d33,open,2.529
2026-09-17T12:01:00Z,03344243-1c82-4fe4-9191-9d9bc9cc4d14,open,2.569
2026-09-17T12:01:00Z,695e738d-6386-4189-b454-af4a2947e89d,open,2.569
2026-09-17T12:01:00Z,515bab29-79a3-4a95-937b-3a13c7907955,open,2.579
2026-09-17T12:30:52Z,ff84eb62-9c83-4c6a-b3e3-d7dad141e8d5,open,2.509
2026-09-17T12:30:52Z,4c8cac28-e631-42aa-8206-db8f9acf8919,open,2.528
2026-09-17T12:30:52Z,0014c75b-2b35-4fad-b162-8b3fb9125cd2,open,2.569
2026-09-17T12:30:52Z,51d4b52a-a095-1aa0-e100-80009459e03a,open,2.519
2026-09-17T12:30:52Z,51d4b662-a095-1aa0-e100-80009459e03a,open,2.499
2026-09-17T12:30:52Z,005056a9-779e-1eee-bfc4-26f2ed85158d,open,2.549
2026-09-17T12:30:52Z,03344243-1c82-4fe4-9191-9d9bc9cc4d14,open,2.529
2026-09-17T12:30:52Z,695e738d-6386-4189-b454-af4a2947e89d,open,2.529
2026-09-17T12:30:52Z,9cc82fee-ffbf-4cf3-948a-9c5e494588a8,open,2.559
2026-09-17T12:30:52Z,515bab29-79a3-4a95-937b-3a13c7907955,open,2.569
2026-09-17T12:30:52Z,3d5d33e1-982e-4bd9-831c-7710f4b2bd72,open,2.549
2026-09-17T13:01:03Z,ff84eb62-9c83-4c6a-b3e3-d7dad141e8d5,open,2.479
2026-09-17T13:01:03Z,4c8cac28-e631-42aa-8206-db8f9acf8919,open,2.498
2026-09-17T13:01:03Z,0014c75b-2b35-4fad-b162-8b3fb9125cd2,open,2.529
2026-09-17T13:01:03Z,005056ba-7cb6-1ed2-bceb-8b9067120d33,open,2.499
2026-09-17T13:01:03Z,03344243-1c82-4fe4-9191-9d9bc9cc4d14,open,2.509
2026-09-17T13:01:03Z,695e738d-6386-4189-b454-af4a2947e89d,open,2.509
2026-09-17T13:01:03Z,9cc82fee-ffbf-4cf3-948a-9c5e494588a8,open,2.539
2026-09-17T13:01:03Z,515bab29-79a3-4a95-937b-3a13c7907955,open,2.529
2026-09-17T13:01:03Z,f3f3b1ad-72ef-424a-8237-96c84ef806af,open,2.529
2026-09-17T13:01:03Z,005056a9-779e-1eee-bfc4-26f2ed85158d,open,2.519
2026-09-17T13:01:03Z,3d5d33e1-982e-4bd9-831c-7710f4b2bd72,open,2.519
2026-09-17T13:23:18Z,005056ba-7cb6-1ed2-bceb-8b9067120d33,open,2.469
2026-09-17T13:23:18Z,03344243-1c82-4fe4-9191-9d9bc9cc4d14,open,2.479
2026-09-17T13:23:18Z,695e738d-6386-4189-b454-af4a2947e89d,open,2.479
2026-09-17T13:23:18Z,9cc82fee-ffbf-4cf3-948a-9c5e494588a8,open,2.499
2026-09-17T13:23:18Z,51d4b52a-a095-1aa0-e100-80009459e03a,open,2.509
2026-09-17T13:23:18Z,51d4b662-a095-1aa0-e100-80009459e03a,open,2.469
2026-09-17T13:30:53Z,4c8cac28-e631-42aa-8206-db8f9acf8919,open,2.468
2026-09-17T13:30:53Z,3d5d33e1-982e-4bd9-831c-7710f4b2bd72,open,2.499
2026-09-17T13:30:53Z,515bab29-79a3-4a95-937b-3a13c7907955,open,2.519
2026-09-17T13:30:53Z,005056a9-779e-1eee-bfc4-26f2ed85158d,open,2.499
2026-09-17T14:01:05Z,51d4b52a-a095-1aa0-e100-80009459e03a,open,2.489
2026-09-17T14:01:05Z,005056a9-779e-1eee-bfc4-26f2ed85158d,open,2.489
2026-09-17T14:01:05Z,3d5d33e1-982e-4bd9-831c-7710f4b2bd72,open,2.489
2026-09-17T14:01:05Z,515bab29-79a3-4a95-937b-3a13c7907955,open,2.509
2026-09-17T14:01:05Z,f3f3b1ad-72ef-424a-8237-96c84ef806af,open,2.499
2026-09-17T14:30:52Z,0014c75b-2b35-4fad-b162-8b3fb9125cd2,open,2.499
2026-09-17T14:30:52Z,005056a9-779e-1eee-bfc4-26f2ed85158d,open,2.479
2026-09-17T14:30:52Z,3d5d33e1-982e-4bd9-831c-7710f4b2bd72,open,2.479
2026-09-17T14:30:52Z,9cc82fee-ffbf-4cf3-948a-9c5e494588a8,open,2.489
2026-09-17T14:30:52Z,515bab29-79a3-4a95-937b-3a13c7907955,open,2.499
2026-09-17T15:01:02Z,51d4b52a-a095-1aa0-e100-80009459e03a,open,2.479
2026-09-17T15:01:02Z,515bab29-79a3-4a95-937b-3a13c7907955,open,2.489
2026-09-17T15:01:02Z,f3f3b1ad-72ef-424a-8237-96c84ef806af,open,2.489
2026-09-17T15:30:57Z,0014c75b-2b35-4fad-b162-8b3fb9125cd2,open,2.489
2026-09-17T15:30:57Z,51d4b52a-a095-1aa0-e100-80009459e03a,open,2.469
2026-09-17T15:30:57Z,005056a9-779e-1eee-bfc4-26f2ed85158d,open,2.469
2026-09-17T15:30:57Z,3d5d33e1-982e-4bd9-831c-7710f4b2bd72,open,2.469
2026-09-17T15:30:57Z,515bab29-79a3-4a95-937b-3a13c7907955,open,2.479
2026-09-17T16:01:01Z,51d4b52a-a095-1aa0-e100-80009459e03a,open,2.459
2026-09-17T16:01:01Z,005056a9-779e-1eee-bfc4-26f2ed85158d,open,2.459
2026-09-17T16:01:01Z,3d5d33e1-982e-4bd9-831c-7710f4b2bd72,open,2.459
2026-09-17T16:01:01Z,9cc82fee-ffbf-4cf3-948a-9c5e494588a8,open,2.469
2026-09-17T16:01:01Z,515bab29-79a3-4a95-937b-3a13c7907955,open,2.469
2026-09-17T16:01:01Z,f3f3b1ad-72ef-424a-8237-96c84ef806af,open,2.469
2026-09-17T16:30:55Z,0014c75b-2b35-4fad-b162-8b3fb9125cd2,open,2.469
2026-09-17T16:30:55Z,0644af18-e91e-4f5c-b23b-ecee706482ce,open,2.469
2026-09-17T16:30:55Z,4910a275-9695-403e-bb77-bf059a03713b,open,2.459
2026-09-17T16:30:55Z,51d4b52a-a095-1aa0-e100-80009459e03a,open,2.449
2026-09-17T17:01:06Z,3bc75820-2e63-4a74-92cf-ef078b21accf,open,2.469
2026-09-17T17:01:06Z,0644af18-e91e-4f5c-b23b-ecee706482ce,open,2.459
2026-09-17T17:01:06Z,ff84eb62-9c83-4c6a-b3e3-d7dad141e8d5,open,2.469
2026-09-17T17:01:06Z,51d4b52a-a095-1aa0-e100-80009459e03a,open,2.439
2026-09-17T17:01:06Z,005056a9-779e-1eee-bfc4-26f2ed85158d,open,2.449
2026-09-17T17:01:06Z,3d5d33e1-982e-4bd9-831c-7710f4b2bd72,open,2.449
2026-09-17T17:01:06Z,9cc82fee-ffbf-4cf3-948a-9c5e494588a8,open,2.459
2026-09-17T17:01:06Z,515bab29-79a3-4a95-937b-3a13c7907955,open,2.449
2026-09-17T17:01:06Z,f3f3b1ad-72ef-424a-8237-96c84ef806af,open,2.459
2026-09-17T17:30:52Z,4c8cac28-e631-42aa-8206-db8f9acf8919,open,2.458
2026-09-17T17:30:52Z,0014c75b-2b35-4fad-b162-8b3fb9125cd2,open,2.449
2026-09-17T17:30:52Z,e1a15081-2513-9107-e040-0b0a3dfe563c,open,2.459
2026-09-17T17:30:52Z,6cc0da1b-3d06-4abf-a2e9-3a4f67469658,open,2.469
2026-09-17T17:30:52Z,4910a275-9695-403e-bb77-bf059a03713b,open,2.449
2026-09-17T17:30:52Z,51d4b52a-a095-1aa0-e100-80009459e03a,open,2.429
2026-09-17T17:30:52Z,005056a9-779e-1eee-bfc4-26f2ed85158d,open,2.439
2026-09-17T17:30:52Z,005056ba-7cb6-1ed2-bceb-8b9067120d33,open,2.459
2026-09-17T17:30:52Z,03344243-1c82-4fe4-9191-9d9bc9cc4d14,open,2.469
2026-09-17T17:30:52Z,695e738d-6386-4189-b454-af4a2947e89d,open,2.469
2026-09-17T17:30:52Z,3d5d33e1-982e-4bd9-831c-7710f4b2bd72,open,2.439
2026-09-17T17:30:52Z,f3f3b1ad-72ef-424a-8237-96c84ef806af,open,2.449
2026-09-17T17:30:52Z,51d4b662-a095-1aa0-e100-80009459e03a,open,2.459
2026-09-17T18:01:06Z,3bc75820-2e63-4a74-92cf-ef078b21accf,open,2.459
2026-09-17T18:01:06Z,ff84eb62-9c83-4c6a-b3e3-d7dad141e8d5,open,2.459
2026-09-17T18:01:06Z,005056a9-779e-1eee-bfc4-26f2ed85158d,open,2.429
2026-09-17T18:01:06Z,3d5d33e1-982e-4bd9-831c-7710f4b2bd72,open,2.429
2026-09-17T18:01:06Z,515bab29-79a3-4a95-937b-3a13c7907955,open,2.439
2026-09-17T18:01:06Z,f3f3b1ad-72ef-424a-8237-96c84ef806af,open,2.439
2026-09-17T18:09:41Z,0014c75b-2b35-4fad-b162-8b3fb9125cd2,open,2.439
2026-09-17T18:09:41Z,23cb9e76-f277-4ab3-b64b-d5d8a71eee0a,open,2.469
2026-09-17T18:31:00Z,e1a15081-2513-9107-e040-0b0a3dfe563c,open,2.449
2026-09-17T18:31:00Z,005056ba-7cb6-1ed2-bceb-8b9067120d33,open,2.449
2026-09-17T18:31:00Z,03344243-1c82-4fe4-9191-9d9bc9cc4d14,open,2.459
2026-09-17T18:31:00Z,695e738d-6386-4189-b454-af4a2947e89d,open,2.459
2026-09-17T18:31:00Z,51d4b662-a095-1aa0-e100-80009459e03a,open,2.449
2026-09-17T19:01:02Z,4c8cac28-e631-42aa-8206-db8f9acf8919,open,2.448
2026-09-17T19:01:02Z,0644af18-e91e-4f5c-b23b-ecee706482ce,closed,
2026-09-17T20:01:01Z,4c8cac28-e631-42aa-8206-db8f9acf8919,closed,
2026-09-17T20:01:01Z,e1a15081-2513-9107-e040-0b0a3dfe563c,closed,
2026-09-17T20:01:01Z,3bc75820-2e63-4a74-92cf-ef078b21accf,closed,
2026-09-17T20:01:01Z,4910a275-9695-403e-bb77-bf059a03713b,closed,
2026-09-17T20:01:01Z,515bab29-79a3-4a95-937b-3a13c7907955,closed,
2026-09-17T20:01:01Z,51d4b662-a095-1aa0-e100-80009459e03a,closed,
2026-09-17T21:01:04Z,51d4b52a-a095-1aa0-e100-80009459e03a,closed,
2026-09-17T21:01:04Z,005056ba-7cb6-1ed2-bceb-8b9067120d33,closed,
2026-09-18T03:01:01Z,4c8cac28-e631-42aa-8206-db8f9acf8919,open,2.448
2026-09-18T03:01:01Z,51d4b52a-a095-1aa0-e100-80009459e03a,open,2.429
2026-09-18T03:01:01Z,005056ba-7cb6-1ed2-bceb-8b9067120d33,open,2.449
2026-09-18T04:00:59Z,e1a15081-2513-9107-e040-0b0a3dfe563c,open,2.449
2026-09-18T04:00:59Z,0644af18-e91e-4f5c-b23b-ecee706482ce,open,2.459
2026-09-18T04:00:59Z,4910a275-9695-403e-bb77-bf059a03713b,open,2.449
2026-09-18T04:00:59Z,515bab29-79a3-4a95-937b-3a13c7907955,open,2.439
2026-09-18T04:00:59Z,51d4b662-a095-1aa0-e100-80009459e03a,open,2.449
2026-09-18T04:30:56Z,6cc0da1b-3d06-4abf-a2e9-3a4f67469658,open,2.459
2026-09-18T04:30:56Z,0644af18-e91e-4f5c-b23b-ecee706482ce,open,2.449
2026-09-18T04:40:05Z,4910a275-9695-403e-bb77-bf059a03713b,open,2.439
2026-09-18T05:01:04Z,3bc75820-2e63-4a74-92cf-ef078b21accf,open,2.449
2026-09-18T05:01:04Z,ff84eb62-9c83-4c6a-b3e3-d7dad141e8d5,open,2.449
2026-09-18T05:30:53Z,4c8cac28-e631-42aa-8206-db8f9acf8919,open,2.438
2026-09-18T05:30:53Z,e1a15081-2513-9107-e040-0b0a3dfe563c,open,2.439
2026-09-18T05:30:53Z,6cc0da1b-3d06-4abf-a2e9-3a4f67469658,open,2.449
2026-09-18T05:30:53Z,0644af18-e91e-4f5c-b23b-ecee706482ce,open,2.439
2026-09-18T05:30:53Z,4910a275-9695-403e-bb77-bf059a03713b,open,2.429
2026-09-18T05:30:53Z,005056ba-7cb6-1ed2-bceb-8b9067120d33,open,2.439
2026-09-18T05:30:53Z,03344243-1c82-4fe4-9191-9d9bc9cc4d14,open,2.449
2026-09-18T05:30:53Z,695e738d-6386-4189-b454-af4a2947e89d,open,2.449
2026-09-18T05:30:53Z,9cc82fee-ffbf-4cf3-948a-9c5e494588a8,open,2.449
2026-09-18T05:30:53Z,51d4b662-a095-1aa0-e100-80009459e03a,open,2.439
2026-09-18T06:01:02Z,3bc75820-2e63-4a74-92cf-ef078b21accf,open,2.439
2026-09-18T06:01:02Z,ff84eb62-9c83-4c6a-b3e3-d7dad141e8d5,open,2.439
2026-09-18T06:30:55Z,4c8cac28-e631-42aa-8206-db8f9acf8919,open,2.428
2026-09-18T06:30:55Z,e1a15081-2513-9107-e040-0b0a3dfe563c,open,2.429
2026-09-18T06:30:55Z,005056ba-7cb6-1ed2-bceb-8b9067120d33,open,2.429
2026-09-18T06:30:55Z,03344243-1c82-4fe4-9191-9d9bc9cc4d14,open,2.439
2026-09-18T06:30:55Z,695e738d-6386-4189-b454-af4a2947e89d,open,2.439
2026-09-18T06:30:55Z,51d4b662-a095-1aa0-e100-80009459e03a,open,2.429
2026-09-18T07:01:05Z,23cb9e76-f277-4ab3-b64b-d5d8a71eee0a,open,2.439
2026-09-18T07:31:04Z,51d4b52a-a095-1aa0-e100-80009459e03a,open,2.419
2026-09-18T08:01:01Z,005056a9-779e-1eee-bfc4-26f2ed85158d,open,2.419
2026-09-18T08:01:01Z,3d5d33e1-982e-4bd9-831c-7710f4b2bd72,open,2.419
2026-09-18T08:01:01Z,515bab29-79a3-4a95-937b-3a13c7907955,open,2.429
2026-09-18T08:01:01Z,f3f3b1ad-72ef-424a-8237-96c84ef806af,open,2.429
2026-09-18T08:30:57Z,0014c75b-2b35-4fad-b162-8b3fb9125cd2,open,2.429
2026-09-18T08:30:57Z,51d4b52a-a095-1aa0-e100-80009459e03a,open,2.399
2026-09-18T08:30:57Z,005056a9-779e-1eee-bfc4-26f2ed85158d,open,2.409
2026-09-18T08:30:57Z,3d5d33e1-982e-4bd9-831c-7710f4b2bd72,open,2.409
2026-09-18T08:30:57Z,515bab29-79a3-4a95-937b-3a13c7907955,open,2.419
2026-09-18T08:30:57Z,f3f3b1ad-72ef-424a-8237-96c84ef806af,open,2.419
2026-09-18T09:01:03Z,6cc0da1b-3d06-4abf-a2e9-3a4f67469658,open,2.429
2026-09-18T09:01:03Z,0644af18-e91e-4f5c-b23b-ecee706482ce,open,2.419
2026-09-18T09:01:03Z,4910a275-9695-403e-bb77-bf059a03713b,open,2.409
2026-09-18T09:01:03Z,005056a9-779e-1eee-bfc4-26f2ed85158d,open,2.399
2026-09-18T09:01:03Z,3d5d33e1-982e-4bd9-831c-7710f4b2bd72,open,2.399
2026-09-18T09:01:03Z,9cc82fee-ffbf-4cf3-948a-9c5e494588a8,open,2.429
2026-09-18T09:01:03Z,515bab29-79a3-4a95-937b-3a13c7907955,open,2.409
2026-09-18T09:01:03Z,f3f3b1ad-72ef-424a-8237-96c84ef806af,open,2.409
2026-09-18T09:30:53Z,e1a15081-2513-9107-e040-0b0a3dfe563c,open,2.409
2026-09-18T09:30:53Z,3bc75820-2e63-4a74-92cf-ef078b21accf,open,2.429
2026-09-18T09:30:53Z,ff84eb62-9c83-4c6a-b3e3-d7dad141e8d5,open,2.419
2026-09-18T09:30:53Z,51d4b52a-a095-1aa0-e100-80009459e03a,open,2.369
2026-09-18T09:30:53Z,005056a9-779e-1eee-bfc4-26f2ed85158d,open,2.389
2026-09-18T09:30:53Z,3d5d33e1-982e-4bd9-831c-7710f4b2bd72,open,2.389
2026-09-18T09:30:53Z,515bab29-79a3-4a95-937b-3a13c7907955,open,2.399
2026-09-18T09:30:53Z,f3f3b1ad-72ef-424a-8237-96c84ef806af,open,2.399
2026-09-18T09:30:53Z,51d4b662-a095-1aa0-e100-80009459e03a,open,2.409
2026-09-18T10:01:02Z,005056a9-779e-1eee-bfc4-26f2ed85158d,open,2.369
2026-09-18T10:01:02Z,005056ba-7cb6-1ed2-bceb-8b9067120d33,open,2.409
2026-09-18T10:01:02Z,695e738d-6386-4189-b454-af4a2947e89d,open,2.419
2026-09-18T10:01:02Z,3d5d33e1-982e-4bd9-831c-7710f4b2bd72,open,2.379
2026-09-18T10:31:04Z,4c8cac28-e631-42aa-8206-db8f9acf8919,open,2.778
2026-09-18T10:31:04Z,0014c75b-2b35-4fad-b162-8b3fb9125cd2,open,2.609
2026-09-18T10:31:04Z,e1a15081-2513-9107-e040-0b0a3dfe563c,open,2.589
2026-09-18T10:31:04Z,6cc0da1b-3d06-4abf-a2e9-3a4f67469658,open,2.579
2026-09-18T10:31:04Z,23cb9e76-f277-4ab3-b64b-d5d8a71eee0a,open,2.609
2026-09-18T10:31:04Z,3bc75820-2e63-4a74-92cf-ef078b21accf,open,2.599
2026-09-18T10:31:04Z,0644af18-e91e-4f5c-b23b-ecee706482ce,open,2.579
2026-09-18T10:31:04Z,4910a275-9695-403e-bb77-bf059a03713b,open,2.569
2026-09-18T10:31:04Z,ff84eb62-9c83-4c6a-b3e3-d7dad141e8d5,open,2.599
2026-09-18T10:31:04Z,51d4b52a-a095-1aa0-e100-80009459e03a,open,2.569
2026-09-18T10:31:04Z,005056a9-779e-1eee-bfc4-26f2ed85158d,open,2.569
2026-09-18T10:31:04Z,005056ba-7cb6-1ed2-bceb-8b9067120d33,open,2.569
2026-09-18T10:31:04Z,03344243-1c82-4fe4-9191-9d9bc9cc4d14,open,2.599
2026-09-18T10:31:04Z,695e738d-6386-4189-b454-af4a2947e89d,open,2.579
2026-09-18T10:31:04Z,3d5d33e1-982e-4bd9-831c-7710f4b2bd72,open,2.599
2026-09-18T10:31:04Z,9cc82fee-ffbf-4cf3-948a-9c5e494588a8,open,2.599
2026-09-18T10:31:04Z,515bab29-79a3-4a95-937b-3a13c7907955,open,2.599
2026-09-18T10:31:04Z,f3f3b1ad-72ef-424a-8237-96c84ef806af,open,2.599
2026-09-18T10:31:04Z,51d4b662-a095-1aa0-e100-80009459e03a,open,2.569
2026-09-18T11:01:04Z,4c8cac28-e631-42aa-8206-db8f9acf8919,open,2.568
2026-09-18T11:01:04Z,e1a15081-2513-9107-e040-0b0a3dfe563c,open,2.569
2026-09-18T11:01:04Z,6cc0da1b-3d06-4abf-a2e9-3a4f67469658,open,2.479
2026-09-18T11:01:04Z,3bc75820-2e63-4a74-92cf-ef078b21accf,open,2.579
2026-09-18T11:01:04Z,0644af18-e91e-4f5c-b23b-ecee706482ce,open,2.569
2026-09-18T11:01:04Z,4910a275-9695-403e-bb77-bf059a03713b,open,2.559
2026-09-18T11:01:04Z,03344243-1c82-4fe4-9191-9d9bc9cc4d14,open,2.569
2026-09-18T11:01:04Z,9cc82fee-ffbf-4cf3-948a-9c5e494588a8,open,2.579
2026-09-18T11:01:04Z,515bab29-79a3-4a95-937b-3a13c7907955,open,2.579
2026-09-18T11:07:11Z,0644af18-e91e-4f5c-b23b-ecee706482ce,open,2.479
2026-09-18T11:07:11Z,3d5d33e1-982e-4bd9-831c-7710f4b2bd72,open,2.569
2026-09-18T11:30:52Z,4c8cac28-e631-42aa-8206-db8f9acf8919,open,2.558
2026-09-18T11:30:52Z,0014c75b-2b35-4fad-b162-8b3fb9125cd2,open,2.579
2026-09-18T11:30:52Z,e1a15081-2513-9107-e040-0b0a3dfe563c,open,2.519
2026-09-18T11:30:52Z,23cb9e76-f277-4ab3-b64b-d5d8a71eee0a,open,2.539
2026-09-18T11:30:52Z,3bc75820-2e63-4a74-92cf-ef078b21accf,open,2.479
2026-09-18T11:30:52Z,4910a275-9695-403e-bb77-bf059a03713b,open,2.469
2026-09-18T11:30:52Z,ff84eb62-9c83-4c6a-b3e3-d7dad141e8d5,open,2.569
2026-09-18T11:30:52Z,51d4b52a-a095-1aa0-e100-80009459e03a,open,2.559
2026-09-18T11:30:52Z,005056a9-779e-1eee-bfc4-26f2ed85158d,open,2.519
2026-09-18T11:30:52Z,005056ba-7cb6-1ed2-bceb-8b9067120d33,open,2.559
2026-09-18T11:30:52Z,03344243-1c82-4fe4-9191-9d9bc9cc4d14,open,2.529
2026-09-18T11:30:52Z,695e738d-6386-4189-b454-af4a2947e89d,open,2.569
2026-09-18T11:30:52Z,3d5d33e1-982e-4bd9-831c-7710f4b2bd72,open,2.519
2026-09-18T11:30:52Z,9cc82fee-ffbf-4cf3-948a-9c5e494588a8,open,2.529
2026-09-18T11:30:52Z,f3f3b1ad-72ef-424a-8237-96c84ef806af,open,2.579
2026-09-18T11:30:52Z,51d4b662-a095-1aa0-e100-80009459e03a,open,2.519
2026-09-18T12:01:05Z,4c8cac28-e631-42aa-8206-db8f9acf8919,open,2.518
2026-09-18T12:01:05Z,0014c75b-2b35-4fad-b162-8b3fb9125cd2,open,2.499
2026-09-18T12:01:05Z,e1a15081-2513-9107-e040-0b0a3dfe563c,open,2.469
2026-09-18T12:01:05Z,23cb9e76-f277-4ab3-b64b-d5d8a71eee0a,open,2.479
2026-09-18T12:01:05Z,ff84eb62-9c83-4c6a-b3e3-d7dad141e8d5,open,2.529
2026-09-18T12:01:05Z,51d4b52a-a095-1aa0-e100-80009459e03a,open,2.519
2026-09-18T12:01:05Z,005056a9-779e-1eee-bfc4-26f2ed85158d,open,2.489
2026-09-18T12:01:05Z,005056ba-7cb6-1ed2-bceb-8b9067120d33,open,2.519
2026-09-18T12:01:05Z,695e738d-6386-4189-b454-af4a2947e89d,open,2.529
2026-09-18T12:01:05Z,3d5d33e1-982e-4bd9-831c-7710f4b2bd72,open,2.489
2026-09-18T12:01:05Z,515bab29-79a3-4a95-937b-3a13c7907955,open,2.509
2026-09-18T12:01:05Z,f3f3b1ad-72ef-424a-8237-96c84ef806af,open,2.529
2026-09-18T12:30:55Z,4c8cac28-e631-42aa-8206-db8f9acf8919,open,2.508
2026-09-18T12:30:55Z,ff84eb62-9c83-4c6a-b3e3-d7dad141e8d5,open,2.489
2026-09-18T12:30:55Z,51d4b52a-a095-1aa0-e100-80009459e03a,open,2.499
2026-09-18T12:30:55Z,005056ba-7cb6-1ed2-bceb-8b9067120d33,open,2.509
2026-09-18T12:30:55Z,03344243-1c82-4fe4-9191-9d9bc9cc4d14,open,2.509
2026-09-18T12:30:55Z,695e738d-6386-4189-b454-af4a2947e89d,open,2.519
2026-09-18T12:30:55Z,9cc82fee-ffbf-4cf3-948a-9c5e494588a8,open,2.509
2026-09-18T12:30:55Z,515bab29-79a3-4a95-937b-3a13c7907955,open,2.499
2026-09-18T12:30:55Z,51d4b662-a095-1aa0-e100-80009459e03a,open,2.499
2026-09-18T13:01:06Z,4c8cac28-e631-42aa-8206-db8f9acf8919,open,2.478
2026-09-18T13:01:06Z,ff84eb62-9c83-4c6a-b3e3-d7dad141e8d5,open,2.479
2026-09-18T13:01:06Z,51d4b52a-a095-1aa0-e100-80009459e03a,open,2.489
2026-09-18T13:01:06Z,005056ba-7cb6-1ed2-bceb-8b9067120d33,open,2.479
2026-09-18T13:01:06Z,03344243-1c82-4fe4-9191-9d9bc9cc4d14,open,2.489
2026-09-18T13:01:06Z,695e738d-6386-4189-b454-af4a2947e89d,open,2.489
2026-09-18T13:01:06Z,f3f3b1ad-72ef-424a-8237-96c84ef806af,open,2.509
2026-09-18T13:01:06Z,51d4b662-a095-1aa0-e100-80009459e03a,open,2.469
2026-09-18T13:30:56Z,4c8cac28-e631-42aa-8206-db8f9acf8919,open,2.468
2026-09-18T13:30:56Z,51d4b52a-a095-1aa0-e100-80009459e03a,open,2.479
2026-09-18T13:30:56Z,005056a9-779e-1eee-bfc4-26f2ed85158d,open,2.479
2026-09-18T13:30:56Z,005056ba-7cb6-1ed2-bceb-8b9067120d33,open,2.469
2026-09-18T13:30:56Z,03344243-1c82-4fe4-9191-9d9bc9cc4d14,open,2.479
2026-09-18T13:30:56Z,695e738d-6386-4189-b454-af4a2947e89d,open,2.479
2026-09-18T13:30:56Z,3d5d33e1-982e-4bd9-831c-7710f4b2bd72,open,2.479
2026-09-18T13:30:56Z,9cc82fee-ffbf-4cf3-948a-9c5e494588a8,open,2.489
2026-09-18T13:30:56Z,f3f3b1ad-72ef-424a-8237-96c84ef806af,open,2.499
2026-09-18T14:01:06Z,515bab29-79a3-4a95-937b-3a13c7907955,open,2.489
2026-09-18T14:01:06Z,f3f3b1ad-72ef-424a-8237-96c84ef806af,open,2.489
2026-09-18T14:30:53Z,0014c75b-2b35-4fad-b162-8b3fb9125cd2,open,2.489
2026-09-18T14:30:53Z,51d4b52a-a095-1aa0-e100-80009459e03a,open,2.469
2026-09-18T14:30:53Z,005056a9-779e-1eee-bfc4-26f2ed85158d,open,2.469
2026-09-18T14:30:53Z,3d5d33e1-982e-4bd9-831c-7710f4b2bd72,open,2.469
2026-09-18T14:30:53Z,515bab29-79a3-4a95-937b-3a13c7907955,open,2.479
2026-09-18T15:01:03Z,51d4b52a-a095-1aa0-e100-80009459e03a,open,2.439
2026-09-18T15:01:03Z,9cc82fee-ffbf-4cf3-948a-9c5e494588a8,open,2.479
2026-09-18T15:01:03Z,515bab29-79a3-4a95-937b-3a13c7907955,open,2.449
2026-09-18T15:01:03Z,f3f3b1ad-72ef-424a-8237-96c84ef806af,open,2.479
2026-09-18T15:30:56Z,0014c75b-2b35-4fad-b162-8b3fb9125cd2,open,2.449
2026-09-18T15:30:56Z,0644af18-e91e-4f5c-b23b-ecee706482ce,open,2.449
2026-09-18T15:30:56Z,51d4b52a-a095-1aa0-e100-80009459e03a,open,2.429
2026-09-18T15:30:56Z,005056a9-779e-1eee-bfc4-26f2ed85158d,open,2.439
2026-09-18T15:30:56Z,3d5d33e1-982e-4bd9-831c-7710f4b2bd72,open,2.439
2026-09-18T15:30:56Z,9cc82fee-ffbf-4cf3-948a-9c5e494588a8,open,2.449
2026-09-18T15:30:56Z,f3f3b1ad-72ef-424a-8237-96c84ef806af,open,2.449
2026-09-18T16:01:06Z,6cc0da1b-3d06-4abf-a2e9-3a4f67469658,open,2.459
2026-09-18T16:01:06Z,3bc75820-2e63-4a74-92cf-ef078b21accf,open,2.449
2026-09-18T16:01:06Z,4910a275-9695-403e-bb77-bf059a03713b,open,2.439
2026-09-18T16:01:06Z,51d4b52a-a095-1aa0-e100-80009459e03a,open,2.399
2026-09-18T16:01:06Z,005056a9-779e-1eee-bfc4-26f2ed85158d,open,2.429
2026-09-18T16:01:06Z,03344243-1c82-4fe4-9191-9d9bc9cc4d14,open,2.469
2026-09-18T16:01:06Z,3d5d33e1-982e-4bd9-831c-7710f4b2bd72,open,2.429
2026-09-18T16:01:06Z,9cc82fee-ffbf-4cf3-948a-9c5e494588a8,open,2.439
2026-09-18T16:01:06Z,515bab29-79a3-4a95-937b-3a13c7907955,open,2.409
2026-09-18T16:01:06Z,f3f3b1ad-72ef-424a-8237-96c84ef806af,open,2.439
2026-09-18T16:01:06Z,51d4b662-a095-1aa0-e100-80009459e03a,open,2.459
2026-09-18T16:20:17Z,4c8cac28-e631-42aa-8206-db8f9acf8919,open,2.458
2026-09-18T16:20:17Z,0014c75b-2b35-4fad-b162-8b3fb9125cd2,open,2.419
2026-09-18T16:20:17Z,e1a15081-2513-9107-e040-0b0a3dfe563c,open,2.449
2026-09-18T16:20:17Z,6cc0da1b-3d06-4abf-a2e9-3a4f67469658,open,2.449
2026-09-18T16:20:17Z,23cb9e76-f277-4ab3-b64b-d5d8a71eee0a,open,2.459
2026-09-18T16:20:17Z,0644af18-e91e-4f5c-b23b-ecee706482ce,open,2.439
2026-09-18T16:20:17Z,4910a275-9695-403e-bb77-bf059a03713b,open,2.429
2026-09-18T16:20:17Z,77d0b269-a3f2-4a90-aebb-264d45748583,open,2.459
2026-09-18T16:20:17Z,005056a9-779e-1eee-bfc4-26f2ed85158d,open,2.399
2026-09-18T16:20:17Z,005056ba-7cb6-1ed2-bceb-8b9067120d33,open,2.459
2026-09-18T16:20:17Z,03344243-1c82-4fe4-9191-9d9bc9cc4d14,open,2.459
2026-09-18T16:20:17Z,695e738d-6386-4189-b454-af4a2947e89d,open,2.469
2026-09-18T16:20:17Z,3d5d33e1-982e-4bd9-831c-7710f4b2bd72,open,2.399
2026-09-18T16:20:17Z,9cc82fee-ffbf-4cf3-948a-9c5e494588a8,open,2.429
2026-09-18T16:20:17Z,f3f3b1ad-72ef-424a-8237-96c84ef806af,open,2.409
2026-09-18T16:20:17Z,51d4b662-a095-1aa0-e100-80009459e03a,open,2.449
2026-09-18T16:30:54Z,0644af18-e91e-4f5c-b23b-ecee706482ce,open,2.429
2026-09-18T16:30:54Z,ff84eb62-9c83-4c6a-b3e3-d7dad141e8d5,open,2.449
2026-09-18T16:30:54Z,51d4b52a-a095-1aa0-e100-80009459e03a,open,2.389
2026-09-18T16:30:54Z,695e738d-6386-4189-b454-af4a2947e89d,open,2.459
2026-09-18T16:30:54Z,51d4b662-a095-1aa0-e100-80009459e03a,open,2.439
2026-09-18T17:01:00Z,4c8cac28-e631-42aa-8206-db8f9acf8919,open,2.438
2026-09-18T17:01:00Z,e1a15081-2513-9107-e040-0b0a3dfe563c,open,2.439
2026-09-18T17:01:00Z,6cc0da1b-3d06-4abf-a2e9-3a4f67469658,open,2.439
2026-09-18T17:01:00Z,3bc75820-2e63-4a74-92cf-ef078b21accf,open,2.429
2026-09-18T17:01:00Z,4910a275-9695-403e-bb77-bf059a03713b,open,2.419
2026-09-18T17:01:00Z,ff84eb62-9c83-4c6a-b3e3-d7dad141e8d5,open,2.439
2026-09-18T17:01:00Z,005056a9-779e-1eee-bfc4-26f2ed85158d,open,2.389
2026-09-18T17:01:00Z,005056ba-7cb6-1ed2-bceb-8b9067120d33,open,2.439
2026-09-18T17:01:00Z,03344243-1c82-4fe4-9191-9d9bc9cc4d14,open,2.439
2026-09-18T17:01:00Z,695e738d-6386-4189-b454-af4a2947e89d,open,2.449
2026-09-18T17:01:00Z,515bab29-79a3-4a95-937b-3a13c7907955,open,2.399
2026-09-18T17:01:00Z,f3f3b1ad-72ef-424a-8237-96c84ef806af,open,2.399
2026-09-18T17:30:55Z,23cb9e76-f277-4ab3-b64b-d5d8a71eee0a,open,2.439
2026-09-18T17:30:55Z,e1a15081-2513-9107-e040-0b0a3dfe563c,open,2.429
2026-09-18T17:30:55Z,77d0b269-a3f2-4a90-aebb-264d45748583,open,2.439
2026-09-18T17:30:55Z,ff84eb62-9c83-4c6a-b3e3-d7dad141e8d5,open,2.429
2026-09-18T17:30:55Z,4c8cac28-e631-42aa-8206-db8f9acf8919,open,2.428
2026-09-18T17:30:55Z,005056ba-7cb6-1ed2-bceb-8b9067120d33,open,2.429
2026-09-18T17:30:55Z,695e738d-6386-4189-b454-af4a2947e89d,open,2.439
2026-09-18T17:30:55Z,51d4b662-a095-1aa0-e100-80009459e03a,open,2.429
2026-09-18T18:01:01Z,e1a15081-2513-9107-e040-0b0a3dfe563c,open,2.419
2026-09-18T18:01:01Z,4c8cac28-e631-42aa-8206-db8f9acf8919,open,2.418
2026-09-18T18:01:01Z,005056ba-7cb6-1ed2-bceb-8b9067120d33,open,2.419
2026-09-18T18:01:01Z,03344243-1c82-4fe4-9191-9d9bc9cc4d14,open,2.429
2026-09-18T18:01:01Z,695e738d-6386-4189-b454-af4a2947e89d,open,2.429
2026-09-18T18:01:01Z,51d4b662-a095-1aa0-e100-80009459e03a,open,2.419
2026-09-18T18:30:50Z,77d0b269-a3f2-4a90-aebb-264d45748583,open,2.429
2026-09-18T18:30:50Z,23cb9e76-f277-4ab3-b64b-d5d8a71eee0a,open,2.429
2026-09-18T18:30:50Z,6cc0da1b-3d06-4abf-a2e9-3a4f67469658,open,2.429
2026-09-18T19:00:59Z,0644af18-e91e-4f5c-b23b-ecee706482ce,closed,
2026-09-18T19:30:55Z,3d5d33e1-982e-4bd9-831c-7710f4b2bd72,open,2.389
2026-09-18T20:00:58Z,3bc75820-2e63-4a74-92cf-ef078b21accf,closed,
2026-09-18T20:00:58Z,e1a15081-2513-9107-e040-0b0a3dfe563c,closed,
2026-09-18T20:00:58Z,4910a275-9695-403e-bb77-bf059a03713b,closed,
2026-09-18T20:00:58Z,4c8cac28-e631-42aa-8206-db8f9acf8919,closed,
2026-09-18T20:00:58Z,515bab29-79a3-4a95-937b-3a13c7907955,closed,
2026-09-18T20:00:58Z,51d4b662-a095-1aa0-e100-80009459e03a,closed,
2026-09-18T21:01:01Z,51d4b52a-a095-1aa0-e100-80009459e03a,closed,
2026-09-18T21:01:01Z,005056ba-7cb6-1ed2-bceb-8b9067120d33,closed,
2026-09-19T03:00:56Z,4c8cac28-e631-42aa-8206-db8f9acf8919,open,2.418
2026-09-19T03:00:56Z,005056ba-7cb6-1ed2-bceb-8b9067120d33,open,2.419
2026-09-19T04:01:06Z,e1a15081-2513-9107-e040-0b0a3dfe563c,open,2.419
2026-09-19T04:01:06Z,4910a275-9695-403e-bb77-bf059a03713b,open,2.419
2026-09-19T04:01:06Z,51d4b52a-a095-1aa0-e100-80009459e03a,open,2.389
2026-09-19T04:01:06Z,515bab29-79a3-4a95-937b-3a13c7907955,open,2.399
2026-09-19T05:01:07Z,3bc75820-2e63-4a74-92cf-ef078b21accf,open,2.429
2026-09-19T05:01:07Z,0644af18-e91e-4f5c-b23b-ecee706482ce,open,2.429
2026-09-19T05:30:53Z,0644af18-e91e-4f5c-b23b-ecee706482ce,open,2.419
2026-09-19T05:30:53Z,4910a275-9695-403e-bb77-bf059a03713b,open,2.409
2026-09-19T05:30:53Z,9cc82fee-ffbf-4cf3-948a-9c5e494588a8,open,2.419
2026-09-19T06:01:01Z,3bc75820-2e63-4a74-92cf-ef078b21accf,open,2.419
2026-09-19T06:01:01Z,ff84eb62-9c83-4c6a-b3e3-d7dad141e8d5,open,2.419
2026-09-19T06:01:01Z,51d4b662-a095-1aa0-e100-80009459e03a,open,2.419
2026-09-19T06:30:52Z,3bc75820-2e63-4a74-92cf-ef078b21accf,open,2.399
2026-09-19T06:30:52Z,e1a15081-2513-9107-e040-0b0a3dfe563c,open,2.379
2026-09-19T06:30:52Z,4910a275-9695-403e-bb77-bf059a03713b,open,2.389
2026-09-19T06:30:52Z,4c8cac28-e631-42aa-8206-db8f9acf8919,open,2.378
2026-09-19T06:30:52Z,005056ba-7cb6-1ed2-bceb-8b9067120d33,open,2.379
2026-09-19T06:30:52Z,03344243-1c82-4fe4-9191-9d9bc9cc4d14,open,2.399
2026-09-19T06:30:52Z,695e738d-6386-4189-b454-af4a2947e89d,open,2.399
2026-09-19T06:30:52Z,51d4b662-a095-1aa0-e100-80009459e03a,open,2.389
2026-09-19T07:01:01Z,23cb9e76-f277-4ab3-b64b-d5d8a71eee0a,open,2.419
2026-09-19T07:01:01Z,4910a275-9695-403e-bb77-bf059a03713b,open,2.379
2026-09-19T07:01:01Z,ff84eb62-9c83-4c6a-b3e3-d7dad141e8d5,open,2.389
2026-09-19T07:01:01Z,695e738d-6386-4189-b454-af4a2947e89d,open,2.389
2026-09-19T07:01:01Z,51d4b662-a095-1aa0-e100-80009459e03a,open,2.379
2026-09-19T07:30:55Z,0644af18-e91e-4f5c-b23b-ecee706482ce,open,2.409
2026-09-19T08:01:02Z,6cc0da1b-3d06-4abf-a2e9-3a4f67469658,open,2.419
2026-09-19T08:30:51Z,51d4b52a-a095-1aa0-e100-80009459e03a,open,2.369
2026-09-19T09:00:59Z,6cc0da1b-3d06-4abf-a2e9-3a4f67469658,open,2.409
2026-09-19T09:00:59Z,0644af18-e91e-4f5c-b23b-ecee706482ce,open,2.399
2026-09-19T09:00:59Z,005056a9-779e-1eee-bfc4-26f2ed85158d,open,2.369
2026-09-19T09:00:59Z,3d5d33e1-982e-4bd9-831c-7710f4b2bd72,open,2.369
2026-09-19T09:00:59Z,9cc82fee-ffbf-4cf3-948a-9c5e494588a8,open,2.399
2026-09-19T09:00:59Z,f3f3b1ad-72ef-424a-8237-96c84ef806af,open,2.379
2026-09-19T09:30:51Z,e1a15081-2513-9107-e040-0b0a3dfe563c,open,2.369
2026-09-19T09:30:51Z,51d4b52a-a095-1aa0-e100-80009459e03a,open,2.359
2026-09-19T09:30:51Z,51d4b662-a095-1aa0-e100-80009459e03a,open,2.369
2026-09-19T10:01:00Z,005056a9-779e-1eee-bfc4-26f2ed85158d,open,2.359
2026-09-19T10:01:00Z,005056ba-7cb6-1ed2-bceb-8b9067120d33,open,2.369
2026-09-19T10:01:00Z,3d5d33e1-982e-4bd9-831c-7710f4b2bd72,open,2.639
2026-09-19T10:30:49Z,0014c75b-2b35-4fad-b162-8b3fb9125cd2,open,2.609
2026-09-19T10:30:49Z,23cb9e76-f277-4ab3-b64b-d5d8a71eee0a,open,2.609
2026-09-19T10:30:49Z,3bc75820-2e63-4a74-92cf-ef078b21accf,open,2.599
2026-09-19T10:30:49Z,e1a15081-2513-9107-e040-0b0a3dfe563c,open,2.589
2026-09-19T10:30:49Z,6cc0da1b-3d06-4abf-a2e9-3a4f67469658,open,2.559
2026-09-19T10:30:49Z,0644af18-e91e-4f5c-b23b-ecee706482ce,open,2.559
2026-09-19T10:30:49Z,4910a275-9695-403e-bb77-bf059a03713b,open,2.569
2026-09-19T10:30:49Z,77d0b269-a3f2-4a90-aebb-264d45748583,open,2.609
2026-09-19T10:30:49Z,ff84eb62-9c83-4c6a-b3e3-d7dad141e8d5,open,2.599
2026-09-19T10:30:49Z,4c8cac28-e631-42aa-8206-db8f9acf8919,open,2.728
2026-09-19T10:30:49Z,51d4b52a-a095-1aa0-e100-80009459e03a,open,2.569
2026-09-19T10:30:49Z,005056a9-779e-1eee-bfc4-26f2ed85158d,open,2.579
2026-09-19T10:30:49Z,005056ba-7cb6-1ed2-bceb-8b9067120d33,open,2.539
2026-09-19T10:30:49Z,03344243-1c82-4fe4-9191-9d9bc9cc4d14,open,2.599
2026-09-19T10:30:49Z,695e738d-6386-4189-b454-af4a2947e89d,open,2.559
2026-09-19T10:30:49Z,3d5d33e1-982e-4bd9-831c-7710f4b2bd72,open,2.599
2026-09-19T10:30:49Z,9cc82fee-ffbf-4cf3-948a-9c5e494588a8,open,2.599
2026-09-19T10:30:49Z,515bab29-79a3-4a95-937b-3a13c7907955,open,2.599
2026-09-19T10:30:49Z,f3f3b1ad-72ef-424a-8237-96c84ef806af,open,2.599
2026-09-19T10:30:49Z,51d4b662-a095-1aa0-e100-80009459e03a,open,2.549
2026-09-19T11:01:05Z,3bc75820-2e63-4a74-92cf-ef078b21accf,open,2.549
2026-09-19T11:01:05Z,e1a15081-2513-9107-e040-0b0a3dfe563c,open,2.539
2026-09-19T11:01:05Z,0644af18-e91e-4f5c-b23b-ecee706482ce,open,2.549
2026-09-19T11:01:05Z,4910a275-9695-403e-bb77-bf059a03713b,open,2.539
2026-09-19T11:01:05Z,4c8cac28-e631-42aa-8206-db8f9acf8919,open,2.538
2026-09-19T11:01:05Z,51d4b52a-a095-1aa0-e100-80009459e03a,open,2.549
2026-09-19T11:01:05Z,005056a9-779e-1eee-bfc4-26f2ed85158d,open,2.569
2026-09-19T11:01:05Z,03344243-1c82-4fe4-9191-9d9bc9cc4d14,open,2.539
2026-09-19T11:01:05Z,9cc82fee-ffbf-4cf3-948a-9c5e494588a8,open,2.569
2026-09-19T11:01:05Z,515bab29-79a3-4a95-937b-3a13c7907955,open,2.559
2026-09-19T11:01:05Z,51d4b662-a095-1aa0-e100-80009459e03a,open,2.539
2026-09-19T11:30:50Z,0014c75b-2b35-4fad-b162-8b3fb9125cd2,open,2.559
2026-09-19T11:30:50Z,23cb9e76-f277-4ab3-b64b-d5d8a71eee0a,open,2.549
2026-09-19T11:30:50Z,e1a15081-2513-9107-e040-0b0a3dfe563c,open,2.529
2026-09-19T11:30:50Z,4910a275-9695-403e-bb77-bf059a03713b,open,2.529
2026-09-19T11:30:50Z,77d0b269-a3f2-4a90-aebb-264d45748583,open,2.559
2026-09-19T11:30:50Z,ff84eb62-9c83-4c6a-b3e3-d7dad141e8d5,open,2.559
2026-09-19T11:30:50Z,4c8cac28-e631-42aa-8206-db8f9acf8919,open,2.528
2026-09-19T11:30:50Z,51d4b52a-a095-1aa0-e100-80009459e03a,open,2.529
2026-09-19T11:30:50Z,005056a9-779e-1eee-bfc4-26f2ed85158d,open,2.549
2026-09-19T11:30:50Z,005056ba-7cb6-1ed2-bceb-8b9067120d33,open,2.529
2026-09-19T11:30:50Z,695e738d-6386-4189-b454-af4a2947e89d,open,2.539
2026-09-19T11:30:50Z,3d5d33e1-982e-4bd9-831c-7710f4b2bd72,open,2.549
2026-09-19T11:30:50Z,9cc82fee-ffbf-4cf3-948a-9c5e494588a8,open,2.559
2026-09-19T11:30:50Z,f3f3b1ad-72ef-424a-8237-96c84ef806af,open,2.559
2026-09-19T11:30:50Z,51d4b662-a095-1aa0-e100-80009459e03a,open,2.529
2026-09-19T12:01:02Z,0014c75b-2b35-4fad-b162-8b3fb9125cd2,open,2.539
2026-09-19T12:01:02Z,23cb9e76-f277-4ab3-b64b-d5d8a71eee0a,open,2.539
2026-09-19T12:01:02Z,3bc75820-2e63-4a74-92cf-ef078b21accf,open,2.539
2026-09-19T12:01:02Z,e1a15081-2513-9107-e040-0b0a3dfe563c,open,2.519
2026-09-19T12:01:02Z,0644af18-e91e-4f5c-b23b-ecee706482ce,open,2.539
2026-09-19T12:01:02Z,77d0b269-a3f2-4a90-aebb-264d45748583,open,2.549
2026-09-19T12:01:02Z,ff84eb62-9c83-4c6a-b3e3-d7dad141e8d5,open,2.539
2026-09-19T12:01:02Z,4c8cac28-e631-42aa-8206-db8f9acf8919,open,2.518
2026-09-19T12:01:02Z,51d4b52a-a095-1aa0-e100-80009459e03a,open,2.519
2026-09-19T12:01:02Z,005056a9-779e-1eee-bfc4-26f2ed85158d,open,2.529
2026-09-19T12:01:02Z,005056ba-7cb6-1ed2-bceb-8b9067120d33,open,2.519
2026-09-19T12:01:02Z,3d5d33e1-982e-4bd9-831c-7710f4b2bd72,open,2.529
2026-09-19T12:01:02Z,515bab29-79a3-4a95-937b-3a13c7907955,open,2.539
2026-09-19T12:01:02Z,f3f3b1ad-72ef-424a-8237-96c84ef806af,open,2.539
2026-09-19T12:01:02Z,51d4b662-a095-1aa0-e100-80009459e03a,open,2.519
2026-09-19T12:27:43Z,0014c75b-2b35-4fad-b162-8b3fb9125cd2,open,2.529
2026-09-19T12:27:43Z,23cb9e76-f277-4ab3-b64b-d5d8a71eee0a,open,2.529
2026-09-19T12:27:43Z,3bc75820-2e63-4a74-92cf-ef078b21accf,open,2.529
2026-09-19T12:27:43Z,e1a15081-2513-9107-e040-0b0a3dfe563c,open,2.509
2026-09-19T12:27:43Z,6cc0da1b-3d06-4abf-a2e9-3a4f67469658,open,2.539
2026-09-19T12:27:43Z,0644af18-e91e-4f5c-b23b-ecee706482ce,open,2.529
2026-09-19T12:27:43Z,4910a275-9695-403e-bb77-bf059a03713b,open,2.519
2026-09-19T12:27:43Z,77d0b269-a3f2-4a90-aebb-264d45748583,open,2.539
2026-09-19T12:27:43Z,ff84eb62-9c83-4c6a-b3e3-d7dad141e8d5,open,2.529
2026-09-19T12:27:43Z,4c8cac28-e631-42aa-8206-db8f9acf8919,open,2.508
2026-09-19T12:27:43Z,005056a9-779e-1eee-bfc4-26f2ed85158d,open,2.519
2026-09-19T12:27:43Z,005056ba-7cb6-1ed2-bceb-8b9067120d33,open,2.509
2026-09-19T12:27:43Z,03344243-1c82-4fe4-9191-9d9bc9cc4d14,open,2.519
2026-09-19T12:27:43Z,695e738d-6386-4189-b454-af4a2947e89d,open,2.529
2026-09-19T12:27:43Z,3d5d33e1-982e-4bd9-831c-7710f4b2bd72,open,2.519
2026-09-19T12:27:43Z,9cc82fee-ffbf-4cf3-948a-9c5e494588a8,open,2.539
2026-09-19T12:27:43Z,515bab29-79a3-4a95-937b-3a13c7907955,open,2.529
2026-09-19T12:27:43Z,51d4b662-a095-1aa0-e100-80009459e03a,open,2.509
2026-09-19T12:30:47Z,51d4b52a-a095-1aa0-e100-80009459e03a,open,2.509
2026-09-19T12:30:47Z,005056ba-7cb6-1ed2-bceb-8b9067120d33,open,2.499
2026-09-19T13:01:01Z,0014c75b-2b35-4fad-b162-8b3fb9125cd2,open,2.519
2026-09-19T13:01:01Z,23cb9e76-f277-4ab3-b64b-d5d8a71eee0a,open,2.519
2026-09-19T13:01:01Z,3bc75820-2e63-4a74-92cf-ef078b21accf,open,2.509
2026-09-19T13:01:01Z,e1a15081-2513-9107-e040-0b0a3dfe563c,open,2.469
2026-09-19T13:01:01Z,6cc0da1b-3d06-4abf-a2e9-3a4f67469658,open,2.529
2026-09-19T13:01:01Z,0644af18-e91e-4f5c-b23b-ecee706482ce,open,2.519
2026-09-19T13:01:01Z,4910a275-9695-403e-bb77-bf059a03713b,open,2.499
2026-09-19T13:01:01Z,77d0b269-a3f2-4a90-aebb-264d45748583,open,2.529
2026-09-19T13:01:01Z,ff84eb62-9c83-4c6a-b3e3-d7dad141e8d5,open,2.519
2026-09-19T13:01:01Z,4c8cac28-e631-42aa-8206-db8f9acf8919,open,2.468
2026-09-19T13:01:01Z,005056a9-779e-1eee-bfc4-26f2ed85158d,open,2.509
2026-09-19T13:01:01Z,005056ba-7cb6-1ed2-bceb-8b9067120d33,open,2.469
2026-09-19T13:01:01Z,03344243-1c82-4fe4-9191-9d9bc9cc4d14,open,2.469
2026-09-19T13:01:01Z,695e738d-6386-4189-b454-af4a2947e89d,open,2.509
2026-09-19T13:01:01Z,3d5d33e1-982e-4bd9-831c-7710f4b2bd72,open,2.509
2026-09-19T13:01:01Z,9cc82fee-ffbf-4cf3-948a-9c5e494588a8,open,2.529
2026-09-19T13:01:01Z,515bab29-79a3-4a95-937b-3a13c7907955,open,2.519
2026-09-19T13:01:01Z,f3f3b1ad-72ef-424a-8237-96c84ef806af,open,2.519
2026-09-19T13:01:01Z,51d4b662-a095-1aa0-e100-80009459e03a,open,2.499
2026-09-19T13:30:53Z,23cb9e76-f277-4ab3-b64b-d5d8a71eee0a,open,2.479
2026-09-19T13:30:53Z,3bc75820-2e63-4a74-92cf-ef078b21accf,open,2.479
2026-09-19T13:30:53Z,e1a15081-2513-9107-e040-0b0a3dfe563c,open,2.429
2026-09-19T13:30:53Z,6cc0da1b-3d06-4abf-a2e9-3a4f67469658,open,2.519
2026-09-19T13:30:53Z,0644af18-e91e-4f5c-b23b-ecee706482ce,open,2.509
2026-09-19T13:30:53Z,4910a275-9695-403e-bb77-bf059a03713b,open,2.459
2026-09-19T13:30:53Z,77d0b269-a3f2-4a90-aebb-264d45748583,open,2.519
2026-09-19T13:30:53Z,ff84eb62-9c83-4c6a-b3e3-d7dad141e8d5,open,2.479
2026-09-19T13:30:53Z,4c8cac28-e631-42aa-8206-db8f9acf8919,open,2.428
2026-09-19T13:30:53Z,51d4b52a-a095-1aa0-e100-80009459e03a,open,2.459
2026-09-19T13:30:53Z,005056a9-779e-1eee-bfc4-26f2ed85158d,open,2.499
2026-09-19T13:30:53Z,005056ba-7cb6-1ed2-bceb-8b9067120d33,open,2.429
2026-09-19T13:30:53Z,03344243-1c82-4fe4-9191-9d9bc9cc4d14,open,2.429
2026-09-19T13:30:53Z,695e738d-6386-4189-b454-af4a2947e89d,open,2.469
2026-09-19T13:30:53Z,3d5d33e1-982e-4bd9-831c-7710f4b2bd72,open,2.499
2026-09-19T13:30:53Z,9cc82fee-ffbf-4cf3-948a-9c5e494588a8,open,2.519
2026-09-19T13:30:53Z,515bab29-79a3-4a95-937b-3a13c7907955,open,2.499
2026-09-19T13:30:53Z,51d4b662-a095-1aa0-e100-80009459e03a,open,2.459
2026-09-19T14:00:58Z,3bc75820-2e63-4a74-92cf-ef078b21accf,open,2.439
2026-09-19T14:00:58Z,e1a15081-2513-9107-e040-0b0a3dfe563c,open,2.419
2026-09-19T14:00:58Z,6cc0da1b-3d06-4abf-a2e9-3a4f67469658,open,2.509
2026-09-19T14:00:58Z,0644af18-e91e-4f5c-b23b-ecee706482ce,open,2.499
2026-09-19T14:00:58Z,4910a275-9695-403e-bb77-bf059a03713b,open,2.419
2026-09-19T14:00:58Z,ff84eb62-9c83-4c6a-b3e3-d7dad141e8d5,open,2.469
2026-09-19T14:00:58Z,4c8cac28-e631-42aa-8206-db8f9acf8919,open,2.418
2026-09-19T14:00:58Z,51d4b52a-a095-1aa0-e100-80009459e03a,open,2.419
2026-09-19T14:00:58Z,005056a9-779e-1eee-bfc4-26f2ed85158d,open,2.459
2026-09-19T14:00:58Z,005056ba-7cb6-1ed2-bceb-8b9067120d33,open,2.419
2026-09-19T14:00:58Z,695e738d-6386-4189-b454-af4a2947e89d,open,2.429
2026-09-19T14:00:58Z,3d5d33e1-982e-4bd9-831c-7710f4b2bd72,open,2.459
2026-09-19T14:00:58Z,9cc82fee-ffbf-4cf3-948a-9c5e494588a8,open,2.509
2026-09-19T14:00:58Z,515bab29-79a3-4a95-937b-3a13c7907955,open,2.469
2026-09-19T14:00:58Z,f3f3b1ad-72ef-424a-8237-96c84ef806af,open,2.469
2026-09-19T14:00:58Z,51d4b662-a095-1aa0-e100-80009459e03a,open,2.419
2026-09-19T14:30:52Z,0014c75b-2b35-4fad-b162-8b3fb9125cd2,open,2.449
2026-09-19T14:30:52Z,23cb9e76-f277-4ab3-b64b-d5d8a71eee0a,open,2.429
2026-09-19T14:30:52Z,3bc75820-2e63-4a74-92cf-ef078b21accf,open,2.429
2026-09-19T14:30:52Z,6cc0da1b-3d06-4abf-a2e9-3a4f67469658,open,2.449
2026-09-19T14:30:52Z,0644af18-e91e-4f5c-b23b-ecee706482ce,open,2.429
2026-09-19T14:30:52Z,77d0b269-a3f2-4a90-aebb-264d45748583,open,2.449
2026-09-19T14:30:52Z,ff84eb62-9c83-4c6a-b3e3-d7dad141e8d5,open,2.429
2026-09-19T14:30:52Z,4c8cac28-e631-42aa-8206-db8f9acf8919,open,2.408
2026-09-19T14:30:52Z,51d4b52a-a095-1aa0-e100-80009459e03a,open,2.409
2026-09-19T14:30:52Z,005056a9-779e-1eee-bfc4-26f2ed85158d,open,2.419
2026-09-19T14:30:52Z,005056ba-7cb6-1ed2-bceb-8b9067120d33,open,2.409
2026-09-19T14:30:52Z,3d5d33e1-982e-4bd9-831c-7710f4b2bd72,open,2.419
2026-09-19T14:30:52Z,9cc82fee-ffbf-4cf3-948a-9c5e494588a8,open,2.429
2026-09-19T14:30:52Z,515bab29-79a3-4a95-937b-3a13c7907955,open,2.429
2026-09-19T14:30:52Z,f3f3b1ad-72ef-424a-8237-96c84ef806af,open,2.429
2026-09-19T15:01:00Z,3bc75820-2e63-4a74-92cf-ef078b21accf,open,2.419
2026-09-19T15:01:00Z,e1a15081-2513-9107-e040-0b0a3dfe563c,open,2.399
2026-09-19T15:01:00Z,6cc0da1b-3d06-4abf-a2e9-3a4f67469658,open,2.439
2026-09-19T15:01:00Z,4910a275-9695-403e-bb77-bf059a03713b,open,2.409
2026-09-19T15:01:00Z,4c8cac28-e631-42aa-8206-db8f9acf8919,open,2.398
2026-09-19T15:01:00Z,005056a9-779e-1eee-bfc4-26f2ed85158d,open,2.409
2026-09-19T15:01:00Z,005056ba-7cb6-1ed2-bceb-8b9067120d33,open,2.389
2026-09-19T15:01:00Z,03344243-1c82-4fe4-9191-9d9bc9cc4d14,open,2.419
2026-09-19T15:01:00Z,695e738d-6386-4189-b454-af4a2947e89d,open,2.419
2026-09-19T15:01:00Z,3d5d33e1-982e-4bd9-831c-7710f4b2bd72,open,2.409
2026-09-19T15:01:00Z,515bab29-79a3-4a95-937b-3a13c7907955,open,2.419
2026-09-19T15:01:00Z,f3f3b1ad-72ef-424a-8237-96c84ef806af,open,2.419
2026-09-19T15:01:00Z,51d4b662-a095-1aa0-e100-80009459e03a,open,2.399
2026-09-19T15:30:57Z,0014c75b-2b35-4fad-b162-8b3fb9125cd2,open,2.419
2026-09-19T15:30:57Z,23cb9e76-f277-4ab3-b64b-d5d8a71eee0a,open,2.419
2026-09-19T15:30:57Z,3bc75820-2e63-4a74-92cf-ef078b21accf,open,2.399
2026-09-19T15:30:57Z,e1a15081-2513-9107-e040-0b0a3dfe563c,open,2.379
2026-09-19T15:30:57Z,6cc0da1b-3d06-4abf-a2e9-3a4f67469658,open,2.429
2026-09-19T15:30:57Z,4910a275-9695-403e-bb77-bf059a03713b,open,2.389
2026-09-19T15:30:57Z,77d0b269-a3f2-4a90-aebb-264d45748583,open,2.429
2026-09-19T15:30:57Z,ff84eb62-9c83-4c6a-b3e3-d7dad141e8d5,open,2.409
2026-09-19T15:30:57Z,4c8cac28-e631-42aa-8206-db8f9acf8919,open,2.378
2026-09-19T15:30:57Z,51d4b52a-a095-1aa0-e100-80009459e03a,open,2.399
2026-09-19T15:30:57Z,005056a9-779e-1eee-bfc4-26f2ed85158d,open,2.399
2026-09-19T15:30:57Z,005056ba-7cb6-1ed2-bceb-8b9067120d33,open,2.379
2026-09-19T15:30:57Z,03344243-1c82-4fe4-9191-9d9bc9cc4d14,open,2.399
2026-09-19T15:30:57Z,695e738d-6386-4189-b454-af4a2947e89d,open,2.409
2026-09-19T15:30:57Z,3d5d33e1-982e-4bd9-831c-7710f4b2bd72,open,2.399
2026-09-19T15:30:57Z,515bab29-79a3-4a95-937b-3a13c7907955,open,2.409
2026-09-19T15:30:57Z,51d4b662-a095-1aa0-e100-80009459e03a,open,2.379
2026-09-19T16:00:58Z,4910a275-9695-403e-bb77-bf059a03713b,open,2.379
2026-09-19T16:00:58Z,ff84eb62-9c83-4c6a-b3e3-d7dad141e8d5,open,2.389
2026-09-19T16:00:58Z,51d4b52a-a095-1aa0-e100-80009459e03a,open,2.389
2026-09-19T16:00:58Z,695e738d-6386-4189-b454-af4a2947e89d,open,2.399
2026-09-19T16:00:58Z,f3f3b1ad-72ef-424a-8237-96c84ef806af,open,2.409
2026-09-19T16:30:50Z,005056a9-779e-1eee-bfc4-26f2ed85158d,open,2.389
2026-09-19T16:30:50Z,515bab29-79a3-4a95-937b-3a13c7907955,open,2.399
2026-09-19T17:00:56Z,f3f3b1ad-72ef-424a-8237-96c84ef806af,open,2.399
2026-09-19T19:00:57Z,0644af18-e91e-4f5c-b23b-ecee706482ce,closed,
2026-09-19T19:30:49Z,3d5d33e1-982e-4bd9-831c-7710f4b2bd72,open,2.389
2026-09-19T20:00:55Z,3bc75820-2e63-4a74-92cf-ef078b21accf,closed,
2026-09-19T20:00:55Z,e1a15081-2513-9107-e040-0b0a3dfe563c,closed,
2026-09-19T20:00:55Z,4910a275-9695-403e-bb77-bf059a03713b,closed,
2026-09-19T20:00:55Z,4c8cac28-e631-42aa-8206-db8f9acf8919,closed,
2026-09-19T20:00:55Z,515bab29-79a3-4a95-937b-3a13c7907955,closed,
2026-09-19T20:00:55Z,51d4b662-a095-1aa0-e100-80009459e03a,closed,
2026-09-19T21:01:09Z,51d4b52a-a095-1aa0-e100-80009459e03a,closed,
2026-09-19T21:01:09Z,005056ba-7cb6-1ed2-bceb-8b9067120d33,closed,
2026-09-20T03:02:08Z,4c8cac28-e631-42aa-8206-db8f9acf8919,open,2.378
2026-09-20T03:02:08Z,005056ba-7cb6-1ed2-bceb-8b9067120d33,open,2.379
2026-09-20T04:00:54Z,e1a15081-2513-9107-e040-0b0a3dfe563c,open,2.379
2026-09-20T04:00:54Z,4910a275-9695-403e-bb77-bf059a03713b,open,2.379
2026-09-20T04:00:54Z,515bab29-79a3-4a95-937b-3a13c7907955,open,2.399
2026-09-20T05:00:59Z,3bc75820-2e63-4a74-92cf-ef078b21accf,open,2.399
2026-09-20T05:00:59Z,51d4b52a-a095-1aa0-e100-80009459e03a,open,2.389
2026-09-20T05:30:53Z,9cc82fee-ffbf-4cf3-948a-9c5e494588a8,open,2.419
2026-09-20T06:01:02Z,0644af18-e91e-4f5c-b23b-ecee706482ce,open,2.419
2026-09-20T07:01:02Z,51d4b662-a095-1aa0-e100-80009459e03a,open,2.379
2026-09-20T07:30:53Z,6cc0da1b-3d06-4abf-a2e9-3a4f67469658,open,2.419
2026-09-20T07:30:53Z,0644af18-e91e-4f5c-b23b-ecee706482ce,open,2.409
2026-09-20T09:01:01Z,6cc0da1b-3d06-4abf-a2e9-3a4f67469658,open,2.409
2026-09-20T09:01:01Z,0644af18-e91e-4f5c-b23b-ecee706482ce,open,2.399
2026-09-20T09:01:01Z,9cc82fee-ffbf-4cf3-948a-9c5e494588a8,open,2.399
2026-09-20T10:30:54Z,ff84eb62-9c83-4c6a-b3e3-d7dad141e8d5,open,2.599
2026-09-20T10:30:54Z,4c8cac28-e631-42aa-8206-db8f9acf8919,open,2.728
2026-09-20T10:30:54Z,0014c75b-2b35-4fad-b162-8b3fb9125cd2,open,2.609
2026-09-20T10:30:54Z,3bc75820-2e63-4a74-92cf-ef078b21accf,open,2.599
2026-09-20T10:30:54Z,e1a15081-2513-9107-e040-0b0a3dfe563c,open,2.589
2026-09-20T10:30:54Z,6cc0da1b-3d06-4abf-a2e9-3a4f67469658,open,2.559
2026-09-20T10:30:54Z,23cb9e76-f277-4ab3-b64b-d5d8a71eee0a,open,2.609
2026-09-20T10:30:54Z,0644af18-e91e-4f5c-b23b-ecee706482ce,open,2.559
2026-09-20T10:30:54Z,4910a275-9695-403e-bb77-bf059a03713b,open,2.569
2026-09-20T10:30:54Z,77d0b269-a3f2-4a90-aebb-264d45748583,open,2.609
2026-09-20T10:30:54Z,51d4b662-a095-1aa0-e100-80009459e03a,open,2.549
2026-09-20T10:30:54Z,51d4b52a-a095-1aa0-e100-80009459e03a,open,2.569
2026-09-20T10:30:54Z,005056ba-7cb6-1ed2-bceb-8b9067120d33,open,2.539
2026-09-20T10:30:54Z,03344243-1c82-4fe4-9191-9d9bc9cc4d14,open,2.599
2026-09-20T10:30:54Z,695e738d-6386-4189-b454-af4a2947e89d,open,2.559
2026-09-20T10:30:54Z,3d5d33e1-982e-4bd9-831c-7710f4b2bd72,open,2.599
2026-09-20T10:30:54Z,9cc82fee-ffbf-4cf3-948a-9c5e494588a8,open,2.599
2026-09-20T10:30:54Z,515bab29-79a3-4a95-937b-3a13c7907955,open,2.599
2026-09-20T10:30:54Z,005056a9-779e-1eee-bfc4-26f2ed85158d,open,2.579
2026-09-20T10:30:54Z,f3f3b1ad-72ef-424a-8237-96c84ef806af,open,2.599
2026-09-20T11:00:58Z,4c8cac28-e631-42aa-8206-db8f9acf8919,open,2.538
2026-09-20T11:00:58Z,3bc75820-2e63-4a74-92cf-ef078b21accf,open,2.549
2026-09-20T11:00:58Z,e1a15081-2513-9107-e040-0b0a3dfe563c,open,2.539
2026-09-20T11:00:58Z,0644af18-e91e-4f5c-b23b-ecee706482ce,open,2.549
2026-09-20T11:00:58Z,4910a275-9695-403e-bb77-bf059a03713b,open,2.539
2026-09-20T11:00:58Z,51d4b662-a095-1aa0-e100-80009459e03a,open,2.539
2026-09-20T11:00:58Z,51d4b52a-a095-1aa0-e100-80009459e03a,open,2.549
2026-09-20T11:00:58Z,03344243-1c82-4fe4-9191-9d9bc9cc4d14,open,2.539
2026-09-20T11:00:58Z,9cc82fee-ffbf-4cf3-948a-9c5e494588a8,open,2.569
2026-09-20T11:00:58Z,515bab29-79a3-4a95-937b-3a13c7907955,open,2.559
2026-09-20T11:00:58Z,005056a9-779e-1eee-bfc4-26f2ed85158d,open,2.569
2026-09-20T11:15:24Z,51d4b662-a095-1aa0-e100-80009459e03a,open,2.529
2026-09-20T11:15:24Z,695e738d-6386-4189-b454-af4a2947e89d,open,2.539
2026-09-20T11:15:24Z,3d5d33e1-982e-4bd9-831c-7710f4b2bd72,open,2.549
2026-09-20T11:15:24Z,9cc82fee-ffbf-4cf3-948a-9c5e494588a8,open,2.559
2026-09-20T11:15:24Z,005056a9-779e-1eee-bfc4-26f2ed85158d,open,2.549
2026-09-20T11:15:24Z,f3f3b1ad-72ef-424a-8237-96c84ef806af,open,2.559
2026-09-20T11:30:49Z,ff84eb62-9c83-4c6a-b3e3-d7dad141e8d5,open,2.559
2026-09-20T11:30:49Z,4c8cac28-e631-42aa-8206-db8f9acf8919,open,2.528
2026-09-20T11:30:49Z,0014c75b-2b35-4fad-b162-8b3fb9125cd2,open,2.559
2026-09-20T11:30:49Z,e1a15081-2513-9107-e040-0b0a3dfe563c,open,2.529
2026-09-20T11:30:49Z,23cb9e76-f277-4ab3-b64b-d5d8a71eee0a,open,2.549
2026-09-20T11:30:49Z,4910a275-9695-403e-bb77-bf059a03713b,open,2.529
2026-09-20T11:30:49Z,77d0b269-a3f2-4a90-aebb-264d45748583,open,2.559
2026-09-20T11:30:49Z,51d4b52a-a095-1aa0-e100-80009459e03a,open,2.529
2026-09-20T11:30:49Z,005056ba-7cb6-1ed2-bceb-8b9067120d33,open,2.529
2026-09-20T12:01:01Z,ff84eb62-9c83-4c6a-b3e3-d7dad141e8d5,open,2.539
2026-09-20T12:01:01Z,4c8cac28-e631-42aa-8206-db8f9acf8919,open,2.518
2026-09-20T12:01:01Z,0014c75b-2b35-4fad-b162-8b3fb9125cd2,open,2.539
2026-09-20T12:01:01Z,3bc75820-2e63-4a74-92cf-ef078b21accf,open,2.539
2026-09-20T12:01:01Z,e1a15081-2513-9107-e040-0b0a3dfe563c,open,2.519
2026-09-20T12:01:01Z,23cb9e76-f277-4ab3-b64b-d5d8a71eee0a,open,2.539
2026-09-20T12:01:01Z,0644af18-e91e-4f5c-b23b-ecee706482ce,open,2.539
2026-09-20T12:01:01Z,77d0b269-a3f2-4a90-aebb-264d45748583,open,2.549
2026-09-20T12:01:01Z,51d4b662-a095-1aa0-e100-80009459e03a,open,2.519
2026-09-20T12:01:01Z,51d4b52a-a095-1aa0-e100-80009459e03a,open,2.519
2026-09-20T12:01:01Z,005056ba-7cb6-1ed2-bceb-8b9067120d33,open,2.519
2026-09-20T12:01:01Z,3d5d33e1-982e-4bd9-831c-7710f4b2bd72,open,2.529
2026-09-20T12:01:01Z,515bab29-79a3-4a95-937b-3a13c7907955,open,2.539
2026-09-20T12:01:01Z,005056a9-779e-1eee-bfc4-26f2ed85158d,open,2.529
2026-09-20T12:01:01Z,f3f3b1ad-72ef-424a-8237-96c84ef806af,open,2.539
2026-09-20T12:30:49Z,ff84eb62-9c83-4c6a-b3e3-d7dad141e8d5,open,2.529
2026-09-20T12:30:49Z,4c8cac28-e631-42aa-8206-db8f9acf8919,open,2.508
2026-09-20T12:30:49Z,0014c75b-2b35-4fad-b162-8b3fb9125cd2,open,2.529
2026-09-20T12:30:49Z,3bc75820-2e63-4a74-92cf-ef078b21accf,open,2.529
2026-09-20T12:30:49Z,e1a15081-2513-9107-e040-0b0a3dfe563c,open,2.509
2026-09-20T12:30:49Z,6cc0da1b-3d06-4abf-a2e9-3a4f67469658,open,2.539
2026-09-20T12:30:49Z,23cb9e76-f277-4ab3-b64b-d5d8a71eee0a,open,2.529
2026-09-20T12:30:49Z,0644af18-e91e-4f5c-b23b-ecee706482ce,open,2.529
2026-09-20T12:30:49Z,4910a275-9695-403e-bb77-bf059a03713b,open,2.519
2026-09-20T12:30:49Z,77d0b269-a3f2-4a90-aebb-264d45748583,open,2.539
2026-09-20T12:30:49Z,51d4b662-a095-1aa0-e100-80009459e03a,open,2.509
2026-09-20T12:30:49Z,51d4b52a-a095-1aa0-e100-80009459e03a,open,2.509
2026-09-20T12:30:49Z,005056ba-7cb6-1ed2-bceb-8b9067120d33,open,2.499
2026-09-20T12:30:49Z,03344243-1c82-4fe4-9191-9d9bc9cc4d14,open,2.529
2026-09-20T12:30:49Z,695e738d-6386-4189-b454-af4a2947e89d,open,2.529
2026-09-20T12:30:49Z,3d5d33e1-982e-4bd9-831c-7710f4b2bd72,open,2.519
2026-09-20T12:30:49Z,9cc82fee-ffbf-4cf3-948a-9c5e494588a8,open,2.529
2026-09-20T12:30:49Z,515bab29-79a3-4a95-937b-3a13c7907955,open,2.529
2026-09-20T12:30:49Z,005056a9-779e-1eee-bfc4-26f2ed85158d,open,2.519
2026-09-20T12:30:49Z,f3f3b1ad-72ef-424a-8237-96c84ef806af,open,2.529
2026-09-20T13:01:03Z,ff84eb62-9c83-4c6a-b3e3-d7dad141e8d5,open,2.519
2026-09-20T13:01:03Z,4c8cac28-e631-42aa-8206-db8f9acf8919,open,2.488
2026-09-20T13:01:03Z,0014c75b-2b35-4fad-b162-8b3fb9125cd2,open,2.519
2026-09-20T13:01:03Z,3bc75820-2e63-4a74-92cf-ef078b21accf,open,2.509
2026-09-20T13:01:03Z,e1a15081-2513-9107-e040-0b0a3dfe563c,open,2.489
2026-09-20T13:01:03Z,6cc0da1b-3d06-4abf-a2e9-3a4f67469658,open,2.529
2026-09-20T13:01:03Z,23cb9e76-f277-4ab3-b64b-d5d8a71eee0a,open,2.509
2026-09-20T13:01:03Z,0644af18-e91e-4f5c-b23b-ecee706482ce,open,2.519
2026-09-20T13:01:03Z,4910a275-9695-403e-bb77-bf059a03713b,open,2.499
2026-09-20T13:01:03Z,77d0b269-a3f2-4a90-aebb-264d45748583,open,2.529
2026-09-20T13:01:03Z,51d4b662-a095-1aa0-e100-80009459e03a,open,2.499
2026-09-20T13:01:03Z,005056ba-7cb6-1ed2-bceb-8b9067120d33,open,2.489
2026-09-20T13:01:03Z,03344243-1c82-4fe4-9191-9d9bc9cc4d14,open,2.509
2026-09-20T13:01:03Z,695e738d-6386-4189-b454-af4a2947e89d,open,2.509
2026-09-20T13:01:03Z,3d5d33e1-982e-4bd9-831c-7710f4b2bd72,open,2.509
2026-09-20T13:01:03Z,9cc82fee-ffbf-4cf3-948a-9c5e494588a8,open,2.519
2026-09-20T13:01:03Z,515bab29-79a3-4a95-937b-3a13c7907955,open,2.519
2026-09-20T13:01:03Z,005056a9-779e-1eee-bfc4-26f2ed85158d,open,2.509
2026-09-20T13:01:03Z,f3f3b1ad-72ef-424a-8237-96c84ef806af,open,2.519
2026-09-20T13:30:53Z,ff84eb62-9c83-4c6a-b3e3-d7dad141e8d5,open,2.499
2026-09-20T13:30:53Z,4c8cac28-e631-42aa-8206-db8f9acf8919,open,2.468
2026-09-20T13:30:53Z,3bc75820-2e63-4a74-92cf-ef078b21accf,open,2.489
2026-09-20T13:30:53Z,e1a15081-2513-9107-e040-0b0a3dfe563c,open,2.469
2026-09-20T13:30:53Z,6cc0da1b-3d06-4abf-a2e9-3a4f67469658,open,2.519
2026-09-20T13:30:53Z,0644af18-e91e-4f5c-b23b-ecee706482ce,open,2.509
2026-09-20T13:30:53Z,4910a275-9695-403e-bb77-bf059a03713b,open,2.479
2026-09-20T13:30:53Z,51d4b662-a095-1aa0-e100-80009459e03a,open,2.469
2026-09-20T13:30:53Z,51d4b52a-a095-1aa0-e100-80009459e03a,open,2.499
2026-09-20T13:30:53Z,005056ba-7cb6-1ed2-bceb-8b9067120d33,open,2.459
2026-09-20T13:30:53Z,03344243-1c82-4fe4-9191-9d9bc9cc4d14,open,2.489
2026-09-20T13:30:53Z,695e738d-6386-4189-b454-af4a2947e89d,open,2.499
2026-09-20T13:30:53Z,3d5d33e1-982e-4bd9-831c-7710f4b2bd72,open,2.499
2026-09-20T13:30:53Z,515bab29-79a3-4a95-937b-3a13c7907955,open,2.509
2026-09-20T13:30:53Z,005056a9-779e-1eee-bfc4-26f2ed85158d,open,2.499
2026-09-20T14:01:01Z,ff84eb62-9c83-4c6a-b3e3-d7dad141e8d5,open,2.479
2026-09-20T14:01:01Z,4c8cac28-e631-42aa-8206-db8f9acf8919,open,2.448
2026-09-20T14:01:01Z,3bc75820-2e63-4a74-92cf-ef078b21accf,open,2.469
2026-09-20T14:01:01Z,e1a15081-2513-9107-e040-0b0a3dfe563c,open,2.449
2026-09-20T14:01:01Z,6cc0da1b-3d06-4abf-a2e9-3a4f67469658,open,2.509
2026-09-20T14:01:01Z,0644af18-e91e-4f5c-b23b-ecee706482ce,open,2.499
2026-09-20T14:01:01Z,4910a275-9695-403e-bb77-bf059a03713b,open,2.459
2026-09-20T14:01:01Z,51d4b662-a095-1aa0-e100-80009459e03a,open,2.449
2026-09-20T14:01:01Z,51d4b52a-a095-1aa0-e100-80009459e03a,open,2.489
2026-09-20T14:01:01Z,005056ba-7cb6-1ed2-bceb-8b9067120d33,open,2.449
2026-09-20T14:01:01Z,03344243-1c82-4fe4-9191-9d9bc9cc4d14,open,2.469
2026-09-20T14:01:01Z,695e738d-6386-4189-b454-af4a2947e89d,open,2.469
2026-09-20T14:01:01Z,3d5d33e1-982e-4bd9-831c-7710f4b2bd72,open,2.489
2026-09-20T14:01:01Z,9cc82fee-ffbf-4cf3-948a-9c5e494588a8,open,2.509
2026-09-20T14:01:01Z,515bab29-79a3-4a95-937b-3a13c7907955,open,2.499
2026-09-20T14:01:01Z,005056a9-779e-1eee-bfc4-26f2ed85158d,open,2.489
2026-09-20T14:01:01Z,f3f3b1ad-72ef-424a-8237-96c84ef806af,open,2.499
2026-09-20T14:30:48Z,ff84eb62-9c83-4c6a-b3e3-d7dad141e8d5,open,2.459
2026-09-20T14:30:48Z,4c8cac28-e631-42aa-8206-db8f9acf8919,open,2.428
2026-09-20T14:30:48Z,0014c75b-2b35-4fad-b162-8b3fb9125cd2,open,2.499
2026-09-20T14:30:48Z,3bc75820-2e63-4a74-92cf-ef078b21accf,open,2.449
2026-09-20T14:30:48Z,e1a15081-2513-9107-e040-0b0a3dfe563c,open,2.429
2026-09-20T14:30:48Z,6cc0da1b-3d06-4abf-a2e9-3a4f67469658,open,2.479
2026-09-20T14:30:48Z,23cb9e76-f277-4ab3-b64b-d5d8a71eee0a,open,2.469
2026-09-20T14:30:48Z,0644af18-e91e-4f5c-b23b-ecee706482ce,open,2.479
2026-09-20T14:30:48Z,4910a275-9695-403e-bb77-bf059a03713b,open,2.439
2026-09-20T14:30:48Z,77d0b269-a3f2-4a90-aebb-264d45748583,open,2.479
2026-09-20T14:30:48Z,51d4b662-a095-1aa0-e100-80009459e03a,open,2.429
2026-09-20T14:30:48Z,51d4b52a-a095-1aa0-e100-80009459e03a,open,2.479
2026-09-20T14:30:48Z,005056ba-7cb6-1ed2-bceb-8b9067120d33,open,2.419
2026-09-20T14:30:48Z,03344243-1c82-4fe4-9191-9d9bc9cc4d14,open,2.449
2026-09-20T14:30:48Z,695e738d-6386-4189-b454-af4a2947e89d,open,2.459
2026-09-20T14:30:48Z,3d5d33e1-982e-4bd9-831c-7710f4b2bd72,open,2.479
2026-09-20T14:30:48Z,9cc82fee-ffbf-4cf3-948a-9c5e494588a8,open,2.499
2026-09-20T14:30:48Z,515bab29-79a3-4a95-937b-3a13c7907955,open,2.489
2026-09-20T14:30:48Z,005056a9-779e-1eee-bfc4-26f2ed85158d,open,2.479
2026-09-20T15:01:02Z,ff84eb62-9c83-4c6a-b3e3-d7dad141e8d5,open,2.439
2026-09-20T15:01:02Z,4c8cac28-e631-42aa-8206-db8f9acf8919,open,2.408
2026-09-20T15:01:02Z,3bc75820-2e63-4a74-92cf-ef078b21accf,open,2.429
2026-09-20T15:01:02Z,e1a15081-2513-9107-e040-0b0a3dfe563c,open,2.409
2026-09-20T15:01:02Z,4910a275-9695-403e-bb77-bf059a03713b,open,2.419
2026-09-20T15:01:02Z,51d4b662-a095-1aa0-e100-80009459e03a,open,2.409
2026-09-20T15:01:02Z,51d4b52a-a095-1aa0-e100-80009459e03a,open,2.459
2026-09-20T15:01:02Z,005056ba-7cb6-1ed2-bceb-8b9067120d33,open,2.409
2026-09-20T15:01:02Z,03344243-1c82-4fe4-9191-9d9bc9cc4d14,open,2.429
2026-09-20T15:01:02Z,695e738d-6386-4189-b454-af4a2947e89d,open,2.429
2026-09-20T15:01:02Z,3d5d33e1-982e-4bd9-831c-7710f4b2bd72,open,2.469
2026-09-20T15:01:02Z,9cc82fee-ffbf-4cf3-948a-9c5e494588a8,open,2.479
2026-09-20T15:01:02Z,515bab29-79a3-4a95-937b-3a13c7907955,open,2.469
2026-09-20T15:01:02Z,005056a9-779e-1eee-bfc4-26f2ed85158d,open,2.469
2026-09-20T15:01:02Z,f3f3b1ad-72ef-424a-8237-96c84ef806af,open,2.479
2026-09-20T15:30:57Z,ff84eb62-9c83-4c6a-b3e3-d7dad141e8d5,open,2.409
2026-09-20T15:30:57Z,4c8cac28-e631-42aa-8206-db8f9acf8919,open,2.388
2026-09-20T15:30:57Z,0014c75b-2b35-4fad-b162-8b3fb9125cd2,open,2.469
2026-09-20T15:30:57Z,3bc75820-2e63-4a74-92cf-ef078b21accf,open,2.419
2026-09-20T15:30:57Z,e1a15081-2513-9107-e040-0b0a3dfe563c,open,2.389
2026-09-20T15:30:57Z,6cc0da1b-3d06-4abf-a2e9-3a4f67469658,open,2.439
2026-09-20T15:30:57Z,23cb9e76-f277-4ab3-b64b-d5d8a71eee0a,open,2.429
2026-09-20T15:30:57Z,0644af18-e91e-4f5c-b23b-ecee706482ce,open,2.439
2026-09-20T15:30:57Z,4910a275-9695-403e-bb77-bf059a03713b,open,2.399
2026-09-20T15:30:57Z,77d0b269-a3f2-4a90-aebb-264d45748583,open,2.439
2026-09-20T15:30:57Z,51d4b662-a095-1aa0-e100-80009459e03a,open,2.389
2026-09-20T15:30:57Z,51d4b52a-a095-1aa0-e100-80009459e03a,open,2.449
2026-09-20T15:30:57Z,005056ba-7cb6-1ed2-bceb-8b9067120d33,open,2.389
2026-09-20T15:30:57Z,03344243-1c82-4fe4-9191-9d9bc9cc4d14,open,2.419
2026-09-20T15:30:57Z,695e738d-6386-4189-b454-af4a2947e89d,open,2.409
2026-09-20T15:30:57Z,3d5d33e1-982e-4bd9-831c-7710f4b2bd72,open,2.439
2026-09-20T15:30:57Z,9cc82fee-ffbf-4cf3-948a-9c5e494588a8,open,2.469
2026-09-20T15:30:57Z,005056a9-779e-1eee-bfc4-26f2ed85158d,open,2.439
2026-09-20T15:30:57Z,f3f3b1ad-72ef-424a-8237-96c84ef806af,open,2.469
2026-09-20T15:59:19Z,ff84eb62-9c83-4c6a-b3e3-d7dad141e8d5,open,2.399
2026-09-20T15:59:19Z,4c8cac28-e631-42aa-8206-db8f9acf8919,open,2.378
2026-09-20T15:59:19Z,e1a15081-2513-9107-e040-0b0a3dfe563c,open,2.379
2026-09-20T15:59:19Z,51d4b662-a095-1aa0-e100-80009459e03a,open,2.379
2026-09-20T15:59:19Z,51d4b52a-a095-1aa0-e100-80009459e03a,open,2.419
2026-09-20T15:59:19Z,005056ba-7cb6-1ed2-bceb-8b9067120d33,open,2.379
2026-09-20T15:59:19Z,9cc82fee-ffbf-4cf3-948a-9c5e494588a8,open,2.449
2026-09-20T15:59:19Z,515bab29-79a3-4a95-937b-3a13c7907955,open,2.429
2026-09-20T15:59:19Z,f3f3b1ad-72ef-424a-8237-96c84ef806af,open,2.459
2026-09-20T16:30:52Z,ff84eb62-9c83-4c6a-b3e3-d7dad141e8d5,open,2.389
2026-09-20T16:30:52Z,0014c75b-2b35-4fad-b162-8b3fb9125cd2,open,2.429
2026-09-20T16:30:52Z,6cc0da1b-3d06-4abf-a2e9-3a4f67469658,open,2.429
2026-09-20T16:30:52Z,23cb9e76-f277-4ab3-b64b-d5d8a71eee0a,open,2.419
2026-09-20T16:30:52Z,0644af18-e91e-4f5c-b23b-ecee706482ce,open,2.429
2026-09-20T16:30:52Z,77d0b269-a3f2-4a90-aebb-264d45748583,open,2.429
2026-09-20T16:30:52Z,51d4b52a-a095-1aa0-e100-80009459e03a,open,2.409
2026-09-20T16:30:52Z,695e738d-6386-4189-b454-af4a2947e89d,open,2.399
2026-09-20T16:30:52Z,3d5d33e1-982e-4bd9-831c-7710f4b2bd72,open,2.419
2026-09-20T16:30:52Z,9cc82fee-ffbf-4cf3-948a-9c5e494588a8,open,2.429
2026-09-20T16:30:52Z,005056a9-779e-1eee-bfc4-26f2ed85158d,open,2.419
2026-09-20T16:30:52Z,f3f3b1ad-72ef-424a-8237-96c84ef806af,open,2.429
2026-09-20T17:01:02Z,3d5d33e1-982e-4bd9-831c-7710f4b2bd72,open,2.409
2026-09-20T17:01:02Z,515bab29-79a3-4a95-937b-3a13c7907955,open,2.419
2026-09-20T17:01:02Z,005056a9-779e-1eee-bfc4-26f2ed85158d,open,2.409
2026-09-20T17:01:02Z,f3f3b1ad-72ef-424a-8237-96c84ef806af,open,2.419
2026-09-20T17:30:55Z,0014c75b-2b35-4fad-b162-8b3fb9125cd2,open,2.419
2026-09-20T19:01:01Z,4c8cac28-e631-42aa-8206-db8f9acf8919,closed,
2026-09-20T19:01:01Z,0644af18-e91e-4f5c-b23b-ecee706482ce,closed,
2026-09-20T20:01:00Z,3bc75820-2e63-4a74-92cf-ef078b21accf,closed,
2026-09-20T20:01:00Z,e1a15081-2513-9107-e040-0b0a3dfe563c,closed,
2026-09-20T20:01:00Z,4910a275-9695-403e-bb77-bf059a03713b,closed,
2026-09-20T20:01:00Z,51d4b662-a095-1aa0-e100-80009459e03a,closed,
2026-09-20T20:01:00Z,515bab29-79a3-4a95-937b-3a13c7907955,closed,
2026-09-20T21:00:56Z,51d4b52a-a095-1aa0-e100-80009459e03a,closed,
2026-09-20T21:00:56Z,005056ba-7cb6-1ed2-bceb-8b9067120d33,closed,
2026-09-21T03:01:00Z,4c8cac28-e631-42aa-8206-db8f9acf8919,open,2.378
2026-09-21T03:01:00Z,51d4b52a-a095-1aa0-e100-80009459e03a,open,2.409
2026-09-21T03:01:00Z,005056ba-7cb6-1ed2-bceb-8b9067120d33,open,2.379
2026-09-21T04:00:58Z,e1a15081-2513-9107-e040-0b0a3dfe563c,open,2.379
2026-09-21T04:00:58Z,0644af18-e91e-4f5c-b23b-ecee706482ce,open,2.429
2026-09-21T04:00:58Z,4910a275-9695-403e-bb77-bf059a03713b,open,2.399
2026-09-21T04:00:58Z,51d4b662-a095-1aa0-e100-80009459e03a,open,2.379
2026-09-21T04:00:58Z,515bab29-79a3-4a95-937b-3a13c7907955,open,2.419
2026-09-21T05:01:01Z,3bc75820-2e63-4a74-92cf-ef078b21accf,open,2.419
2026-09-21T05:30:59Z,0644af18-e91e-4f5c-b23b-ecee706482ce,open,2.419
2026-09-21T05:30:59Z,9cc82fee-ffbf-4cf3-948a-9c5e494588a8,open,2.419
2026-09-21T07:01:03Z,77d0b269-a3f2-4a90-aebb-264d45748583,open,2.419
2026-09-21T07:01:03Z,6cc0da1b-3d06-4abf-a2e9-3a4f67469658,open,2.419
2026-09-21T07:01:03Z,23cb9e76-f277-4ab3-b64b-d5d8a71eee0a,open,2.409
2026-09-21T07:30:58Z,3bc75820-2e63-4a74-92cf-ef078b21accf,open,2.399
2026-09-21T07:30:58Z,0644af18-e91e-4f5c-b23b-ecee706482ce,open,2.409
2026-09-21T07:30:58Z,03344243-1c82-4fe4-9191-9d9bc9cc4d14,open,2.399
2026-09-21T08:01:04Z,51d4b52a-a095-1aa0-e100-80009459e03a,open,2.389
2026-09-21T08:01:04Z,005056a9-779e-1eee-bfc4-26f2ed85158d,open,2.389
2026-09-21T08:30:51Z,0014c75b-2b35-4fad-b162-8b3fb9125cd2,open,2.409
2026-09-21T08:30:51Z,f3f3b1ad-72ef-424a-8237-96c84ef806af,open,2.399
2026-09-21T08:30:51Z,3d5d33e1-982e-4bd9-831c-7710f4b2bd72,open,2.389
2026-09-21T08:30:51Z,515bab29-79a3-4a95-937b-3a13c7907955,open,2.399
2026-09-21T09:01:00Z,4910a275-9695-403e-bb77-bf059a03713b,open,2.389
2026-09-21T09:01:00Z,6cc0da1b-3d06-4abf-a2e9-3a4f67469658,open,2.409
2026-09-21T09:01:00Z,0644af18-e91e-4f5c-b23b-ecee706482ce,open,2.399
2026-09-21T09:01:00Z,9cc82fee-ffbf-4cf3-948a-9c5e494588a8,open,2.399
2026-09-21T10:30:53Z,4910a275-9695-403e-bb77-bf059a03713b,open,2.569
2026-09-21T10:30:53Z,77d0b269-a3f2-4a90-aebb-264d45748583,open,2.599
2026-09-21T10:30:53Z,ff84eb62-9c83-4c6a-b3e3-d7dad141e8d5,open,2.589
2026-09-21T10:30:53Z,4c8cac28-e631-42aa-8206-db8f9acf8919,open,2.728
2026-09-21T10:30:53Z,0014c75b-2b35-4fad-b162-8b3fb9125cd2,open,2.599
2026-09-21T10:30:53Z,3bc75820-2e63-4a74-92cf-ef078b21accf,open,2.599
2026-09-21T10:30:53Z,e1a15081-2513-9107-e040-0b0a3dfe563c,open,2.589
2026-09-21T10:30:53Z,6cc0da1b-3d06-4abf-a2e9-3a4f67469658,open,2.559
2026-09-21T10:30:53Z,23cb9e76-f277-4ab3-b64b-d5d8a71eee0a,open,2.599
2026-09-21T10:30:53Z,0644af18-e91e-4f5c-b23b-ecee706482ce,open,2.559
2026-09-21T10:30:53Z,005056ba-7cb6-1ed2-bceb-8b9067120d33,open,2.539
2026-09-21T10:30:53Z,03344243-1c82-4fe4-9191-9d9bc9cc4d14,open,2.599
2026-09-21T10:30:53Z,f3f3b1ad-72ef-424a-8237-96c84ef806af,open,2.589
2026-09-21T10:30:53Z,51d4b662-a095-1aa0-e100-80009459e03a,open,2.579
2026-09-21T10:30:53Z,51d4b52a-a095-1aa0-e100-80009459e03a,open,2.579
2026-09-21T10:30:53Z,695e738d-6386-4189-b454-af4a2947e89d,open,2.559
2026-09-21T10:30:53Z,3d5d33e1-982e-4bd9-831c-7710f4b2bd72,open,2.589
2026-09-21T10:30:53Z,9cc82fee-ffbf-4cf3-948a-9c5e494588a8,open,2.599
2026-09-21T10:30:53Z,515bab29-79a3-4a95-937b-3a13c7907955,open,2.599
2026-09-21T10:30:53Z,005056a9-779e-1eee-bfc4-26f2ed85158d,open,2.579
2026-09-21T11:01:01Z,4910a275-9695-403e-bb77-bf059a03713b,open,2.539
2026-09-21T11:01:01Z,4c8cac28-e631-42aa-8206-db8f9acf8919,open,2.538
2026-09-21T11:01:01Z,3bc75820-2e63-4a74-92cf-ef078b21accf,open,2.549
2026-09-21T11:01:01Z,e1a15081-2513-9107-e040-0b0a3dfe563c,open,2.539
2026-09-21T11:01:01Z,0644af18-e91e-4f5c-b23b-ecee706482ce,open,2.549
2026-09-21T11:01:01Z,03344243-1c82-4fe4-9191-9d9bc9cc4d14,open,2.539
2026-09-21T11:01:01Z,51d4b662-a095-1aa0-e100-80009459e03a,open,2.539
2026-09-21T11:01:01Z,51d4b52a-a095-1aa0-e100-80009459e03a,open,2.549
2026-09-21T11:01:01Z,9cc82fee-ffbf-4cf3-948a-9c5e494588a8,open,2.569
2026-09-21T11:01:01Z,515bab29-79a3-4a95-937b-3a13c7907955,open,2.559
2026-09-21T11:30:56Z,4910a275-9695-403e-bb77-bf059a03713b,open,2.529
2026-09-21T11:30:56Z,77d0b269-a3f2-4a90-aebb-264d45748583,open,2.559
2026-09-21T11:30:56Z,ff84eb62-9c83-4c6a-b3e3-d7dad141e8d5,open,2.549
2026-09-21T11:30:56Z,4c8cac28-e631-42aa-8206-db8f9acf8919,open,2.508
2026-09-21T11:30:56Z,0014c75b-2b35-4fad-b162-8b3fb9125cd2,open,2.559
2026-09-21T11:30:56Z,e1a15081-2513-9107-e040-0b0a3dfe563c,open,2.509
2026-09-21T11:30:56Z,23cb9e76-f277-4ab3-b64b-d5d8a71eee0a,open,2.539
2026-09-21T11:30:56Z,005056ba-7cb6-1ed2-bceb-8b9067120d33,open,2.509
2026-09-21T11:30:56Z,03344243-1c82-4fe4-9191-9d9bc9cc4d14,open,2.509
2026-09-21T11:30:56Z,f3f3b1ad-72ef-424a-8237-96c84ef806af,open,2.559
2026-09-21T11:30:56Z,51d4b662-a095-1aa0-e100-80009459e03a,open,2.529
2026-09-21T11:30:56Z,51d4b52a-a095-1aa0-e100-80009459e03a,open,2.529
2026-09-21T11:30:56Z,695e738d-6386-4189-b454-af4a2947e89d,open,2.539
2026-09-21T11:30:56Z,3d5d33e1-982e-4bd9-831c-7710f4b2bd72,open,2.549
2026-09-21T11:30:56Z,9cc82fee-ffbf-4cf3-948a-9c5e494588a8,open,2.559
2026-09-21T11:30:56Z,005056a9-779e-1eee-bfc4-26f2ed85158d,open,2.549
2026-09-21T12:01:41Z,4910a275-9695-403e-bb77-bf059a03713b,open,2.499
2026-09-21T12:01:41Z,77d0b269-a3f2-4a90-aebb-264d45748583,open,2.549
2026-09-21T12:01:41Z,ff84eb62-9c83-4c6a-b3e3-d7dad141e8d5,open,2.509
2026-09-21T12:01:41Z,4c8cac28-e631-42aa-8206-db8f9acf8919,open,2.498
2026-09-21T12:01:41Z,0014c75b-2b35-4fad-b162-8b3fb9125cd2,open,2.539
2026-09-21T12:01:41Z,3bc75820-2e63-4a74-92cf-ef078b21accf,open,2.519
2026-09-21T12:01:41Z,e1a15081-2513-9107-e040-0b0a3dfe563c,open,2.499
2026-09-21T12:01:41Z,6cc0da1b-3d06-4abf-a2e9-3a4f67469658,open,2.549
2026-09-21T12:01:41Z,23cb9e76-f277-4ab3-b64b-d5d8a71eee0a,open,2.519
2026-09-21T12:01:41Z,0644af18-e91e-4f5c-b23b-ecee706482ce,open,2.539
2026-09-21T12:01:41Z,005056ba-7cb6-1ed2-bceb-8b9067120d33,open,2.499
2026-09-21T12:01:41Z,f3f3b1ad-72ef-424a-8237-96c84ef806af,open,2.539
2026-09-21T12:01:41Z,51d4b662-a095-1aa0-e100-80009459e03a,open,2.499
2026-09-21T12:01:41Z,51d4b52a-a095-1aa0-e100-80009459e03a,open,2.499
2026-09-21T12:01:41Z,695e738d-6386-4189-b454-af4a2947e89d,open,2.509
2026-09-21T12:01:41Z,3d5d33e1-982e-4bd9-831c-7710f4b2bd72,open,2.529
2026-09-21T12:01:41Z,9cc82fee-ffbf-4cf3-948a-9c5e494588a8,open,2.549
2026-09-21T12:01:41Z,515bab29-79a3-4a95-937b-3a13c7907955,open,2.539
2026-09-21T12:01:41Z,005056a9-779e-1eee-bfc4-26f2ed85158d,open,2.529
2026-09-21T12:30:59Z,77d0b269-a3f2-4a90-aebb-264d45748583,open,2.509
2026-09-21T12:30:59Z,4c8cac28-e631-42aa-8206-db8f9acf8919,open,2.488
2026-09-21T12:30:59Z,0014c75b-2b35-4fad-b162-8b3fb9125cd2,open,2.509
2026-09-21T12:30:59Z,3bc75820-2e63-4a74-92cf-ef078b21accf,open,2.509
2026-09-21T12:30:59Z,e1a15081-2513-9107-e040-0b0a3dfe563c,open,2.489
2026-09-21T12:30:59Z,6cc0da1b-3d06-4abf-a2e9-3a4f67469658,open,2.509
2026-09-21T12:30:59Z,23cb9e76-f277-4ab3-b64b-d5d8a71eee0a,open,2.509
2026-09-21T12:30:59Z,0644af18-e91e-4f5c-b23b-ecee706482ce,open,2.509
2026-09-21T12:30:59Z,005056ba-7cb6-1ed2-bceb-8b9067120d33,open,2.489
2026-09-21T12:30:59Z,03344243-1c82-4fe4-9191-9d9bc9cc4d14,open,2.489
2026-09-21T12:30:59Z,f3f3b1ad-72ef-424a-8237-96c84ef806af,open,2.509
2026-09-21T12:30:59Z,51d4b662-a095-1aa0-e100-80009459e03a,open,2.489
2026-09-21T12:30:59Z,51d4b52a-a095-1aa0-e100-80009459e03a,open,2.489
2026-09-21T12:30:59Z,3d5d33e1-982e-4bd9-831c-7710f4b2bd72,open,2.499
2026-09-21T12:30:59Z,9cc82fee-ffbf-4cf3-948a-9c5e494588a8,open,2.509
2026-09-21T12:30:59Z,515bab29-79a3-4a95-937b-3a13c7907955,open,2.509
2026-09-21T12:30:59Z,005056a9-779e-1eee-bfc4-26f2ed85158d,open,2.499
2026-09-21T12:41:02Z,4910a275-9695-403e-bb77-bf059a03713b,open,2.489
2026-09-21T12:41:02Z,3bc75820-2e63-4a74-92cf-ef078b21accf,open,2.499
2026-09-21T12:41:02Z,51d4b662-a095-1aa0-e100-80009459e03a,open,2.479
2026-09-21T12:41:02Z,695e738d-6386-4189-b454-af4a2947e89d,open,2.499
2026-09-21T12:41:02Z,3d5d33e1-982e-4bd9-831c-7710f4b2bd72,open,2.489
2026-09-21T12:41:02Z,515bab29-79a3-4a95-937b-3a13c7907955,open,2.499
2026-09-21T12:41:02Z,005056a9-779e-1eee-bfc4-26f2ed85158d,open,2.489
2026-09-21T13:01:12Z,4910a275-9695-403e-bb77-bf059a03713b,open,2.479
2026-09-21T13:01:12Z,ff84eb62-9c83-4c6a-b3e3-d7dad141e8d5,open,2.489
2026-09-21T13:01:12Z,4c8cac28-e631-42aa-8206-db8f9acf8919,open,2.478
2026-09-21T13:01:12Z,0014c75b-2b35-4fad-b162-8b3fb9125cd2,open,2.499
2026-09-21T13:01:12Z,e1a15081-2513-9107-e040-0b0a3dfe563c,open,2.479
2026-09-21T13:01:12Z,23cb9e76-f277-4ab3-b64b-d5d8a71eee0a,open,2.499
2026-09-21T13:01:12Z,0644af18-e91e-4f5c-b23b-ecee706482ce,open,2.499
2026-09-21T13:01:12Z,005056ba-7cb6-1ed2-bceb-8b9067120d33,open,2.479
2026-09-21T13:01:12Z,f3f3b1ad-72ef-424a-8237-96c84ef806af,open,2.499
2026-09-21T13:01:12Z,51d4b52a-a095-1aa0-e100-80009459e03a,open,2.479
2026-09-21T13:01:12Z,695e738d-6386-4189-b454-af4a2947e89d,open,2.489
2026-09-21T13:01:12Z,9cc82fee-ffbf-4cf3-948a-9c5e494588a8,open,2.499
2026-09-21T13:30:52Z,0014c75b-2b35-4fad-b162-8b3fb9125cd2,open,2.489
2026-09-21T13:30:52Z,3bc75820-2e63-4a74-92cf-ef078b21accf,open,2.489
2026-09-21T13:30:52Z,23cb9e76-f277-4ab3-b64b-d5d8a71eee0a,open,2.489
2026-09-21T13:30:52Z,0644af18-e91e-4f5c-b23b-ecee706482ce,open,2.489
2026-09-21T13:30:52Z,f3f3b1ad-72ef-424a-8237-96c84ef806af,open,2.489
2026-09-21T13:30:52Z,3d5d33e1-982e-4bd9-831c-7710f4b2bd72,open,2.479
2026-09-21T13:30:52Z,9cc82fee-ffbf-4cf3-948a-9c5e494588a8,open,2.489
2026-09-21T13:30:52Z,515bab29-79a3-4a95-937b-3a13c7907955,open,2.489
2026-09-21T13:30:52Z,005056a9-779e-1eee-bfc4-26f2ed85158d,open,2.479
2026-09-21T14:01:03Z,6cc0da1b-3d06-4abf-a2e9-3a4f67469658,open,2.499
2026-09-21T14:01:03Z,f3f3b1ad-72ef-424a-8237-96c84ef806af,open,2.479
2026-09-21T14:01:03Z,51d4b52a-a095-1aa0-e100-80009459e03a,open,2.469
2026-09-21T14:01:03Z,3d5d33e1-982e-4bd9-831c-7710f4b2bd72,open,2.469
2026-09-21T14:01:03Z,515bab29-79a3-4a95-937b-3a13c7907955,open,2.479
2026-09-21T14:01:03Z,005056a9-779e-1eee-bfc4-26f2ed85158d,open,2.469
2026-09-21T14:30:58Z,4910a275-9695-403e-bb77-bf059a03713b,open,2.469
2026-09-21T14:30:58Z,77d0b269-a3f2-4a90-aebb-264d45748583,open,2.489
2026-09-21T14:30:58Z,0014c75b-2b35-4fad-b162-8b3fb9125cd2,open,2.479
2026-09-21T14:30:58Z,6cc0da1b-3d06-4abf-a2e9-3a4f67469658,open,2.489
2026-09-21T14:30:58Z,0644af18-e91e-4f5c-b23b-ecee706482ce,open,2.479
2026-09-21T14:30:58Z,51d4b52a-a095-1aa0-e100-80009459e03a,open,2.459
2026-09-21T14:30:58Z,3d5d33e1-982e-4bd9-831c-7710f4b2bd72,open,2.459
2026-09-21T14:30:58Z,9cc82fee-ffbf-4cf3-948a-9c5e494588a8,open,2.479
2026-09-21T14:30:58Z,515bab29-79a3-4a95-937b-3a13c7907955,open,2.469
2026-09-21T14:30:58Z,005056a9-779e-1eee-bfc4-26f2ed85158d,open,2.459
2026-09-21T15:01:04Z,ff84eb62-9c83-4c6a-b3e3-d7dad141e8d5,open,2.479
2026-09-21T15:01:04Z,3bc75820-2e63-4a74-92cf-ef078b21accf,open,2.479
2026-09-21T15:01:04Z,0644af18-e91e-4f5c-b23b-ecee706482ce,open,2.469
2026-09-21T15:01:04Z,f3f3b1ad-72ef-424a-8237-96c84ef806af,open,2.459
2026-09-21T15:01:04Z,51d4b52a-a095-1aa0-e100-80009459e03a,open,2.449
2026-09-21T15:01:04Z,3d5d33e1-982e-4bd9-831c-7710f4b2bd72,open,2.449
2026-09-21T15:01:04Z,9cc82fee-ffbf-4cf3-948a-9c5e494588a8,open,2.459
2026-09-21T15:01:04Z,515bab29-79a3-4a95-937b-3a13c7907955,open,2.459
2026-09-21T15:01:04Z,005056a9-779e-1eee-bfc4-26f2ed85158d,open,2.449
2026-09-21T15:30:59Z,4910a275-9695-403e-bb77-bf059a03713b,open,2.449
2026-09-21T15:30:59Z,77d0b269-a3f2-4a90-aebb-264d45748583,open,2.479
2026-09-21T15:30:59Z,ff84eb62-9c83-4c6a-b3e3-d7dad141e8d5,open,2.469
2026-09-21T15:30:59Z,4c8cac28-e631-42aa-8206-db8f9acf8919,open,2.468
2026-09-21T15:30:59Z,0014c75b-2b35-4fad-b162-8b3fb9125cd2,open,2.459
2026-09-21T15:30:59Z,3bc75820-2e63-4a74-92cf-ef078b21accf,open,2.469
2026-09-21T15:30:59Z,e1a15081-2513-9107-e040-0b0a3dfe563c,open,2.469
2026-09-21T15:30:59Z,6cc0da1b-3d06-4abf-a2e9-3a4f67469658,open,2.469
2026-09-21T15:30:59Z,23cb9e76-f277-4ab3-b64b-d5d8a71eee0a,open,2.479
2026-09-21T15:30:59Z,0644af18-e91e-4f5c-b23b-ecee706482ce,open,2.459
2026-09-21T15:30:59Z,005056ba-7cb6-1ed2-bceb-8b9067120d33,open,2.469
2026-09-21T15:30:59Z,03344243-1c82-4fe4-9191-9d9bc9cc4d14,open,2.479
2026-09-21T15:30:59Z,51d4b662-a095-1aa0-e100-80009459e03a,open,2.469
2026-09-21T15:30:59Z,51d4b52a-a095-1aa0-e100-80009459e03a,open,2.439
2026-09-21T15:30:59Z,695e738d-6386-4189-b454-af4a2947e89d,open,2.479
2026-09-21T15:30:59Z,3d5d33e1-982e-4bd9-831c-7710f4b2bd72,open,2.419
2026-09-21T15:30:59Z,515bab29-79a3-4a95-937b-3a13c7907955,open,2.449
2026-09-21T15:30:59Z,005056a9-779e-1eee-bfc4-26f2ed85158d,open,2.419
2026-09-21T16:01:06Z,ff84eb62-9c83-4c6a-b3e3-d7dad141e8d5,open,2.459
2026-09-21T16:01:06Z,4c8cac28-e631-42aa-8206-db8f9acf8919,open,2.458
2026-09-21T16:01:06Z,3bc75820-2e63-4a74-92cf-ef078b21accf,open,2.459
2026-09-21T16:01:06Z,e1a15081-2513-9107-e040-0b0a3dfe563c,open,2.459
2026-09-21T16:01:06Z,0644af18-e91e-4f5c-b23b-ecee706482ce,open,2.449
2026-09-21T16:01:06Z,005056ba-7cb6-1ed2-bceb-8b9067120d33,open,2.459
2026-09-21T16:01:06Z,03344243-1c82-4fe4-9191-9d9bc9cc4d14,open,2.469
2026-09-21T16:01:06Z,f3f3b1ad-72ef-424a-8237-96c84ef806af,open,2.449
2026-09-21T16:01:06Z,51d4b662-a095-1aa0-e100-80009459e03a,open,2.459
2026-09-21T16:01:06Z,51d4b52a-a095-1aa0-e100-80009459e03a,open,2.409
2026-09-21T16:01:06Z,695e738d-6386-4189-b454-af4a2947e89d,open,2.469
2026-09-21T16:01:06Z,9cc82fee-ffbf-4cf3-948a-9c5e494588a8,open,2.449
2026-09-21T16:01:06Z,515bab29-79a3-4a95-937b-3a13c7907955,open,2.419
2026-09-21T16:30:51Z,4910a275-9695-403e-bb77-bf059a03713b,open,2.439
2026-09-21T16:30:51Z,77d0b269-a3f2-4a90-aebb-264d45748583,open,2.469
2026-09-21T16:30:51Z,4c8cac28-e631-42aa-8206-db8f9acf8919,open,2.448
2026-09-21T16:30:51Z,0014c75b-2b35-4fad-b162-8b3fb9125cd2,open,2.419
2026-09-21T16:30:51Z,e1a15081-2513-9107-e040-0b0a3dfe563c,open,2.449
2026-09-21T16:30:51Z,6cc0da1b-3d06-4abf-a2e9-3a4f67469658,open,2.459
2026-09-21T16:30:51Z,23cb9e76-f277-4ab3-b64b-d5d8a71eee0a,open,2.469
2026-09-21T16:30:51Z,0644af18-e91e-4f5c-b23b-ecee706482ce,open,2.419
2026-09-21T16:30:51Z,005056ba-7cb6-1ed2-bceb-8b9067120d33,open,2.449
2026-09-21T16:30:51Z,03344243-1c82-4fe4-9191-9d9bc9cc4d14,open,2.459
2026-09-21T16:30:51Z,f3f3b1ad-72ef-424a-8237-96c84ef806af,open,2.419
2026-09-21T16:30:51Z,51d4b662-a095-1aa0-e100-80009459e03a,open,2.449
2026-09-21T16:30:51Z,695e738d-6386-4189-b454-af4a2947e89d,open,2.459
2026-09-21T16:30:51Z,3d5d33e1-982e-4bd9-831c-7710f4b2bd72,open,2.409
2026-09-21T16:30:51Z,9cc82fee-ffbf-4cf3-948a-9c5e494588a8,open,2.419
2026-09-21T16:30:51Z,005056a9-779e-1eee-bfc4-26f2ed85158d,open,2.409
2026-09-21T17:01:04Z,4910a275-9695-403e-bb77-bf059a03713b,open,2.409
2026-09-21T17:01:04Z,ff84eb62-9c83-4c6a-b3e3-d7dad141e8d5,open,2.449
2026-09-21T17:01:04Z,3bc75820-2e63-4a74-92cf-ef078b21accf,open,2.419
2026-09-21T17:01:04Z,6cc0da1b-3d06-4abf-a2e9-3a4f67469658,open,2.429
2026-09-21T17:01:04Z,03344243-1c82-4fe4-9191-9d9bc9cc4d14,open,2.449
2026-09-21T17:01:04Z,f3f3b1ad-72ef-424a-8237-96c84ef806af,open,2.409
2026-09-21T17:01:04Z,51d4b52a-a095-1aa0-e100-80009459e03a,open,2.399
2026-09-21T17:01:04Z,695e738d-6386-4189-b454-af4a2947e89d,open,2.449
2026-09-21T17:01:04Z,3d5d33e1-982e-4bd9-831c-7710f4b2bd72,open,2.399
2026-09-21T17:01:04Z,515bab29-79a3-4a95-937b-3a13c7907955,open,2.409
2026-09-21T17:01:04Z,005056a9-779e-1eee-bfc4-26f2ed85158d,open,2.399
2026-09-21T17:30:54Z,77d0b269-a3f2-4a90-aebb-264d45748583,open,2.429
2026-09-21T17:30:54Z,ff84eb62-9c83-4c6a-b3e3-d7dad141e8d5,open,2.419
2026-09-21T17:30:54Z,4c8cac28-e631-42aa-8206-db8f9acf8919,open,2.438
2026-09-21T17:30:54Z,0014c75b-2b35-4fad-b162-8b3fb9125cd2,open,2.409
2026-09-21T17:30:54Z,e1a15081-2513-9107-e040-0b0a3dfe563c,open,2.419
2026-09-21T17:30:54Z,23cb9e76-f277-4ab3-b64b-d5d8a71eee0a,open,2.429
2026-09-21T17:30:54Z,005056ba-7cb6-1ed2-bceb-8b9067120d33,open,2.439
2026-09-21T17:30:54Z,03344243-1c82-4fe4-9191-9d9bc9cc4d14,open,2.439
2026-09-21T17:30:54Z,51d4b662-a095-1aa0-e100-80009459e03a,open,2.429
2026-09-21T17:30:54Z,51d4b52a-a095-1aa0-e100-80009459e03a,open,2.389
2026-09-21T17:30:54Z,695e738d-6386-4189-b454-af4a2947e89d,open,2.439
2026-09-21T17:30:54Z,3d5d33e1-982e-4bd9-831c-7710f4b2bd72,open,2.389
2026-09-21T17:30:54Z,515bab29-79a3-4a95-937b-3a13c7907955,open,2.399
2026-09-21T17:30:54Z,005056a9-779e-1eee-bfc4-26f2ed85158d,open,2.389
2026-09-21T18:01:06Z,4c8cac28-e631-42aa-8206-db8f9acf8919,open,2.408
2026-09-21T18:01:06Z,e1a15081-2513-9107-e040-0b0a3dfe563c,open,2.409
2026-09-21T18:01:06Z,005056ba-7cb6-1ed2-bceb-8b9067120d33,open,2.409
2026-09-21T18:01:06Z,03344243-1c82-4fe4-9191-9d9bc9cc4d14,open,2.419
2026-09-21T18:01:06Z,f3f3b1ad-72ef-424a-8237-96c84ef806af,open,2.399
2026-09-21T18:01:06Z,51d4b662-a095-1aa0-e100-80009459e03a,open,2.409
2026-09-21T18:01:06Z,695e738d-6386-4189-b454-af4a2947e89d,open,2.419
2026-09-21T18:30:56Z,77d0b269-a3f2-4a90-aebb-264d45748583,open,2.419
2026-09-21T18:30:56Z,0014c75b-2b35-4fad-b162-8b3fb9125cd2,open,2.399
2026-09-21T18:30:56Z,6cc0da1b-3d06-4abf-a2e9-3a4f67469658,open,2.419
2026-09-21T18:30:56Z,23cb9e76-f277-4ab3-b64b-d5d8a71eee0a,open,2.419
2026-09-21T19:01:04Z,0644af18-e91e-4f5c-b23b-ecee706482ce,closed,
2026-09-21T20:01:01Z,4910a275-9695-403e-bb77-bf059a03713b,closed,
2026-09-21T20:01:01Z,4c8cac28-e631-42aa-8206-db8f9acf8919,closed,
2026-09-21T20:01:01Z,3bc75820-2e63-4a74-92cf-ef078b21accf,closed,
2026-09-21T20:01:01Z,e1a15081-2513-9107-e040-0b0a3dfe563c,closed,
2026-09-21T20:01:01Z,51d4b662-a095-1aa0-e100-80009459e03a,closed,
2026-09-21T20:01:01Z,515bab29-79a3-4a95-937b-3a13c7907955,closed,
2026-09-21T21:01:02Z,005056ba-7cb6-1ed2-bceb-8b9067120d33,closed,
2026-09-21T21:01:02Z,51d4b52a-a095-1aa0-e100-80009459e03a,closed,
2026-09-22T03:00:59Z,4c8cac28-e631-42aa-8206-db8f9acf8919,open,2.408
2026-09-22T03:00:59Z,005056ba-7cb6-1ed2-bceb-8b9067120d33,open,2.409
2026-09-22T03:00:59Z,51d4b52a-a095-1aa0-e100-80009459e03a,open,2.389
2026-09-22T04:01:00Z,4910a275-9695-403e-bb77-bf059a03713b,open,2.409
2026-09-22T04:01:00Z,e1a15081-2513-9107-e040-0b0a3dfe563c,open,2.409
2026-09-22T04:01:00Z,0644af18-e91e-4f5c-b23b-ecee706482ce,open,2.419
2026-09-22T04:01:00Z,51d4b662-a095-1aa0-e100-80009459e03a,open,2.409
2026-09-22T04:01:00Z,515bab29-79a3-4a95-937b-3a13c7907955,open,2.399
2026-09-22T04:30:56Z,0644af18-e91e-4f5c-b23b-ecee706482ce,open,2.409
2026-09-22T04:46:51Z,4910a275-9695-403e-bb77-bf059a03713b,open,2.399
2026-09-22T05:01:02Z,ff84eb62-9c83-4c6a-b3e3-d7dad141e8d5,open,2.409
2026-09-22T05:01:02Z,3bc75820-2e63-4a74-92cf-ef078b21accf,open,2.409
2026-09-22T05:30:51Z,4910a275-9695-403e-bb77-bf059a03713b,open,2.389
2026-09-22T05:30:51Z,4c8cac28-e631-42aa-8206-db8f9acf8919,open,2.398
2026-09-22T05:30:51Z,e1a15081-2513-9107-e040-0b0a3dfe563c,open,2.399
2026-09-22T05:30:51Z,6cc0da1b-3d06-4abf-a2e9-3a4f67469658,open,2.409
2026-09-22T05:30:51Z,0644af18-e91e-4f5c-b23b-ecee706482ce,open,2.399
2026-09-22T05:30:51Z,005056ba-7cb6-1ed2-bceb-8b9067120d33,open,2.399
2026-09-22T05:30:51Z,03344243-1c82-4fe4-9191-9d9bc9cc4d14,open,2.409
2026-09-22T05:30:51Z,51d4b662-a095-1aa0-e100-80009459e03a,open,2.399
2026-09-22T05:30:51Z,695e738d-6386-4189-b454-af4a2947e89d,open,2.409
2026-09-22T05:30:51Z,9cc82fee-ffbf-4cf3-948a-9c5e494588a8,open,2.409
2026-09-22T06:01:02Z,77d0b269-a3f2-4a90-aebb-264d45748583,open,2.409
2026-09-22T06:01:02Z,ff84eb62-9c83-4c6a-b3e3-d7dad141e8d5,open,2.399
2026-09-22T06:01:02Z,3bc75820-2e63-4a74-92cf-ef078b21accf,open,2.399
2026-09-22T06:01:02Z,51d4b662-a095-1aa0-e100-80009459e03a,open,2.389
2026-09-22T06:30:50Z,4c8cac28-e631-42aa-8206-db8f9acf8919,open,2.388
2026-09-22T06:30:50Z,e1a15081-2513-9107-e040-0b0a3dfe563c,open,2.389
2026-09-22T06:30:50Z,005056ba-7cb6-1ed2-bceb-8b9067120d33,open,2.389
2026-09-22T06:30:50Z,03344243-1c82-4fe4-9191-9d9bc9cc4d14,open,2.399
2026-09-22T06:30:50Z,695e738d-6386-4189-b454-af4a2947e89d,open,2.399
2026-09-22T07:01:03Z,23cb9e76-f277-4ab3-b64b-d5d8a71eee0a,open,2.399
2026-09-22T08:01:00Z,51d4b52a-a095-1aa0-e100-80009459e03a,open,2.379
2026-09-22T08:01:00Z,3d5d33e1-982e-4bd9-831c-7710f4b2bd72,open,2.379
2026-09-22T08:01:00Z,005056a9-779e-1eee-bfc4-26f2ed85158d,open,2.379
2026-09-22T08:30:55Z,0014c75b-2b35-4fad-b162-8b3fb9125cd2,open,2.389
2026-09-22T08:30:55Z,f3f3b1ad-72ef-424a-8237-96c84ef806af,open,2.389
2026-09-22T08:30:55Z,51d4b52a-a095-1aa0-e100-80009459e03a,open,2.369
2026-09-22T08:30:55Z,3d5d33e1-982e-4bd9-831c-7710f4b2bd72,open,2.369
2026-09-22T08:30:55Z,515bab29-79a3-4a95-937b-3a13c7907955,open,2.389
2026-09-22T08:30:55Z,005056a9-779e-1eee-bfc4-26f2ed85158d,open,2.369
2026-09-22T09:01:08Z,6cc0da1b-3d06-4abf-a2e9-3a4f67469658,open,2.389
2026-09-22T09:01:08Z,0644af18-e91e-4f5c-b23b-ecee706482ce,open,2.379
2026-09-22T09:01:08Z,4910a275-9695-403e-bb77-bf059a03713b,open,2.369
2026-09-22T09:01:08Z,9cc82fee-ffbf-4cf3-948a-9c5e494588a8,open,2.389
2026-09-22T09:01:08Z,515bab29-79a3-4a95-937b-3a13c7907955,open,2.379
2026-09-22T09:01:08Z,f3f3b1ad-72ef-424a-8237-96c84ef806af,open,2.379
2026-09-22T09:01:08Z,51d4b52a-a095-1aa0-e100-80009459e03a,open,2.359
2026-09-22T09:30:50Z,ff84eb62-9c83-4c6a-b3e3-d7dad141e8d5,open,2.379
2026-09-22T09:30:50Z,3bc75820-2e63-4a74-92cf-ef078b21accf,open,2.379
2026-09-22T09:30:50Z,f3f3b1ad-72ef-424a-8237-96c84ef806af,open,2.369
2026-09-22T09:30:50Z,3d5d33e1-982e-4bd9-831c-7710f4b2bd72,open,2.359
2026-09-22T09:30:50Z,515bab29-79a3-4a95-937b-3a13c7907955,open,2.369
2026-09-22T09:30:50Z,005056a9-779e-1eee-bfc4-26f2ed85158d,open,2.359
2026-09-22T10:01:04Z,e1a15081-2513-9107-e040-0b0a3dfe563c,open,2.369
2026-09-22T10:01:04Z,51d4b662-a095-1aa0-e100-80009459e03a,open,2.369
2026-09-22T10:01:04Z,51d4b52a-a095-1aa0-e100-80009459e03a,open,2.349
2026-09-22T10:30:55Z,77d0b269-a3f2-4a90-aebb-264d45748583,open,2.579
2026-09-22T10:30:55Z,ff84eb62-9c83-4c6a-b3e3-d7dad141e8d5,open,2.579
2026-09-22T10:30:55Z,4c8cac28-e631-42aa-8206-db8f9acf8919,open,2.738
2026-09-22T10:30:55Z,0014c75b-2b35-4fad-b162-8b3fb9125cd2,open,2.579
2026-09-22T10:30:55Z,3bc75820-2e63-4a74-92cf-ef078b21accf,open,2.579
2026-09-22T10:30:55Z,e1a15081-2513-9107-e040-0b0a3dfe563c,open,2.579
2026-09-22T10:30:55Z,6cc0da1b-3d06-4abf-a2e9-3a4f67469658,open,2.539
2026-09-22T10:30:55Z,23cb9e76-f277-4ab3-b64b-d5d8a71eee0a,open,2.579
2026-09-22T10:30:55Z,0644af18-e91e-4f5c-b23b-ecee706482ce,open,2.539
2026-09-22T10:30:55Z,4910a275-9695-403e-bb77-bf059a03713b,open,2.549
2026-09-22T10:30:55Z,005056ba-7cb6-1ed2-bceb-8b9067120d33,open,2.529
2026-09-22T10:30:55Z,f3f3b1ad-72ef-424a-8237-96c84ef806af,open,2.579
2026-09-22T10:30:55Z,51d4b662-a095-1aa0-e100-80009459e03a,open,2.559
2026-09-22T10:30:55Z,51d4b52a-a095-1aa0-e100-80009459e03a,open,2.529
2026-09-22T10:30:55Z,695e738d-6386-4189-b454-af4a2947e89d,open,2.539
2026-09-22T10:30:55Z,3d5d33e1-982e-4bd9-831c-7710f4b2bd72,open,2.569
2026-09-22T10:30:55Z,9cc82fee-ffbf-4cf3-948a-9c5e494588a8,open,2.559
2026-09-22T10:30:55Z,515bab29-79a3-4a95-937b-3a13c7907955,open,2.579
2026-09-22T10:30:55Z,005056a9-779e-1eee-bfc4-26f2ed85158d,open,2.549
2026-09-22T10:30:55Z,03344243-1c82-4fe4-9191-9d9bc9cc4d14,open,2.579
2026-09-22T11:01:03Z,4c8cac28-e631-42aa-8206-db8f9acf8919,open,2.528
2026-09-22T11:01:03Z,3bc75820-2e63-4a74-92cf-ef078b21accf,open,2.539
2026-09-22T11:01:03Z,e1a15081-2513-9107-e040-0b0a3dfe563c,open,2.529
2026-09-22T11:01:03Z,4910a275-9695-403e-bb77-bf059a03713b,open,2.529
2026-09-22T11:01:03Z,51d4b662-a095-1aa0-e100-80009459e03a,open,2.529
2026-09-22T11:01:03Z,9cc82fee-ffbf-4cf3-948a-9c5e494588a8,open,2.549
2026-09-22T11:01:03Z,515bab29-79a3-4a95-937b-3a13c7907955,open,2.539
2026-09-22T11:01:03Z,005056a9-779e-1eee-bfc4-26f2ed85158d,open,2.529
2026-09-22T11:01:03Z,03344243-1c82-4fe4-9191-9d9bc9cc4d14,open,2.539
2026-09-22T11:29:20Z,77d0b269-a3f2-4a90-aebb-264d45748583,open,2.539
2026-09-22T11:29:20Z,ff84eb62-9c83-4c6a-b3e3-d7dad141e8d5,open,2.539
2026-09-22T11:29:20Z,4c8cac28-e631-42aa-8206-db8f9acf8919,open,2.508
2026-09-22T11:29:20Z,0014c75b-2b35-4fad-b162-8b3fb9125cd2,open,2.539
2026-09-22T11:29:20Z,e1a15081-2513-9107-e040-0b0a3dfe563c,open,2.509
2026-09-22T11:29:20Z,23cb9e76-f277-4ab3-b64b-d5d8a71eee0a,open,2.539
2026-09-22T11:29:20Z,005056ba-7cb6-1ed2-bceb-8b9067120d33,open,2.509
2026-09-22T11:29:20Z,f3f3b1ad-72ef-424a-8237-96c84ef806af,open,2.539
2026-09-22T11:29:20Z,51d4b662-a095-1aa0-e100-80009459e03a,open,2.509
2026-09-22T11:29:20Z,3d5d33e1-982e-4bd9-831c-7710f4b2bd72,open,2.529
2026-09-22T11:29:20Z,9cc82fee-ffbf-4cf3-948a-9c5e494588a8,open,2.539
2026-09-22T11:29:20Z,03344243-1c82-4fe4-9191-9d9bc9cc4d14,open,2.509
2026-09-22T11:30:54Z,4910a275-9695-403e-bb77-bf059a03713b,open,2.509
2026-09-22T12:01:02Z,77d0b269-a3f2-4a90-aebb-264d45748583,open,2.529
2026-09-22T12:01:02Z,ff84eb62-9c83-4c6a-b3e3-d7dad141e8d5,open,2.509
2026-09-22T12:01:02Z,4c8cac28-e631-42aa-8206-db8f9acf8919,open,2.498
2026-09-22T12:01:02Z,0014c75b-2b35-4fad-b162-8b3fb9125cd2,open,2.509
2026-09-22T12:01:02Z,3bc75820-2e63-4a74-92cf-ef078b21accf,open,2.519
2026-09-22T12:01:02Z,e1a15081-2513-9107-e040-0b0a3dfe563c,open,2.499
2026-09-22T12:01:02Z,23cb9e76-f277-4ab3-b64b-d5d8a71eee0a,open,2.509
2026-09-22T12:01:02Z,0644af18-e91e-4f5c-b23b-ecee706482ce,open,2.529
2026-09-22T12:01:02Z,4910a275-9695-403e-bb77-bf059a03713b,open,2.499
2026-09-22T12:01:02Z,005056ba-7cb6-1ed2-bceb-8b9067120d33,open,2.499
2026-09-22T12:01:02Z,f3f3b1ad-72ef-424a-8237-96c84ef806af,open,2.529
2026-09-22T12:01:02Z,51d4b662-a095-1aa0-e100-80009459e03a,open,2.499
2026-09-22T12:01:02Z,51d4b52a-a095-1aa0-e100-80009459e03a,open,2.499
2026-09-22T12:01:02Z,695e738d-6386-4189-b454-af4a2947e89d,open,2.509
2026-09-22T12:01:02Z,3d5d33e1-982e-4bd9-831c-7710f4b2bd72,open,2.499
2026-09-22T12:01:02Z,515bab29-79a3-4a95-937b-3a13c7907955,open,2.529
2026-09-22T12:01:02Z,005056a9-779e-1eee-bfc4-26f2ed85158d,open,2.499
2026-09-22T12:30:51Z,77d0b269-a3f2-4a90-aebb-264d45748583,open,2.509
2026-09-22T12:30:51Z,3bc75820-2e63-4a74-92cf-ef078b21accf,open,2.509
2026-09-22T12:30:51Z,6cc0da1b-3d06-4abf-a2e9-3a4f67469658,open,2.529
2026-09-22T12:30:51Z,0644af18-e91e-4f5c-b23b-ecee706482ce,open,2.509
2026-09-22T12:30:51Z,f3f3b1ad-72ef-424a-8237-96c84ef806af,open,2.509
2026-09-22T12:30:51Z,51d4b52a-a095-1aa0-e100-80009459e03a,open,2.489
2026-09-22T12:30:51Z,9cc82fee-ffbf-4cf3-948a-9c5e494588a8,open,2.509
2026-09-22T12:30:51Z,515bab29-79a3-4a95-937b-3a13c7907955,open,2.509
2026-09-22T13:01:02Z,4910a275-9695-403e-bb77-bf059a03713b,open,2.489
2026-09-22T13:01:02Z,0014c75b-2b35-4fad-b162-8b3fb9125cd2,open,2.499
2026-09-22T13:01:02Z,6cc0da1b-3d06-4abf-a2e9-3a4f67469658,open,2.509
2026-09-22T13:01:02Z,0644af18-e91e-4f5c-b23b-ecee706482ce,open,2.499
2026-09-22T13:01:02Z,f3f3b1ad-72ef-424a-8237-96c84ef806af,open,2.499
2026-09-22T13:01:02Z,3d5d33e1-982e-4bd9-831c-7710f4b2bd72,open,2.489
2026-09-22T13:01:02Z,515bab29-79a3-4a95-937b-3a13c7907955,open,2.499
2026-09-22T13:01:02Z,005056a9-779e-1eee-bfc4-26f2ed85158d,open,2.489
2026-09-22T13:30:54Z,ff84eb62-9c83-4c6a-b3e3-d7dad141e8d5,open,2.499
2026-09-22T13:30:54Z,3bc75820-2e63-4a74-92cf-ef078b21accf,open,2.499
2026-09-22T13:30:54Z,0644af18-e91e-4f5c-b23b-ecee706482ce,open,2.489
2026-09-22T13:30:54Z,51d4b662-a095-1aa0-e100-80009459e03a,open,2.489
2026-09-22T13:30:54Z,51d4b52a-a095-1aa0-e100-80009459e03a,open,2.479
2026-09-22T13:30:54Z,9cc82fee-ffbf-4cf3-948a-9c5e494588a8,open,2.499
2026-09-22T13:30:54Z,515bab29-79a3-4a95-937b-3a13c7907955,open,2.489
2026-09-22T13:30:54Z,005056a9-779e-1eee-bfc4-26f2ed85158d,open,2.479
2026-09-22T14:01:05Z,4910a275-9695-403e-bb77-bf059a03713b,open,2.479
2026-09-22T14:01:05Z,ff84eb62-9c83-4c6a-b3e3-d7dad141e8d5,open,2.489
2026-09-22T14:01:05Z,4c8cac28-e631-42aa-8206-db8f9acf8919,open,2.488
2026-09-22T14:01:05Z,3bc75820-2e63-4a74-92cf-ef078b21accf,open,2.489
2026-09-22T14:01:05Z,e1a15081-2513-9107-e040-0b0a3dfe563c,open,2.489
2026-09-22T14:01:05Z,6cc0da1b-3d06-4abf-a2e9-3a4f67469658,open,2.499
2026-09-22T14:01:05Z,0644af18-e91e-4f5c-b23b-ecee706482ce,open,2.479
2026-09-22T14:01:05Z,03344243-1c82-4fe4-9191-9d9bc9cc4d14,open,2.499
2026-09-22T14:01:05Z,005056ba-7cb6-1ed2-bceb-8b9067120d33,open,2.489
2026-09-22T14:01:05Z,f3f3b1ad-72ef-424a-8237-96c84ef806af,open,2.489
2026-09-22T14:01:05Z,51d4b52a-a095-1aa0-e100-80009459e03a,open,2.469
2026-09-22T14:01:05Z,695e738d-6386-4189-b454-af4a2947e89d,open,2.499
2026-09-22T14:01:05Z,3d5d33e1-982e-4bd9-831c-7710f4b2bd72,open,2.479
2026-09-22T14:01:05Z,9cc82fee-ffbf-4cf3-948a-9c5e494588a8,open,2.489
2026-09-22T14:30:53Z,4910a275-9695-403e-bb77-bf059a03713b,open,2.469
2026-09-22T14:30:53Z,77d0b269-a3f2-4a90-aebb-264d45748583,open,2.489
2026-09-22T14:30:53Z,4c8cac28-e631-42aa-8206-db8f9acf8919,open,2.478
2026-09-22T14:30:53Z,0014c75b-2b35-4fad-b162-8b3fb9125cd2,open,2.479
2026-09-22T14:30:53Z,e1a15081-2513-9107-e040-0b0a3dfe563c,open,2.479
2026-09-22T14:30:53Z,6cc0da1b-3d06-4abf-a2e9-3a4f67469658,open,2.489
2026-09-22T14:30:53Z,23cb9e76-f277-4ab3-b64b-d5d8a71eee0a,open,2.489
2026-09-22T14:30:53Z,03344243-1c82-4fe4-9191-9d9bc9cc4d14,open,2.489
2026-09-22T14:30:53Z,005056ba-7cb6-1ed2-bceb-8b9067120d33,open,2.479
2026-09-22T14:30:53Z,f3f3b1ad-72ef-424a-8237-96c84ef806af,open,2.479
2026-09-22T14:30:53Z,51d4b662-a095-1aa0-e100-80009459e03a,open,2.479
2026-09-22T14:30:53Z,51d4b52a-a095-1aa0-e100-80009459e03a,open,2.459
2026-09-22T14:30:53Z,695e738d-6386-4189-b454-af4a2947e89d,open,2.489
2026-09-22T14:30:53Z,3d5d33e1-982e-4bd9-831c-7710f4b2bd72,open,2.469
2026-09-22T14:30:53Z,9cc82fee-ffbf-4cf3-948a-9c5e494588a8,open,2.479
2026-09-22T14:30:53Z,515bab29-79a3-4a95-937b-3a13c7907955,open,2.479
2026-09-22T14:30:53Z,005056a9-779e-1eee-bfc4-26f2ed85158d,open,2.469
2026-09-22T15:01:09Z,4910a275-9695-403e-bb77-bf059a03713b,open,2.459
2026-09-22T15:01:09Z,ff84eb62-9c83-4c6a-b3e3-d7dad141e8d5,open,2.479
2026-09-22T15:01:09Z,3bc75820-2e63-4a74-92cf-ef078b21accf,open,2.479
2026-09-22T15:01:09Z,6cc0da1b-3d06-4abf-a2e9-3a4f67469658,open,2.479
2026-09-22T15:01:09Z,0644af18-e91e-4f5c-b23b-ecee706482ce,open,2.469
2026-09-22T15:01:09Z,03344243-1c82-4fe4-9191-9d9bc9cc4d14,open,2.479
2026-09-22T15:01:09Z,f3f3b1ad-72ef-424a-8237-96c84ef806af,open,2.469
2026-09-22T15:01:09Z,51d4b662-a095-1aa0-e100-80009459e03a,open,2.469
2026-09-22T15:01:09Z,51d4b52a-a095-1aa0-e100-80009459e03a,open,2.439
2026-09-22T15:01:09Z,3d5d33e1-982e-4bd9-831c-7710f4b2bd72,open,2.459
2026-09-22T15:01:09Z,515bab29-79a3-4a95-937b-3a13c7907955,open,2.449
2026-09-22T15:01:09Z,005056a9-779e-1eee-bfc4-26f2ed85158d,open,2.459
2026-09-22T15:30:53Z,77d0b269-a3f2-4a90-aebb-264d45748583,open,2.479
2026-09-22T15:30:53Z,ff84eb62-9c83-4c6a-b3e3-d7dad141e8d5,open,2.469
2026-09-22T15:30:53Z,4c8cac28-e631-42aa-8206-db8f9acf8919,open,2.468
2026-09-22T15:30:53Z,0014c75b-2b35-4fad-b162-8b3fb9125cd2,open,2.449
2026-09-22T15:30:53Z,3bc75820-2e63-4a74-92cf-ef078b21accf,open,2.469
2026-09-22T15:30:53Z,e1a15081-2513-9107-e040-0b0a3dfe563c,open,2.469
2026-09-22T15:30:53Z,23cb9e76-f277-4ab3-b64b-d5d8a71eee0a,open,2.479
2026-09-22T15:30:53Z,0644af18-e91e-4f5c-b23b-ecee706482ce,open,2.449
2026-09-22T15:30:53Z,005056ba-7cb6-1ed2-bceb-8b9067120d33,open,2.469
2026-09-22T15:30:53Z,f3f3b1ad-72ef-424a-8237-96c84ef806af,open,2.449
2026-09-22T15:30:53Z,51d4b52a-a095-1aa0-e100-80009459e03a,open,2.429
2026-09-22T15:30:53Z,695e738d-6386-4189-b454-af4a2947e89d,open,2.479
2026-09-22T15:30:53Z,3d5d33e1-982e-4bd9-831c-7710f4b2bd72,open,2.429
2026-09-22T15:30:53Z,9cc82fee-ffbf-4cf3-948a-9c5e494588a8,open,2.449
2026-09-22T15:30:53Z,515bab29-79a3-4a95-937b-3a13c7907955,open,2.439
2026-09-22T15:30:53Z,005056a9-779e-1eee-bfc4-26f2ed85158d,open,2.429
2026-09-22T16:01:03Z,4910a275-9695-403e-bb77-bf059a03713b,open,2.439
2026-09-22T16:01:03Z,4c8cac28-e631-42aa-8206-db8f9acf8919,open,2.458
2026-09-22T16:01:03Z,e1a15081-2513-9107-e040-0b0a3dfe563c,open,2.459
2026-09-22T16:01:03Z,6cc0da1b-3d06-4abf-a2e9-3a4f67469658,open,2.449
2026-09-22T16:01:03Z,0644af18-e91e-4f5c-b23b-ecee706482ce,open,2.439
2026-09-22T16:01:03Z,03344243-1c82-4fe4-9191-9d9bc9cc4d14,open,2.469
2026-09-22T16:01:03Z,005056ba-7cb6-1ed2-bceb-8b9067120d33,open,2.459
2026-09-22T16:01:03Z,f3f3b1ad-72ef-424a-8237-96c84ef806af,open,2.439
2026-09-22T16:01:03Z,51d4b662-a095-1aa0-e100-80009459e03a,open,2.459
2026-09-22T16:01:03Z,51d4b52a-a095-1aa0-e100-80009459e03a,open,2.399
2026-09-22T16:01:03Z,695e738d-6386-4189-b454-af4a2947e89d,open,2.469
2026-09-22T16:01:03Z,9cc82fee-ffbf-4cf3-948a-9c5e494588a8,open,2.439
2026-09-22T16:01:03Z,515bab29-79a3-4a95-937b-3a13c7907955,open,2.409
2026-09-22T16:30:52Z,4910a275-9695-403e-bb77-bf059a03713b,open,2.429
2026-09-22T16:30:52Z,77d0b269-a3f2-4a90-aebb-264d45748583,open,2.459
2026-09-22T16:30:52Z,ff84eb62-9c83-4c6a-b3e3-d7dad141e8d5,open,2.439
2026-09-22T16:30:52Z,0014c75b-2b35-4fad-b162-8b3fb9125cd2,open,2.409
2026-09-22T16:30:52Z,3bc75820-2e63-4a74-92cf-ef078b21accf,open,2.439
2026-09-22T16:30:52Z,e1a15081-2513-9107-e040-0b0a3dfe563c,open,2.449
2026-09-22T16:30:52Z,23cb9e76-f277-4ab3-b64b-d5d8a71eee0a,open,2.459
2026-09-22T16:30:52Z,0644af18-e91e-4f5c-b23b-ecee706482ce,open,2.409
2026-09-22T16:30:52Z,03344243-1c82-4fe4-9191-9d9bc9cc4d14,open,2.459
2026-09-22T16:30:52Z,f3f3b1ad-72ef-424a-8237-96c84ef806af,open,2.409
2026-09-22T16:30:52Z,51d4b662-a095-1aa0-e100-80009459e03a,open,2.449
2026-09-22T16:30:52Z,51d4b52a-a095-1aa0-e100-80009459e03a,open,2.389
2026-09-22T16:30:52Z,695e738d-6386-4189-b454-af4a2947e89d,open,2.459
2026-09-22T16:30:52Z,3d5d33e1-982e-4bd9-831c-7710f4b2bd72,open,2.399
2026-09-22T16:30:52Z,9cc82fee-ffbf-4cf3-948a-9c5e494588a8,open,2.409
2026-09-22T16:30:52Z,005056a9-779e-1eee-bfc4-26f2ed85158d,open,2.399
2026-09-22T16:51:59Z,4910a275-9695-403e-bb77-bf059a03713b,open,2.399
2026-09-22T16:51:59Z,4c8cac28-e631-42aa-8206-db8f9acf8919,open,2.448
2026-09-22T16:51:59Z,e1a15081-2513-9107-e040-0b0a3dfe563c,open,2.429
2026-09-22T16:51:59Z,6cc0da1b-3d06-4abf-a2e9-3a4f67469658,open,2.419
2026-09-22T16:51:59Z,03344243-1c82-4fe4-9191-9d9bc9cc4d14,open,2.439
2026-09-22T16:51:59Z,005056ba-7cb6-1ed2-bceb-8b9067120d33,open,2.449
2026-09-22T16:51:59Z,51d4b662-a095-1aa0-e100-80009459e03a,open,2.429
2026-09-22T16:51:59Z,695e738d-6386-4189-b454-af4a2947e89d,open,2.439
2026-09-22T16:51:59Z,3d5d33e1-982e-4bd9-831c-7710f4b2bd72,open,2.389
2026-09-22T16:51:59Z,515bab29-79a3-4a95-937b-3a13c7907955,open,2.399
2026-09-22T16:51:59Z,005056a9-779e-1eee-bfc4-26f2ed85158d,open,2.389
2026-09-22T17:01:08Z,4c8cac28-e631-42aa-8206-db8f9acf8919,open,2.428
2026-09-22T17:01:08Z,005056ba-7cb6-1ed2-bceb-8b9067120d33,open,2.429
2026-09-22T17:01:08Z,f3f3b1ad-72ef-424a-8237-96c84ef806af,open,2.399
2026-09-22T17:30:55Z,4910a275-9695-403e-bb77-bf059a03713b,open,2.389
2026-09-22T17:30:55Z,77d0b269-a3f2-4a90-aebb-264d45748583,open,2.419
2026-09-22T17:30:55Z,ff84eb62-9c83-4c6a-b3e3-d7dad141e8d5,open,2.409
2026-09-22T17:30:55Z,0014c75b-2b35-4fad-b162-8b3fb9125cd2,open,2.399
2026-09-22T17:30:55Z,3bc75820-2e63-4a74-92cf-ef078b21accf,open,2.409
2026-09-22T17:30:55Z,e1a15081-2513-9107-e040-0b0a3dfe563c,open,2.409
2026-09-22T17:30:55Z,6cc0da1b-3d06-4abf-a2e9-3a4f67469658,open,2.409
2026-09-22T17:30:55Z,23cb9e76-f277-4ab3-b64b-d5d8a71eee0a,open,2.419
2026-09-22T17:30:55Z,0644af18-e91e-4f5c-b23b-ecee706482ce,open,2.399
2026-09-22T17:30:55Z,03344243-1c82-4fe4-9191-9d9bc9cc4d14,open,2.429
2026-09-22T17:30:55Z,51d4b662-a095-1aa0-e100-80009459e03a,open,2.419
2026-09-22T17:30:55Z,51d4b52a-a095-1aa0-e100-80009459e03a,open,2.379
2026-09-22T17:30:55Z,695e738d-6386-4189-b454-af4a2947e89d,open,2.429
2026-09-22T17:30:55Z,3d5d33e1-982e-4bd9-831c-7710f4b2bd72,open,2.379
2026-09-22T17:30:55Z,9cc82fee-ffbf-4cf3-948a-9c5e494588a8,open,2.399
2026-09-22T17:30:55Z,515bab29-79a3-4a95-937b-3a13c7907955,open,2.389
2026-09-22T17:30:55Z,005056a9-779e-1eee-bfc4-26f2ed85158d,open,2.379
2026-09-22T18:01:03Z,ff84eb62-9c83-4c6a-b3e3-d7dad141e8d5,open,2.399
2026-09-22T18:01:03Z,4c8cac28-e631-42aa-8206-db8f9acf8919,open,2.418
2026-09-22T18:01:03Z,3bc75820-2e63-4a74-92cf-ef078b21accf,open,2.399
2026-09-22T18:01:03Z,e1a15081-2513-9107-e040-0b0a3dfe563c,open,2.399
2026-09-22T18:01:03Z,0644af18-e91e-4f5c-b23b-ecee706482ce,open,2.389
2026-09-22T18:01:03Z,03344243-1c82-4fe4-9191-9d9bc9cc4d14,open,2.409
2026-09-22T18:01:03Z,005056ba-7cb6-1ed2-bceb-8b9067120d33,open,2.399
2026-09-22T18:01:03Z,f3f3b1ad-72ef-424a-8237-96c84ef806af,open,2.379
2026-09-22T18:01:03Z,51d4b662-a095-1aa0-e100-80009459e03a,open,2.399
2026-09-22T18:01:03Z,51d4b52a-a095-1aa0-e100-80009459e03a,open,2.369
2026-09-22T18:01:03Z,695e738d-6386-4189-b454-af4a2947e89d,open,2.409
2026-09-22T18:01:03Z,3d5d33e1-982e-4bd9-831c-7710f4b2bd72,open,2.369
2026-09-22T18:01:03Z,9cc82fee-ffbf-4cf3-948a-9c5e494588a8,open,2.389
2026-09-22T18:01:03Z,515bab29-79a3-4a95-937b-3a13c7907955,open,2.379
2026-09-22T18:01:03Z,005056a9-779e-1eee-bfc4-26f2ed85158d,open,2.369
2026-09-22T18:30:52Z,4910a275-9695-403e-bb77-bf059a03713b,open,2.369
2026-09-22T18:30:52Z,77d0b269-a3f2-4a90-aebb-264d45748583,open,2.409
2026-09-22T18:30:52Z,ff84eb62-9c83-4c6a-b3e3-d7dad141e8d5,open,2.389
2026-09-22T18:30:52Z,4c8cac28-e631-42aa-8206-db8f9acf8919,open,2.388
2026-09-22T18:30:52Z,0014c75b-2b35-4fad-b162-8b3fb9125cd2,open,2.379
2026-09-22T18:30:52Z,3bc75820-2e63-4a74-92cf-ef078b21accf,open,2.389
2026-09-22T18:30:52Z,e1a15081-2513-9107-e040-0b0a3dfe563c,open,2.389
2026-09-22T18:30:52Z,6cc0da1b-3d06-4abf-a2e9-3a4f67469658,open,2.389
2026-09-22T18:30:52Z,23cb9e76-f277-4ab3-b64b-d5d8a71eee0a,open,2.409
2026-09-22T18:30:52Z,0644af18-e91e-4f5c-b23b-ecee706482ce,open,2.379
2026-09-22T18:30:52Z,03344243-1c82-4fe4-9191-9d9bc9cc4d14,open,2.399
2026-09-22T18:30:52Z,005056ba-7cb6-1ed2-bceb-8b9067120d33,open,2.389
2026-09-22T18:30:52Z,51d4b662-a095-1aa0-e100-80009459e03a,open,2.389
2026-09-22T18:30:52Z,51d4b52a-a095-1aa0-e100-80009459e03a,open,2.359
2026-09-22T18:30:52Z,695e738d-6386-4189-b454-af4a2947e89d,open,2.399
2026-09-22T18:30:52Z,9cc82fee-ffbf-4cf3-948a-9c5e494588a8,open,2.379
2026-09-22T19:01:09Z,ff84eb62-9c83-4c6a-b3e3-d7dad141e8d5,open,2.379
2026-09-22T19:01:09Z,4c8cac28-e631-42aa-8206-db8f9acf8919,open,2.378
2026-09-22T19:01:09Z,3bc75820-2e63-4a74-92cf-ef078b21accf,open,2.379
2026-09-22T19:01:09Z,e1a15081-2513-9107-e040-0b0a3dfe563c,open,2.379
2026-09-22T19:01:09Z,0644af18-e91e-4f5c-b23b-ecee706482ce,closed,
2026-09-22T19:01:09Z,03344243-1c82-4fe4-9191-9d9bc9cc4d14,open,2.389
2026-09-22T19:01:09Z,005056ba-7cb6-1ed2-bceb-8b9067120d33,open,2.379
2026-09-22T19:01:09Z,f3f3b1ad-72ef-424a-8237-96c84ef806af,open,2.369
2026-09-22T19:01:09Z,51d4b662-a095-1aa0-e100-80009459e03a,open,2.369
2026-09-22T19:01:09Z,695e738d-6386-4189-b454-af4a2947e89d,open,2.389
2026-09-22T19:01:09Z,3d5d33e1-982e-4bd9-831c-7710f4b2bd72,open,2.359
2026-09-22T19:01:09Z,515bab29-79a3-4a95-937b-3a13c7907955,open,2.369
2026-09-22T19:01:09Z,005056a9-779e-1eee-bfc4-26f2ed85158d,open,2.359
2026-09-22T19:31:10Z,4c8cac28-e631-42aa-8206-db8f9acf8919,open,2.368
2026-09-22T19:31:10Z,e1a15081-2513-9107-e040-0b0a3dfe563c,open,2.369
2026-09-22T19:31:10Z,03344243-1c82-4fe4-9191-9d9bc9cc4d14,open,2.379
2026-09-22T19:31:10Z,005056ba-7cb6-1ed2-bceb-8b9067120d33,open,2.369
2026-09-22T19:31:10Z,695e738d-6386-4189-b454-af4a2947e89d,open,2.379
2026-09-22T20:01:06Z,4910a275-9695-403e-bb77-bf059a03713b,closed,
2026-09-22T20:01:06Z,4c8cac28-e631-42aa-8206-db8f9acf8919,closed,
2026-09-22T20:01:06Z,3bc75820-2e63-4a74-92cf-ef078b21accf,closed,
2026-09-22T20:01:06Z,e1a15081-2513-9107-e040-0b0a3dfe563c,closed,
2026-09-22T20:01:06Z,51d4b662-a095-1aa0-e100-80009459e03a,closed,
2026-09-22T20:01:06Z,515bab29-79a3-4a95-937b-3a13c7907955,closed,
2026-09-22T21:01:03Z,005056ba-7cb6-1ed2-bceb-8b9067120d33,closed,
2026-09-22T21:01:03Z,51d4b52a-a095-1aa0-e100-80009459e03a,closed,
2026-09-23T03:01:06Z,4c8cac28-e631-42aa-8206-db8f9acf8919,open,2.368
2026-09-23T03:01:06Z,005056ba-7cb6-1ed2-bceb-8b9067120d33,open,2.369
2026-09-23T03:01:06Z,51d4b52a-a095-1aa0-e100-80009459e03a,open,2.359
2026-09-23T04:00:59Z,4910a275-9695-403e-bb77-bf059a03713b,open,2.369
2026-09-23T04:00:59Z,e1a15081-2513-9107-e040-0b0a3dfe563c,open,2.369
2026-09-23T04:00:59Z,0644af18-e91e-4f5c-b23b-ecee706482ce,open,2.379
2026-09-23T04:00:59Z,51d4b662-a095-1aa0-e100-80009459e03a,open,2.369
2026-09-23T04:00:59Z,515bab29-79a3-4a95-937b-3a13c7907955,open,2.369
2026-09-23T04:31:00Z,6cc0da1b-3d06-4abf-a2e9-3a4f67469658,open,2.379
2026-09-23T04:31:00Z,0644af18-e91e-4f5c-b23b-ecee706482ce,open,2.369
2026-09-23T05:00:58Z,4910a275-9695-403e-bb77-bf059a03713b,open,2.359
2026-09-23T05:00:58Z,ff84eb62-9c83-4c6a-b3e3-d7dad141e8d5,open,2.369
2026-09-23T05:00:58Z,3bc75820-2e63-4a74-92cf-ef078b21accf,open,2.369
2026-09-23T05:30:53Z,4c8cac28-e631-42aa-8206-db8f9acf8919,open,2.358
2026-09-23T05:30:53Z,e1a15081-2513-9107-e040-0b0a3dfe563c,open,2.359
2026-09-23T05:30:53Z,03344243-1c82-4fe4-9191-9d9bc9cc4d14,open,2.369
2026-09-23T05:30:53Z,005056ba-7cb6-1ed2-bceb-8b9067120d33,open,2.359
2026-09-23T05:30:53Z,51d4b662-a095-1aa0-e100-80009459e03a,open,2.359
2026-09-23T05:30:53Z,695e738d-6386-4189-b454-af4a2947e89d,open,2.369
2026-09-23T05:30:53Z,9cc82fee-ffbf-4cf3-948a-9c5e494588a8,open,2.369
2026-09-23T06:01:02Z,77d0b269-a3f2-4a90-aebb-264d45748583,open,2.369
2026-09-23T06:01:02Z,0014c75b-2b35-4fad-b162-8b3fb9125cd2,open,2.369
2026-09-23T06:01:02Z,6cc0da1b-3d06-4abf-a2e9-3a4f67469658,open,2.369
2026-09-23T07:01:04Z,23cb9e76-f277-4ab3-b64b-d5d8a71eee0a,open,2.369
2026-09-23T07:30:54Z,0644af18-e91e-4f5c-b23b-ecee706482ce,open,2.359
2026-09-23T07:30:54Z,51d4b52a-a095-1aa0-e100-80009459e03a,open,2.349
2026-09-23T07:41:49Z,3d5d33e1-982e-4bd9-831c-7710f4b2bd72,open,2.349
2026-09-23T07:41:49Z,515bab29-79a3-4a95-937b-3a13c7907955,open,2.359
2026-09-23T07:41:49Z,005056a9-779e-1eee-bfc4-26f2ed85158d,open,2.349
2026-09-23T08:01:01Z,4910a275-9695-403e-bb77-bf059a03713b,open,2.349
2026-09-23T08:01:01Z,f3f3b1ad-72ef-424a-8237-96c84ef806af,open,2.359
2026-09-23T08:01:01Z,51d4b52a-a095-1aa0-e100-80009459e03a,open,2.339
2026-09-23T08:01:01Z,3d5d33e1-982e-4bd9-831c-7710f4b2bd72,open,2.339
2026-09-23T08:01:01Z,005056a9-779e-1eee-bfc4-26f2ed85158d,open,2.339
2026-09-23T08:30:55Z,ff84eb62-9c83-4c6a-b3e3-d7dad141e8d5,open,2.359
2026-09-23T08:30:55Z,0014c75b-2b35-4fad-b162-8b3fb9125cd2,open,2.359
2026-09-23T08:30:55Z,3bc75820-2e63-4a74-92cf-ef078b21accf,open,2.359
2026-09-23T08:30:55Z,f3f3b1ad-72ef-424a-8237-96c84ef806af,open,2.349
2026-09-23T08:30:55Z,51d4b662-a095-1aa0-e100-80009459e03a,open,2.349
2026-09-23T08:30:55Z,515bab29-79a3-4a95-937b-3a13c7907955,open,2.349
2026-09-23T09:01:04Z,4910a275-9695-403e-bb77-bf059a03713b,open,2.329
2026-09-23T09:01:04Z,4c8cac28-e631-42aa-8206-db8f9acf8919,open,2.348
2026-09-23T09:01:04Z,e1a15081-2513-9107-e040-0b0a3dfe563c,open,2.349
2026-09-23T09:01:04Z,0644af18-e91e-4f5c-b23b-ecee706482ce,open,2.339
2026-09-23T09:01:04Z,03344243-1c82-4fe4-9191-9d9bc9cc4d14,open,2.359
2026-09-23T09:01:04Z,005056ba-7cb6-1ed2-bceb-8b9067120d33,open,2.349
2026-09-23T09:01:04Z,51d4b52a-a095-1aa0-e100-80009459e03a,open,2.329
2026-09-23T09:01:04Z,695e738d-6386-4189-b454-af4a2947e89d,open,2.359
2026-09-23T09:01:04Z,3d5d33e1-982e-4bd9-831c-7710f4b2bd72,open,2.329
2026-09-23T09:01:04Z,9cc82fee-ffbf-4cf3-948a-9c5e494588a8,open,2.349
2026-09-23T09:01:04Z,515bab29-79a3-4a95-937b-3a13c7907955,open,2.339
2026-09-23T09:01:04Z,005056a9-779e-1eee-bfc4-26f2ed85158d,open,2.329
2026-09-23T09:30:51Z,ff84eb62-9c83-4c6a-b3e3-d7dad141e8d5,open,2.339
2026-09-23T09:30:51Z,3bc75820-2e63-4a74-92cf-ef078b21accf,open,2.339
2026-09-23T09:30:51Z,6cc0da1b-3d06-4abf-a2e9-3a4f67469658,open,2.359
2026-09-23T09:30:51Z,f3f3b1ad-72ef-424a-8237-96c84ef806af,open,2.329
2026-09-23T09:30:51Z,51d4b662-a095-1aa0-e100-80009459e03a,open,2.329
2026-09-23T09:30:51Z,51d4b52a-a095-1aa0-e100-80009459e03a,open,2.319
2026-09-23T09:30:51Z,3d5d33e1-982e-4bd9-831c-7710f4b2bd72,open,2.319
2026-09-23T09:30:51Z,515bab29-79a3-4a95-937b-3a13c7907955,open,2.329
2026-09-23T09:30:51Z,005056a9-779e-1eee-bfc4-26f2ed85158d,open,2.319
2026-09-23T10:01:00Z,e1a15081-2513-9107-e040-0b0a3dfe563c,open,2.329
2026-09-23T10:30:51Z,4910a275-9695-403e-bb77-bf059a03713b,open,2.549
2026-09-23T10:30:51Z,77d0b269-a3f2-4a90-aebb-264d45748583,open,2.619
2026-09-23T10:30:51Z,ff84eb62-9c83-4c6a-b3e3-d7dad141e8d5,open,2.579
2026-09-23T10:30:51Z,4c8cac28-e631-42aa-8206-db8f9acf8919,open,2.698
2026-09-23T10:30:51Z,0014c75b-2b35-4fad-b162-8b3fb9125cd2,open,2.619
2026-09-23T10:30:51Z,3bc75820-2e63-4a74-92cf-ef078b21accf,open,2.579
2026-09-23T10:30:51Z,e1a15081-2513-9107-e040-0b0a3dfe563c,open,2.549
2026-09-23T10:30:51Z,6cc0da1b-3d06-4abf-a2e9-3a4f67469658,open,2.539
2026-09-23T10:30:51Z,23cb9e76-f277-4ab3-b64b-d5d8a71eee0a,open,2.619
2026-09-23T10:30:51Z,0644af18-e91e-4f5c-b23b-ecee706482ce,open,2.529
2026-09-23T10:30:51Z,03344243-1c82-4fe4-9191-9d9bc9cc4d14,open,2.579
2026-09-23T10:30:51Z,005056ba-7cb6-1ed2-bceb-8b9067120d33,open,2.529
2026-09-23T10:30:51Z,f3f3b1ad-72ef-424a-8237-96c84ef806af,open,2.579
2026-09-23T10:30:51Z,51d4b662-a095-1aa0-e100-80009459e03a,open,2.529
2026-09-23T10:30:51Z,51d4b52a-a095-1aa0-e100-80009459e03a,open,2.529
2026-09-23T10:30:51Z,695e738d-6386-4189-b454-af4a2947e89d,open,2.539
2026-09-23T10:30:51Z,3d5d33e1-982e-4bd9-831c-7710f4b2bd72,open,2.599
2026-09-23T10:30:51Z,9cc82fee-ffbf-4cf3-948a-9c5e494588a8,open,2.639
2026-09-23T10:30:51Z,515bab29-79a3-4a95-937b-3a13c7907955,open,2.579
2026-09-23T10:30:51Z,005056a9-779e-1eee-bfc4-26f2ed85158d,open,2.539
2026-09-23T11:01:06Z,4910a275-9695-403e-bb77-bf059a03713b,open,2.519
2026-09-23T11:01:06Z,77d0b269-a3f2-4a90-aebb-264d45748583,open,2.549
2026-09-23T11:01:06Z,4c8cac28-e631-42aa-8206-db8f9acf8919,open,2.528
2026-09-23T11:01:06Z,0014c75b-2b35-4fad-b162-8b3fb9125cd2,open,2.549
2026-09-23T11:01:06Z,3bc75820-2e63-4a74-92cf-ef078b21accf,open,2.539
2026-09-23T11:01:06Z,e1a15081-2513-9107-e040-0b0a3dfe563c,open,2.529
2026-09-23T11:01:06Z,23cb9e76-f277-4ab3-b64b-d5d8a71eee0a,open,2.549
2026-09-23T11:01:06Z,03344243-1c82-4fe4-9191-9d9bc9cc4d14,open,2.539
2026-09-23T11:01:06Z,3d5d33e1-982e-4bd9-831c-7710f4b2bd72,open,2.539
2026-09-23T11:01:06Z,9cc82fee-ffbf-4cf3-948a-9c5e494588a8,open,2.569
2026-09-23T11:01:06Z,515bab29-79a3-4a95-937b-3a13c7907955,open,2.539
2026-09-23T11:01:06Z,005056a9-779e-1eee-bfc4-26f2ed85158d,open,2.529
2026-09-23T11:30:57Z,77d0b269-a3f2-4a90-aebb-264d45748583,open,2.539
2026-09-23T11:30:57Z,ff84eb62-9c83-4c6a-b3e3-d7dad141e8d5,open,2.539
2026-09-23T11:30:57Z,0014c75b-2b35-4fad-b162-8b3fb9125cd2,open,2.539
2026-09-23T11:30:57Z,3bc75820-2e63-4a74-92cf-ef078b21accf,open,2.529
2026-09-23T11:30:57Z,23cb9e76-f277-4ab3-b64b-d5d8a71eee0a,open,2.539
2026-09-23T11:30:57Z,f3f3b1ad-72ef-424a-8237-96c84ef806af,open,2.539
2026-09-23T11:30:57Z,3d5d33e1-982e-4bd9-831c-7710f4b2bd72,open,2.529
2026-09-23T12:01:05Z,ff84eb62-9c83-4c6a-b3e3-d7dad141e8d5,open,2.529
2026-09-23T12:01:05Z,0014c75b-2b35-4fad-b162-8b3fb9125cd2,open,2.529
2026-09-23T12:01:05Z,f3f3b1ad-72ef-424a-8237-96c84ef806af,open,2.529
2026-09-23T12:01:05Z,51d4b52a-a095-1aa0-e100-80009459e03a,open,2.519
2026-09-23T12:01:05Z,3d5d33e1-982e-4bd9-831c-7710f4b2bd72,open,2.519
2026-09-23T12:01:05Z,515bab29-79a3-4a95-937b-3a13c7907955,open,2.529
2026-09-23T12:01:05Z,005056a9-779e-1eee-bfc4-26f2ed85158d,open,2.519
2026-09-23T12:30:51Z,77d0b269-a3f2-4a90-aebb-264d45748583,open,2.529
2026-09-23T12:30:51Z,4c8cac28-e631-42aa-8206-db8f9acf8919,open,2.518
2026-09-23T12:30:51Z,0014c75b-2b35-4fad-b162-8b3fb9125cd2,open,2.519
2026-09-23T12:30:51Z,e1a15081-2513-9107-e040-0b0a3dfe563c,open,2.519
2026-09-23T12:30:51Z,23cb9e76-f277-4ab3-b64b-d5d8a71eee0a,open,2.529
2026-09-23T12:30:51Z,0644af18-e91e-4f5c-b23b-ecee706482ce,open,2.519
2026-09-23T12:30:51Z,03344243-1c82-4fe4-9191-9d9bc9cc4d14,open,2.529
2026-09-23T12:30:51Z,005056ba-7cb6-1ed2-bceb-8b9067120d33,open,2.519
2026-09-23T12:30:51Z,51d4b662-a095-1aa0-e100-80009459e03a,open,2.519
2026-09-23T12:30:51Z,51d4b52a-a095-1aa0-e100-80009459e03a,open,2.509
2026-09-23T12:30:51Z,3d5d33e1-982e-4bd9-831c-7710f4b2bd72,open,2.509
2026-09-23T12:30:51Z,9cc82fee-ffbf-4cf3-948a-9c5e494588a8,open,2.529
2026-09-23T12:30:51Z,515bab29-79a3-4a95-937b-3a13c7907955,open,2.519
2026-09-23T12:30:51Z,005056a9-779e-1eee-bfc4-26f2ed85158d,open,2.509
2026-09-23T13:01:04Z,4910a275-9695-403e-bb77-bf059a03713b,open,2.509
2026-09-23T13:01:04Z,6cc0da1b-3d06-4abf-a2e9-3a4f67469658,open,2.529
2026-09-23T13:01:04Z,0644af18-e91e-4f5c-b23b-ecee706482ce,open,2.509
2026-09-23T13:01:04Z,f3f3b1ad-72ef-424a-8237-96c84ef806af,open,2.509
2026-09-23T13:01:04Z,51d4b52a-a095-1aa0-e100-80009459e03a,open,2.489
2026-09-23T13:01:04Z,695e738d-6386-4189-b454-af4a2947e89d,open,2.529
2026-09-23T13:01:04Z,3d5d33e1-982e-4bd9-831c-7710f4b2bd72,open,2.499
2026-09-23T13:01:04Z,9cc82fee-ffbf-4cf3-948a-9c5e494588a8,open,2.519
2026-09-23T13:01:04Z,515bab29-79a3-4a95-937b-3a13c7907955,open,2.509
2026-09-23T13:01:04Z,005056a9-779e-1eee-bfc4-26f2ed85158d,open,2.499
2026-09-23T13:30:55Z,4910a275-9695-403e-bb77-bf059a03713b,open,2.489
2026-09-23T13:30:55Z,ff84eb62-9c83-4c6a-b3e3-d7dad141e8d5,open,2.509
2026-09-23T13:30:55Z,0014c75b-2b35-4fad-b162-8b3fb9125cd2,open,2.509
2026-09-23T13:30:55Z,3bc75820-2e63-4a74-92cf-ef078b21accf,open,2.509
2026-09-23T13:30:55Z,e1a15081-2513-9107-e040-0b0a3dfe563c,open,2.509
2026-09-23T13:30:55Z,6cc0da1b-3d06-4abf-a2e9-3a4f67469658,open,2.509
2026-09-23T13:30:55Z,0644af18-e91e-4f5c-b23b-ecee706482ce,open,2.499
2026-09-23T13:30:55Z,03344243-1c82-4fe4-9191-9d9bc9cc4d14,open,2.519
2026-09-23T13:30:55Z,51d4b662-a095-1aa0-e100-80009459e03a,open,2.499
2026-09-23T13:30:55Z,51d4b52a-a095-1aa0-e100-80009459e03a,open,2.479
2026-09-23T13:30:55Z,3d5d33e1-982e-4bd9-831c-7710f4b2bd72,open,2.489
2026-09-23T13:30:55Z,9cc82fee-ffbf-4cf3-948a-9c5e494588a8,open,2.509
2026-09-23T13:30:55Z,515bab29-79a3-4a95-937b-3a13c7907955,open,2.489
2026-09-23T13:30:55Z,005056a9-779e-1eee-bfc4-26f2ed85158d,open,2.489
2026-09-23T13:35:38Z,005056ba-7cb6-1ed2-bceb-8b9067120d33,open,2.509
2026-09-23T13:35:38Z,f3f3b1ad-72ef-424a-8237-96c84ef806af,open,2.499
2026-09-23T13:35:38Z,695e738d-6386-4189-b454-af4a2947e89d,open,2.519
2026-09-23T13:35:38Z,515bab29-79a3-4a95-937b-3a13c7907955,open,2.469
2026-09-23T14:01:01Z,4910a275-9695-403e-bb77-bf059a03713b,open,2.479
2026-09-23T14:01:01Z,ff84eb62-9c83-4c6a-b3e3-d7dad141e8d5,open,2.499
2026-09-23T14:01:01Z,4c8cac28-e631-42aa-8206-db8f9acf8919,open,2.498
2026-09-23T14:01:01Z,3bc75820-2e63-4a74-92cf-ef078b21accf,open,2.499
2026-09-23T14:01:01Z,e1a15081-2513-9107-e040-0b0a3dfe563c,open,2.499
2026-09-23T14:01:01Z,6cc0da1b-3d06-4abf-a2e9-3a4f67469658,open,2.499
2026-09-23T14:01:01Z,0644af18-e91e-4f5c-b23b-ecee706482ce,open,2.489
2026-09-23T14:01:01Z,03344243-1c82-4fe4-9191-9d9bc9cc4d14,open,2.509
2026-09-23T14:01:01Z,005056ba-7cb6-1ed2-bceb-8b9067120d33,open,2.499
2026-09-23T14:01:01Z,f3f3b1ad-72ef-424a-8237-96c84ef806af,open,2.469
2026-09-23T14:01:01Z,51d4b662-a095-1aa0-e100-80009459e03a,open,2.489
2026-09-23T14:01:01Z,51d4b52a-a095-1aa0-e100-80009459e03a,open,2.459
2026-09-23T14:01:01Z,695e738d-6386-4189-b454-af4a2947e89d,open,2.509
2026-09-23T14:01:01Z,3d5d33e1-982e-4bd9-831c-7710f4b2bd72,open,2.459
2026-09-23T14:01:01Z,9cc82fee-ffbf-4cf3-948a-9c5e494588a8,open,2.499
2026-09-23T14:01:01Z,005056a9-779e-1eee-bfc4-26f2ed85158d,open,2.459
2026-09-23T14:30:57Z,4910a275-9695-403e-bb77-bf059a03713b,open,2.459
2026-09-23T14:30:57Z,77d0b269-a3f2-4a90-aebb-264d45748583,open,2.499
2026-09-23T14:30:57Z,ff84eb62-9c83-4c6a-b3e3-d7dad141e8d5,open,2.489
2026-09-23T14:30:57Z,4c8cac28-e631-42aa-8206-db8f9acf8919,open,2.488
2026-09-23T14:30:57Z,0014c75b-2b35-4fad-b162-8b3fb9125cd2,open,2.469
2026-09-23T14:30:57Z,3bc75820-2e63-4a74-92cf-ef078b21accf,open,2.489
2026-09-23T14:30:57Z,e1a15081-2513-9107-e040-0b0a3dfe563c,open,2.489
2026-09-23T14:30:57Z,6cc0da1b-3d06-4abf-a2e9-3a4f67469658,open,2.479
2026-09-23T14:30:57Z,23cb9e76-f277-4ab3-b64b-d5d8a71eee0a,open,2.499
2026-09-23T14:30:57Z,0644af18-e91e-4f5c-b23b-ecee706482ce,open,2.459
2026-09-23T14:30:57Z,03344243-1c82-4fe4-9191-9d9bc9cc4d14,open,2.499
2026-09-23T14:30:57Z,005056ba-7cb6-1ed2-bceb-8b9067120d33,open,2.489
2026-09-23T14:30:57Z,51d4b662-a095-1aa0-e100-80009459e03a,open,2.479
2026-09-23T14:30:57Z,51d4b52a-a095-1aa0-e100-80009459e03a,open,2.449
2026-09-23T14:30:57Z,695e738d-6386-4189-b454-af4a2947e89d,open,2.499
2026-09-23T14:30:57Z,9cc82fee-ffbf-4cf3-948a-9c5e494588a8,open,2.469
2026-09-23T15:01:08Z,3bc75820-2e63-4a74-92cf-ef078b21accf,open,2.469
2026-09-23T15:01:08Z,e1a15081-2513-9107-e040-0b0a3dfe563c,open,2.479
2026-09-23T15:01:08Z,6cc0da1b-3d06-4abf-a2e9-3a4f67469658,open,2.469
2026-09-23T15:01:08Z,4910a275-9695-403e-bb77-bf059a03713b,open,2.449
2026-09-23T15:01:08Z,ff84eb62-9c83-4c6a-b3e3-d7dad141e8d5,open,2.469
2026-09-23T15:01:08Z,4c8cac28-e631-42aa-8206-db8f9acf8919,open,2.478
2026-09-23T15:01:08Z,515bab29-79a3-4a95-937b-3a13c7907955,open,2.429
2026-09-23T15:01:08Z,005056a9-779e-1eee-bfc4-26f2ed85158d,open,2.419
2026-09-23T15:01:08Z,51d4b52a-a095-1aa0-e100-80009459e03a,open,2.419
2026-09-23T15:01:08Z,695e738d-6386-4189-b454-af4a2947e89d,open,2.489
2026-09-23T15:01:08Z,3d5d33e1-982e-4bd9-831c-7710f4b2bd72,open,2.419
2026-09-23T15:01:08Z,03344243-1c82-4fe4-9191-9d9bc9cc4d14,open,2.479
2026-09-23T15:01:08Z,005056ba-7cb6-1ed2-bceb-8b9067120d33,open,2.479
2026-09-23T15:01:08Z,f3f3b1ad-72ef-424a-8237-96c84ef806af,open,2.459
2026-09-23T15:01:08Z,51d4b662-a095-1aa0-e100-80009459e03a,open,2.459
2026-09-23T15:30:58Z,23cb9e76-f277-4ab3-b64b-d5d8a71eee0a,open,2.469
2026-09-23T15:30:58Z,3bc75820-2e63-4a74-92cf-ef078b21accf,open,2.459
2026-09-23T15:30:58Z,e1a15081-2513-9107-e040-0b0a3dfe563c,open,2.459
2026-09-23T15:30:58Z,6cc0da1b-3d06-4abf-a2e9-3a4f67469658,open,2.459
2026-09-23T15:30:58Z,0644af18-e91e-4f5c-b23b-ecee706482ce,open,2.439
2026-09-23T15:30:58Z,4910a275-9695-403e-bb77-bf059a03713b,open,2.439
2026-09-23T15:30:58Z,77d0b269-a3f2-4a90-aebb-264d45748583,open,2.469
2026-09-23T15:30:58Z,ff84eb62-9c83-4c6a-b3e3-d7dad141e8d5,open,2.459
2026-09-23T15:30:58Z,4c8cac28-e631-42aa-8206-db8f9acf8919,open,2.458
2026-09-23T15:30:58Z,0014c75b-2b35-4fad-b162-8b3fb9125cd2,open,2.429
2026-09-23T15:30:58Z,9cc82fee-ffbf-4cf3-948a-9c5e494588a8,open,2.439
2026-09-23T15:30:58Z,51d4b52a-a095-1aa0-e100-80009459e03a,open,2.409
2026-09-23T15:30:58Z,695e738d-6386-4189-b454-af4a2947e89d,open,2.469
2026-09-23T15:30:58Z,03344243-1c82-4fe4-9191-9d9bc9cc4d14,open,2.469
2026-09-23T15:30:58Z,005056ba-7cb6-1ed2-bceb-8b9067120d33,open,2.459
2026-09-23T15:30:58Z,f3f3b1ad-72ef-424a-8237-96c84ef806af,open,2.429
2026-09-23T15:30:58Z,51d4b662-a095-1aa0-e100-80009459e03a,open,2.449
2026-09-23T16:01:01Z,3bc75820-2e63-4a74-92cf-ef078b21accf,open,2.449
2026-09-23T16:01:01Z,e1a15081-2513-9107-e040-0b0a3dfe563c,open,2.449
2026-09-23T16:01:01Z,6cc0da1b-3d06-4abf-a2e9-3a4f67469658,open,2.439
2026-09-23T16:01:01Z,0644af18-e91e-4f5c-b23b-ecee706482ce,open,2.429
2026-09-23T16:01:01Z,4910a275-9695-403e-bb77-bf059a03713b,open,2.429
2026-09-23T16:01:01Z,ff84eb62-9c83-4c6a-b3e3-d7dad141e8d5,open,2.449
2026-09-23T16:01:01Z,4c8cac28-e631-42aa-8206-db8f9acf8919,open,2.448
2026-09-23T16:01:01Z,515bab29-79a3-4a95-937b-3a13c7907955,open,2.409
2026-09-23T16:01:01Z,005056a9-779e-1eee-bfc4-26f2ed85158d,open,2.399
2026-09-23T16:01:01Z,51d4b52a-a095-1aa0-e100-80009459e03a,open,2.399
2026-09-23T16:01:01Z,695e738d-6386-4189-b454-af4a2947e89d,open,2.459
2026-09-23T16:01:01Z,03344243-1c82-4fe4-9191-9d9bc9cc4d14,open,2.459
2026-09-23T16:01:01Z,005056ba-7cb6-1ed2-bceb-8b9067120d33,open,2.449
2026-09-23T16:01:01Z,f3f3b1ad-72ef-424a-8237-96c84ef806af,open,2.409
2026-09-23T16:30:55Z,23cb9e76-f277-4ab3-b64b-d5d8a71eee0a,open,2.449
2026-09-23T16:30:55Z,3bc75820-2e63-4a74-92cf-ef078b21accf,open,2.429
2026-09-23T16:30:55Z,e1a15081-2513-9107-e040-0b0a3dfe563c,open,2.439
2026-09-23T16:30:55Z,4910a275-9695-403e-bb77-bf059a03713b,open,2.419
2026-09-23T16:30:55Z,77d0b269-a3f2-4a90-aebb-264d45748583,open,2.449
2026-09-23T16:30:55Z,ff84eb62-9c83-4c6a-b3e3-d7dad141e8d5,open,2.429
2026-09-23T16:30:55Z,4c8cac28-e631-42aa-8206-db8f9acf8919,open,2.438
2026-09-23T16:30:55Z,0014c75b-2b35-4fad-b162-8b3fb9125cd2,open,2.409
2026-09-23T16:30:55Z,005056a9-779e-1eee-bfc4-26f2ed85158d,open,2.389
2026-09-23T16:30:55Z,51d4b52a-a095-1aa0-e100-80009459e03a,open,2.389
2026-09-23T16:30:55Z,695e738d-6386-4189-b454-af4a2947e89d,open,2.449
2026-09-23T16:30:55Z,3d5d33e1-982e-4bd9-831c-7710f4b2bd72,open,2.409
2026-09-23T16:30:55Z,03344243-1c82-4fe4-9191-9d9bc9cc4d14,open,2.449
2026-09-23T16:30:55Z,005056ba-7cb6-1ed2-bceb-8b9067120d33,open,2.439
2026-09-23T16:30:55Z,51d4b662-a095-1aa0-e100-80009459e03a,open,2.439
2026-09-23T17:01:04Z,e1a15081-2513-9107-e040-0b0a3dfe563c,open,2.419
2026-09-23T17:01:04Z,4c8cac28-e631-42aa-8206-db8f9acf8919,open,2.418
2026-09-23T17:01:04Z,515bab29-79a3-4a95-937b-3a13c7907955,open,2.399
2026-09-23T17:01:04Z,695e738d-6386-4189-b454-af4a2947e89d,open,2.429
2026-09-23T17:01:04Z,03344243-1c82-4fe4-9191-9d9bc9cc4d14,open,2.429
2026-09-23T17:01:04Z,005056ba-7cb6-1ed2-bceb-8b9067120d33,open,2.419
2026-09-23T17:01:04Z,f3f3b1ad-72ef-424a-8237-96c84ef806af,open,2.399
2026-09-23T17:01:04Z,51d4b662-a095-1aa0-e100-80009459e03a,open,2.419
2026-09-23T17:30:54Z,23cb9e76-f277-4ab3-b64b-d5d8a71eee0a,open,2.429
2026-09-23T17:30:54Z,6cc0da1b-3d06-4abf-a2e9-3a4f67469658,open,2.429
2026-09-23T17:30:54Z,0644af18-e91e-4f5c-b23b-ecee706482ce,open,2.419
2026-09-23T17:30:54Z,77d0b269-a3f2-4a90-aebb-264d45748583,open,2.429
2026-09-23T17:30:54Z,0014c75b-2b35-4fad-b162-8b3fb9125cd2,open,2.399
2026-09-23T18:01:04Z,3bc75820-2e63-4a74-92cf-ef078b21accf,open,2.419
2026-09-23T18:01:04Z,4910a275-9695-403e-bb77-bf059a03713b,open,2.409
2026-09-23T18:22:19Z,ff84eb62-9c83-4c6a-b3e3-d7dad141e8d5,open,2.419
2026-09-23T18:30:55Z,e1a15081-2513-9107-e040-0b0a3dfe563c,open,2.409
2026-09-23T18:30:55Z,51d4b662-a095-1aa0-e100-80009459e03a,open,2.409
2026-09-23T19:01:03Z,0644af18-e91e-4f5c-b23b-ecee706482ce,closed,
2026-09-23T19:01:03Z,4c8cac28-e631-42aa-8206-db8f9acf8919,open,2.408
2026-09-23T19:01:03Z,695e738d-6386-4189-b454-af4a2947e89d,open,2.419
2026-09-23T19:01:03Z,03344243-1c82-4fe4-9191-9d9bc9cc4d14,open,2.419
2026-09-23T19:01:03Z,005056ba-7cb6-1ed2-bceb-8b9067120d33,open,2.409
2026-09-23T20:01:03Z,3bc75820-2e63-4a74-92cf-ef078b21accf,closed,
2026-09-23T20:01:03Z,e1a15081-2513-9107-e040-0b0a3dfe563c,closed,
2026-09-23T20:01:03Z,4910a275-9695-403e-bb77-bf059a03713b,closed,
2026-09-23T20:01:03Z,4c8cac28-e631-42aa-8206-db8f9acf8919,closed,
2026-09-23T20:01:03Z,515bab29-79a3-4a95-937b-3a13c7907955,closed,
2026-09-23T20:01:03Z,51d4b662-a095-1aa0-e100-80009459e03a,closed,
2026-09-23T21:00:59Z,51d4b52a-a095-1aa0-e100-80009459e03a,closed,
2026-09-23T21:00:59Z,005056ba-7cb6-1ed2-bceb-8b9067120d33,closed,
2026-09-24T03:01:01Z,4c8cac28-e631-42aa-8206-db8f9acf8919,open,2.408
2026-09-24T03:01:01Z,51d4b52a-a095-1aa0-e100-80009459e03a,open,2.389
2026-09-24T03:01:01Z,005056ba-7cb6-1ed2-bceb-8b9067120d33,open,2.409
2026-09-24T04:00:59Z,e1a15081-2513-9107-e040-0b0a3dfe563c,open,2.409
2026-09-24T04:00:59Z,0644af18-e91e-4f5c-b23b-ecee706482ce,open,2.419
2026-09-24T04:00:59Z,4910a275-9695-403e-bb77-bf059a03713b,open,2.409
2026-09-24T04:00:59Z,515bab29-79a3-4a95-937b-3a13c7907955,open,2.399
2026-09-24T04:00:59Z,51d4b662-a095-1aa0-e100-80009459e03a,open,2.409
2026-09-24T04:30:59Z,3d5d33e1-982e-4bd9-831c-7710f4b2bd72,open,2.389
2026-09-24T05:01:01Z,3bc75820-2e63-4a74-92cf-ef078b21accf,open,2.419
2026-09-24T05:30:53Z,9cc82fee-ffbf-4cf3-948a-9c5e494588a8,open,2.429
2026-09-24T06:01:04Z,6cc0da1b-3d06-4abf-a2e9-3a4f67469658,open,2.419
2026-09-24T06:01:04Z,77d0b269-a3f2-4a90-aebb-264d45748583,open,2.419
2026-09-24T06:30:53Z,0644af18-e91e-4f5c-b23b-ecee706482ce,open,2.409
2026-09-24T07:01:04Z,23cb9e76-f277-4ab3-b64b-d5d8a71eee0a,open,2.419
2026-09-24T07:01:04Z,3bc75820-2e63-4a74-92cf-ef078b21accf,open,2.409
2026-09-24T07:01:04Z,4910a275-9695-403e-bb77-bf059a03713b,open,2.399
2026-09-24T07:01:04Z,ff84eb62-9c83-4c6a-b3e3-d7dad141e8d5,open,2.409
2026-09-24T07:01:04Z,51d4b662-a095-1aa0-e100-80009459e03a,open,2.399
2026-09-24T07:30:54Z,23cb9e76-f277-4ab3-b64b-d5d8a71eee0a,open,2.409
2026-09-24T07:30:54Z,e1a15081-2513-9107-e040-0b0a3dfe563c,open,2.399
2026-09-24T07:30:54Z,4c8cac28-e631-42aa-8206-db8f9acf8919,open,2.398
2026-09-24T07:30:54Z,695e738d-6386-4189-b454-af4a2947e89d,open,2.409
2026-09-24T07:30:54Z,03344243-1c82-4fe4-9191-9d9bc9cc4d14,open,2.409
2026-09-24T07:30:54Z,005056ba-7cb6-1ed2-bceb-8b9067120d33,open,2.399
2026-09-24T08:01:39Z,51d4b52a-a095-1aa0-e100-80009459e03a,open,2.379
2026-09-24T08:30:53Z,0014c75b-2b35-4fad-b162-8b3fb9125cd2,open,2.389
2026-09-24T08:30:53Z,515bab29-79a3-4a95-937b-3a13c7907955,open,2.389
2026-09-24T08:30:53Z,005056a9-779e-1eee-bfc4-26f2ed85158d,open,2.379
2026-09-24T08:30:53Z,51d4b52a-a095-1aa0-e100-80009459e03a,open,2.369
2026-09-24T08:30:53Z,3d5d33e1-982e-4bd9-831c-7710f4b2bd72,open,2.379
2026-09-24T08:30:53Z,f3f3b1ad-72ef-424a-8237-96c84ef806af,open,2.389
2026-09-24T09:01:08Z,0644af18-e91e-4f5c-b23b-ecee706482ce,open,2.399
2026-09-24T09:01:08Z,4910a275-9695-403e-bb77-bf059a03713b,open,2.389
2026-09-24T09:01:08Z,9cc82fee-ffbf-4cf3-948a-9c5e494588a8,open,2.409
2026-09-24T09:01:08Z,515bab29-79a3-4a95-937b-3a13c7907955,open,2.379
2026-09-24T09:01:08Z,005056a9-779e-1eee-bfc4-26f2ed85158d,open,2.369
2026-09-24T09:01:08Z,3d5d33e1-982e-4bd9-831c-7710f4b2bd72,open,2.369
2026-09-24T09:01:08Z,f3f3b1ad-72ef-424a-8237-96c84ef806af,open,2.379
2026-09-24T09:30:53Z,3bc75820-2e63-4a74-92cf-ef078b21accf,open,2.399
2026-09-24T09:30:53Z,6cc0da1b-3d06-4abf-a2e9-3a4f67469658,open,2.409
2026-09-24T09:30:53Z,ff84eb62-9c83-4c6a-b3e3-d7dad141e8d5,open,2.399
2026-09-24T10:01:04Z,e1a15081-2513-9107-e040-0b0a3dfe563c,open,2.389
2026-09-24T10:01:04Z,51d4b662-a095-1aa0-e100-80009459e03a,open,2.389
2026-09-24T10:30:52Z,23cb9e76-f277-4ab3-b64b-d5d8a71eee0a,open,2.589
2026-09-24T10:30:52Z,3bc75820-2e63-4a74-92cf-ef078b21accf,open,2.619
2026-09-24T10:30:52Z,e1a15081-2513-9107-e040-0b0a3dfe563c,open,2.579
2026-09-24T10:30:52Z,6cc0da1b-3d06-4abf-a2e9-3a4f67469658,open,2.589
2026-09-24T10:30:52Z,0644af18-e91e-4f5c-b23b-ecee706482ce,open,2.589
2026-09-24T10:30:52Z,4910a275-9695-403e-bb77-bf059a03713b,open,2.589
2026-09-24T10:30:52Z,77d0b269-a3f2-4a90-aebb-264d45748583,open,2.589
2026-09-24T10:30:52Z,ff84eb62-9c83-4c6a-b3e3-d7dad141e8d5,open,2.629
2026-09-24T10:30:52Z,4c8cac28-e631-42aa-8206-db8f9acf8919,open,2.748
2026-09-24T10:30:52Z,0014c75b-2b35-4fad-b162-8b3fb9125cd2,open,2.589
2026-09-24T10:30:52Z,9cc82fee-ffbf-4cf3-948a-9c5e494588a8,open,2.609
2026-09-24T10:30:52Z,515bab29-79a3-4a95-937b-3a13c7907955,open,2.619
2026-09-24T10:30:52Z,005056a9-779e-1eee-bfc4-26f2ed85158d,open,2.579
2026-09-24T10:30:52Z,51d4b52a-a095-1aa0-e100-80009459e03a,open,2.589
2026-09-24T10:30:52Z,695e738d-6386-4189-b454-af4a2947e89d,open,2.589
2026-09-24T10:30:52Z,3d5d33e1-982e-4bd9-831c-7710f4b2bd72,open,2.589
2026-09-24T10:30:52Z,03344243-1c82-4fe4-9191-9d9bc9cc4d14,open,2.619
2026-09-24T10:30:52Z,005056ba-7cb6-1ed2-bceb-8b9067120d33,open,2.529
2026-09-24T10:30:52Z,f3f3b1ad-72ef-424a-8237-96c84ef806af,open,2.629
2026-09-24T10:30:52Z,51d4b662-a095-1aa0-e100-80009459e03a,open,2.579
2026-09-24T11:01:03Z,3bc75820-2e63-4a74-92cf-ef078b21accf,open,2.539
2026-09-24T11:01:03Z,e1a15081-2513-9107-e040-0b0a3dfe563c,open,2.529
2026-09-24T11:01:03Z,0644af18-e91e-4f5c-b23b-ecee706482ce,open,2.579
2026-09-24T11:01:03Z,4910a275-9695-403e-bb77-bf059a03713b,open,2.529
2026-09-24T11:01:03Z,4c8cac28-e631-42aa-8206-db8f9acf8919,open,2.528
2026-09-24T11:01:03Z,9cc82fee-ffbf-4cf3-948a-9c5e494588a8,open,2.599
2026-09-24T11:01:03Z,515bab29-79a3-4a95-937b-3a13c7907955,open,2.589
2026-09-24T11:01:03Z,51d4b52a-a095-1aa0-e100-80009459e03a,open,2.579
2026-09-24T11:01:03Z,3d5d33e1-982e-4bd9-831c-7710f4b2bd72,open,2.579
2026-09-24T11:01:03Z,03344243-1c82-4fe4-9191-9d9bc9cc4d14,open,2.529
2026-09-24T11:01:03Z,51d4b662-a095-1aa0-e100-80009459e03a,open,2.529
2026-09-24T11:30:54Z,23cb9e76-f277-4ab3-b64b-d5d8a71eee0a,open,2.539
2026-09-24T11:30:54Z,e1a15081-2513-9107-e040-0b0a3dfe563c,open,2.519
2026-09-24T11:30:54Z,0644af18-e91e-4f5c-b23b-ecee706482ce,open,2.569
2026-09-24T11:30:54Z,4910a275-9695-403e-bb77-bf059a03713b,open,2.519
2026-09-24T11:30:54Z,77d0b269-a3f2-4a90-aebb-264d45748583,open,2.549
2026-09-24T11:30:54Z,ff84eb62-9c83-4c6a-b3e3-d7dad141e8d5,open,2.589
2026-09-24T11:30:54Z,4c8cac28-e631-42aa-8206-db8f9acf8919,open,2.518
2026-09-24T11:30:54Z,9cc82fee-ffbf-4cf3-948a-9c5e494588a8,open,2.579
2026-09-24T11:30:54Z,51d4b52a-a095-1aa0-e100-80009459e03a,open,2.519
2026-09-24T11:30:54Z,695e738d-6386-4189-b454-af4a2947e89d,open,2.529
2026-09-24T11:30:54Z,005056ba-7cb6-1ed2-bceb-8b9067120d33,open,2.519
2026-09-24T11:30:54Z,f3f3b1ad-72ef-424a-8237-96c84ef806af,open,2.589
2026-09-24T11:30:54Z,51d4b662-a095-1aa0-e100-80009459e03a,open,2.519
2026-09-24T11:38:15Z,23cb9e76-f277-4ab3-b64b-d5d8a71eee0a,open,2.529
2026-09-24T11:38:15Z,0014c75b-2b35-4fad-b162-8b3fb9125cd2,open,2.529
2026-09-24T11:38:15Z,515bab29-79a3-4a95-937b-3a13c7907955,open,2.529
2026-09-24T11:38:15Z,005056a9-779e-1eee-bfc4-26f2ed85158d,open,2.519
2026-09-24T11:38:15Z,3d5d33e1-982e-4bd9-831c-7710f4b2bd72,open,2.519
2026-09-24T12:01:08Z,3bc75820-2e63-4a74-92cf-ef078b21accf,open,2.529
2026-09-24T12:01:08Z,6cc0da1b-3d06-4abf-a2e9-3a4f67469658,open,2.549
2026-09-24T12:01:08Z,0644af18-e91e-4f5c-b23b-ecee706482ce,open,2.539
2026-09-24T12:01:08Z,77d0b269-a3f2-4a90-aebb-264d45748583,open,2.529
2026-09-24T12:01:08Z,ff84eb62-9c83-4c6a-b3e3-d7dad141e8d5,open,2.529
2026-09-24T12:01:08Z,9cc82fee-ffbf-4cf3-948a-9c5e494588a8,open,2.549
2026-09-24T12:01:08Z,51d4b52a-a095-1aa0-e100-80009459e03a,open,2.509
2026-09-24T12:01:08Z,f3f3b1ad-72ef-424a-8237-96c84ef806af,open,2.549
2026-09-24T12:30:52Z,3bc75820-2e63-4a74-92cf-ef078b21accf,open,2.509
2026-09-24T12:30:52Z,e1a15081-2513-9107-e040-0b0a3dfe563c,open,2.499
2026-09-24T12:30:52Z,6cc0da1b-3d06-4abf-a2e9-3a4f67469658,open,2.529
2026-09-24T12:30:52Z,0644af18-e91e-4f5c-b23b-ecee706482ce,open,2.519
2026-09-24T12:30:52Z,4910a275-9695-403e-bb77-bf059a03713b,open,2.499
2026-09-24T12:30:52Z,4c8cac28-e631-42aa-8206-db8f9acf8919,open,2.498
2026-09-24T12:30:52Z,0014c75b-2b35-4fad-b162-8b3fb9125cd2,open,2.519
2026-09-24T12:30:52Z,9cc82fee-ffbf-4cf3-948a-9c5e494588a8,open,2.519
2026-09-24T12:30:52Z,515bab29-79a3-4a95-937b-3a13c7907955,open,2.519
2026-09-24T12:30:52Z,005056a9-779e-1eee-bfc4-26f2ed85158d,open,2.509
2026-09-24T12:30:52Z,51d4b52a-a095-1aa0-e100-80009459e03a,open,2.479
2026-09-24T12:30:52Z,3d5d33e1-982e-4bd9-831c-7710f4b2bd72,open,2.509
2026-09-24T12:30:52Z,03344243-1c82-4fe4-9191-9d9bc9cc4d14,open,2.499
2026-09-24T12:30:52Z,005056ba-7cb6-1ed2-bceb-8b9067120d33,open,2.499
2026-09-24T12:30:52Z,f3f3b1ad-72ef-424a-8237-96c84ef806af,open,2.519
2026-09-24T12:30:52Z,51d4b662-a095-1aa0-e100-80009459e03a,open,2.499
2026-09-24T13:01:07Z,23cb9e76-f277-4ab3-b64b-d5d8a71eee0a,open,2.509
2026-09-24T13:01:07Z,e1a15081-2513-9107-e040-0b0a3dfe563c,open,2.489
2026-09-24T13:01:07Z,6cc0da1b-3d06-4abf-a2e9-3a4f67469658,open,2.519
2026-09-24T13:01:07Z,0644af18-e91e-4f5c-b23b-ecee706482ce,open,2.509
2026-09-24T13:01:07Z,4910a275-9695-403e-bb77-bf059a03713b,open,2.489
2026-09-24T13:01:07Z,77d0b269-a3f2-4a90-aebb-264d45748583,open,2.519
2026-09-24T13:01:07Z,ff84eb62-9c83-4c6a-b3e3-d7dad141e8d5,open,2.499
2026-09-24T13:01:07Z,4c8cac28-e631-42aa-8206-db8f9acf8919,open,2.488
2026-09-24T13:01:07Z,0014c75b-2b35-4fad-b162-8b3fb9125cd2,open,2.489
2026-09-24T13:01:07Z,515bab29-79a3-4a95-937b-3a13c7907955,open,2.489
2026-09-24T13:01:07Z,005056a9-779e-1eee-bfc4-26f2ed85158d,open,2.479
2026-09-24T13:01:07Z,695e738d-6386-4189-b454-af4a2947e89d,open,2.499
2026-09-24T13:01:07Z,3d5d33e1-982e-4bd9-831c-7710f4b2bd72,open,2.479
2026-09-24T13:01:07Z,005056ba-7cb6-1ed2-bceb-8b9067120d33,open,2.489
2026-09-24T13:01:07Z,f3f3b1ad-72ef-424a-8237-96c84ef806af,open,2.489
2026-09-24T13:01:07Z,51d4b662-a095-1aa0-e100-80009459e03a,open,2.489
2026-09-24T13:30:52Z,23cb9e76-f277-4ab3-b64b-d5d8a71eee0a,open,2.499
2026-09-24T13:30:52Z,3bc75820-2e63-4a74-92cf-ef078b21accf,open,2.499
2026-09-24T13:30:52Z,6cc0da1b-3d06-4abf-a2e9-3a4f67469658,open,2.499
2026-09-24T13:30:52Z,0644af18-e91e-4f5c-b23b-ecee706482ce,open,2.489
2026-09-24T13:30:52Z,4910a275-9695-403e-bb77-bf059a03713b,open,2.479
2026-09-24T13:30:52Z,77d0b269-a3f2-4a90-aebb-264d45748583,open,2.499
2026-09-24T13:30:52Z,9cc82fee-ffbf-4cf3-948a-9c5e494588a8,open,2.489
2026-09-24T13:30:52Z,515bab29-79a3-4a95-937b-3a13c7907955,open,2.479
2026-09-24T13:30:52Z,005056a9-779e-1eee-bfc4-26f2ed85158d,open,2.469
2026-09-24T13:30:52Z,51d4b52a-a095-1aa0-e100-80009459e03a,open,2.469
2026-09-24T13:30:52Z,3d5d33e1-982e-4bd9-831c-7710f4b2bd72,open,2.469
